scons: Reading SConscript files ...
Mkdir("/home/sdc/gem5-fi-ding/CHAOS/gem5/build/ARM/gem5.build")
Checking for linker -Wl,--as-needed support... (cached) yes
Checking for compiler -gz support... (cached) yes
Checking for linker -gz support... (cached) yes
Info: Using Python config: python3-config
Checking for C header file Python.h... (cached) yes
Checking Python version... (cached) 3.11.6
Checking for accept(0,0,0) in C++ library None... (cached) yes
Checking for zlibVersion() in C++ library z... (cached) yes
Checking for C library tcmalloc_minimal... (cached) yes
Building in /home/sdc/gem5-fi-ding/CHAOS/gem5/build/ARM
"build_tools/kconfig_base.py" "/home/sdc/gem5-fi-ding/CHAOS/gem5/build/ARM/gem5.build/Kconfig" "/home/sdc/gem5-fi-ding/CHAOS/gem5/src/Kconfig"
Checking for C header file capstone/capstone.h... (cached) no
Warning: Header file <capstone/capstone.h> not found.
         This host has no capstone library installed.
Checking for C header file linux/kvm.h... (cached) yes
Checking for timer_create(CLOCK_MONOTONIC, NULL, NULL) in C library None... (cached) yes
Checking for member exclude_host in struct perf_event_attr...(cached) yes
Checking for shm_open("/test", 0, 0) in C library None... (cached) yes
Checking for C header file fenv.h... (cached) yes
Checking for C header file png.h... (cached) no
Warning: Header file <png.h> not found.
         This host has no libpng library.
         Disabling support for PNG framebuffers.
Checking for clock_nanosleep(0,0,NULL,NULL) in C library None... (cached) yes
Checking for C header file valgrind/valgrind.h... (cached) yes
Checking for pkg-config package hdf5-serial... (cached) no
Checking for pkg-config package hdf5... (cached) no
Checking for H5Fcreate("", 0, 0, 0) in C library hdf5... (cached) no
Warning: Couldn't find HDF5 C++ libraries. Disabling HDF5 support.
Checking for pkg-config package protobuf... (cached) yes
Checking for C header file linux/if_tun.h... (cached) yes
Checking for backtrace_symbols_fd((void *)1, 0, 0) in C library None... (cached) yes
Checking whether __i386__ is declared... (cached) no
Checking whether __x86_64__ is declared... (cached) no
Warning: Unrecognized architecture for systemc.
BUILD_TLM not set, not building CHI-TLM integration

Checking for compiler -Wno-self-assign-overloaded support... (cached) yes
Checking for linker -Wno-free-nonheap-object support... (cached) yes
scons: done reading SConscript files.
scons: Building targets ...
 [EMBED PY] src/CHAOSReg/CHAOSReg.py -> ARM/CHAOSReg/CHAOSReg.py.cc
 [EMBED PY] src/cpu/FuncUnit.py -> ARM/cpu/FuncUnit.py.cc
 [EMBED PY] src/cpu/StaticInstFlags.py -> ARM/cpu/StaticInstFlags.py.cc
 [EMBED PY] src/cpu/InstPBTrace.py -> ARM/cpu/InstPBTrace.py.cc
 [EMBED PY] src/cpu/BaseCPU.py -> ARM/cpu/BaseCPU.py.cc
 [EMBED PY] src/cpu/CpuCluster.py -> ARM/cpu/CpuCluster.py.cc
 [EMBED PY] src/cpu/CPUTracers.py -> ARM/cpu/CPUTracers.py.cc
 [EMBED PY] src/cpu/TimingExpr.py -> ARM/cpu/TimingExpr.py.cc
 [     CXX] ARM/CHAOSReg/CHAOSReg.py.cc -> .o
 [     CXX] ARM/cpu/StaticInstFlags.py.cc -> .pyo
 [     CXX] ARM/cpu/FuncUnit.py.cc -> .pyo
 [     CXX] ARM/cpu/CpuCluster.py.cc -> .pyo
 [     CXX] ARM/cpu/InstPBTrace.py.cc -> .pyo
 [     CXX] ARM/cpu/TimingExpr.py.cc -> .pyo
 [     CXX] ARM/cpu/CPUTracers.py.cc -> .pyo
 [     CXX] ARM/cpu/BaseCPU.py.cc -> .pyo
 [     CXX] ARM/CHAOSReg/CHAOSReg.py.cc -> .pyo
 [EMBED PY] src/cpu/DummyChecker.py -> ARM/cpu/DummyChecker.py.cc
 [EMBED PY] src/cpu/probes/PcCountTracker.py -> ARM/cpu/probes/PcCountTracker.py.cc
 [     CXX] ARM/cpu/DummyChecker.py.cc -> .pyo
 [     CXX] ARM/cpu/probes/PcCountTracker.py.cc -> .pyo
 [EMBED PY] src/cpu/probes/InstTracker.py -> ARM/cpu/probes/InstTracker.py.cc
 [EMBED PY] src/cpu/trace/TraceCPU.py -> ARM/cpu/trace/TraceCPU.py.cc
 [     CXX] ARM/cpu/probes/InstTracker.py.cc -> .pyo
 [     CXX] ARM/cpu/trace/TraceCPU.py.cc -> .pyo
 [EMBED PY] src/cpu/checker/CheckerCPU.py -> ARM/cpu/checker/CheckerCPU.py.cc
 [EMBED PY] src/cpu/kvm/KvmVM.py -> ARM/cpu/kvm/KvmVM.py.cc
 [     CXX] ARM/cpu/checker/CheckerCPU.py.cc -> .pyo
 [     CXX] ARM/cpu/kvm/KvmVM.py.cc -> .pyo
 [EMBED PY] src/cpu/kvm/BaseKvmCPU.py -> ARM/cpu/kvm/BaseKvmCPU.py.cc
 [     CXX] ARM/cpu/kvm/BaseKvmCPU.py.cc -> .pyo
 [EMBED PY] src/cpu/o3/FUPool.py -> ARM/cpu/o3/FUPool.py.cc
 [     CXX] ARM/cpu/o3/FUPool.py.cc -> .pyo
 [EMBED PY] src/cpu/o3/FuncUnitConfig.py -> ARM/cpu/o3/FuncUnitConfig.py.cc
 [EMBED PY] src/cpu/o3/BaseO3CPU.py -> ARM/cpu/o3/BaseO3CPU.py.cc
 [     CXX] ARM/cpu/o3/FuncUnitConfig.py.cc -> .pyo
 [     CXX] ARM/cpu/o3/BaseO3CPU.py.cc -> .pyo
 [EMBED PY] src/cpu/o3/IQUnit.py -> ARM/cpu/o3/IQUnit.py.cc
 [     CXX] ARM/cpu/o3/IQUnit.py.cc -> .pyo
 [EMBED PY] src/cpu/o3/SMT.py -> ARM/cpu/o3/SMT.py.cc
 [     CXX] ARM/cpu/o3/SMT.py.cc -> .pyo
 [EMBED PY] src/cpu/o3/BaseO3Checker.py -> ARM/cpu/o3/BaseO3Checker.py.cc
 [EMBED PY] src/cpu/o3/O3CPU.py -> ARM/cpu/o3/O3CPU.py.cc
 [     CXX] ARM/cpu/o3/BaseO3Checker.py.cc -> .pyo
 [     CXX] ARM/cpu/o3/O3CPU.py.cc -> .pyo
 [EMBED PY] src/cpu/o3/O3Checker.py -> ARM/cpu/o3/O3Checker.py.cc
 [EMBED PY] src/cpu/o3/CHAOSCommitTrace/CHAOSCommitTrace.py -> ARM/cpu/o3/CHAOSCommitTrace/CHAOSCommitTrace.py.cc
 [     CXX] ARM/cpu/o3/O3Checker.py.cc -> .pyo
 [     CXX] ARM/cpu/o3/CHAOSCommitTrace/CHAOSCommitTrace.py.cc -> .pyo
 [EMBED PY] src/cpu/o3/CHAOSAddrPath/CHAOSAddrPath.py -> ARM/cpu/o3/CHAOSAddrPath/CHAOSAddrPath.py.cc
 [     CXX] ARM/cpu/o3/CHAOSAddrPath/CHAOSAddrPath.py.cc -> .pyo
 [EMBED PY] src/cpu/o3/CHAOSDecode/CHAOSDecode.py -> ARM/cpu/o3/CHAOSDecode/CHAOSDecode.py.cc
 [     CXX] ARM/cpu/o3/CHAOSDecode/CHAOSDecode.py.cc -> .pyo
 [EMBED PY] src/cpu/o3/CHAOSMicroSnap/CHAOSMicroSnap.py -> ARM/cpu/o3/CHAOSMicroSnap/CHAOSMicroSnap.py.cc
 [     CXX] ARM/cpu/o3/CHAOSMicroSnap/CHAOSMicroSnap.py.cc -> .pyo
 [EMBED PY] src/cpu/o3/CHAOSFreeList/CHAOSFreeList.py -> ARM/cpu/o3/CHAOSFreeList/CHAOSFreeList.py.cc
 [     CXX] ARM/cpu/o3/CHAOSFreeList/CHAOSFreeList.py.cc -> .pyo
 [EMBED PY] src/cpu/o3/CHAOSLSQFwd/CHAOSLSQFwd.py -> ARM/cpu/o3/CHAOSLSQFwd/CHAOSLSQFwd.py.cc
 [     CXX] ARM/cpu/o3/CHAOSLSQFwd/CHAOSLSQFwd.py.cc -> .pyo
 [EMBED PY] src/cpu/o3/CHAOSRAS/CHAOSRAS.py -> ARM/cpu/o3/CHAOSRAS/CHAOSRAS.py.cc
 [     CXX] ARM/cpu/o3/CHAOSRAS/CHAOSRAS.py.cc -> .pyo
 [EMBED PY] src/cpu/o3/CHAOSPhysReg/CHAOSPhysReg.py -> ARM/cpu/o3/CHAOSPhysReg/CHAOSPhysReg.py.cc
 [     CXX] ARM/cpu/o3/CHAOSPhysReg/CHAOSPhysReg.py.cc -> .pyo
 [EMBED PY] src/cpu/o3/CHAOSL1DForward/CHAOSL1DForward.py -> ARM/cpu/o3/CHAOSL1DForward/CHAOSL1DForward.py.cc
 [EMBED PY] src/cpu/o3/CHAOSProbe/CHAOSProbe.py -> ARM/cpu/o3/CHAOSProbe/CHAOSProbe.py.cc
 [     CXX] ARM/cpu/o3/CHAOSL1DForward/CHAOSL1DForward.py.cc -> .pyo
 [     CXX] ARM/cpu/o3/CHAOSProbe/CHAOSProbe.py.cc -> .pyo
 [EMBED PY] src/cpu/o3/CHAOSBPU/CHAOSBPU.py -> ARM/cpu/o3/CHAOSBPU/CHAOSBPU.py.cc
 [     CXX] ARM/cpu/o3/CHAOSBPU/CHAOSBPU.py.cc -> .pyo
 [EMBED PY] src/cpu/o3/CHAOSExec/CHAOSExec.py -> ARM/cpu/o3/CHAOSExec/CHAOSExec.py.cc
 [EMBED PY] src/cpu/o3/CHAOSRenameMap/CHAOSRenameMap.py -> ARM/cpu/o3/CHAOSRenameMap/CHAOSRenameMap.py.cc
 [     CXX] ARM/cpu/o3/CHAOSExec/CHAOSExec.py.cc -> .pyo
 [     CXX] ARM/cpu/o3/CHAOSRenameMap/CHAOSRenameMap.py.cc -> .pyo
 [EMBED PY] src/cpu/o3/CHAOSIQ/CHAOSIQ.py -> ARM/cpu/o3/CHAOSIQ/CHAOSIQ.py.cc
 [     CXX] ARM/cpu/o3/CHAOSIQ/CHAOSIQ.py.cc -> .pyo
 [EMBED PY] src/cpu/o3/CHAOSROB/CHAOSROB.py -> ARM/cpu/o3/CHAOSROB/CHAOSROB.py.cc
 [     CXX] ARM/cpu/o3/CHAOSROB/CHAOSROB.py.cc -> .pyo
 [EMBED PY] src/cpu/o3/CHAOSFPU/CHAOSFPU.py -> ARM/cpu/o3/CHAOSFPU/CHAOSFPU.py.cc
 [     CXX] ARM/cpu/o3/CHAOSFPU/CHAOSFPU.py.cc -> .pyo
 [EMBED PY] src/cpu/o3/probe/SimpleTrace.py -> ARM/cpu/o3/probe/SimpleTrace.py.cc
 [     CXX] ARM/cpu/o3/probe/SimpleTrace.py.cc -> .pyo
 [EMBED PY] src/cpu/o3/probe/ElasticTrace.py -> ARM/cpu/o3/probe/ElasticTrace.py.cc
 [EMBED PY] src/cpu/simple/BaseAtomicSimpleCPU.py -> ARM/cpu/simple/BaseAtomicSimpleCPU.py.cc
 [     CXX] ARM/cpu/simple/BaseAtomicSimpleCPU.py.cc -> .pyo
 [     CXX] ARM/cpu/o3/probe/ElasticTrace.py.cc -> .pyo
 [EMBED PY] src/cpu/simple/BaseNonCachingSimpleCPU.py -> ARM/cpu/simple/BaseNonCachingSimpleCPU.py.cc
 [     CXX] ARM/cpu/simple/BaseNonCachingSimpleCPU.py.cc -> .pyo
 [EMBED PY] src/cpu/simple/BaseTimingSimpleCPU.py -> ARM/cpu/simple/BaseTimingSimpleCPU.py.cc
 [     CXX] ARM/cpu/simple/BaseTimingSimpleCPU.py.cc -> .pyo
 [EMBED PY] src/cpu/simple/BaseSimpleCPU.py -> ARM/cpu/simple/BaseSimpleCPU.py.cc
 [     CXX] ARM/cpu/simple/BaseSimpleCPU.py.cc -> .pyo
 [EMBED PY] src/cpu/simple/AtomicSimpleCPU.py -> ARM/cpu/simple/AtomicSimpleCPU.py.cc
 [     CXX] ARM/cpu/simple/AtomicSimpleCPU.py.cc -> .pyo
 [EMBED PY] src/cpu/simple/NonCachingSimpleCPU.py -> ARM/cpu/simple/NonCachingSimpleCPU.py.cc
 [     CXX] ARM/cpu/simple/NonCachingSimpleCPU.py.cc -> .pyo
 [EMBED PY] src/cpu/simple/TimingSimpleCPU.py -> ARM/cpu/simple/TimingSimpleCPU.py.cc
 [     CXX] ARM/cpu/simple/TimingSimpleCPU.py.cc -> .pyo
 [EMBED PY] src/cpu/simple/probes/SimPoint.py -> ARM/cpu/simple/probes/SimPoint.py.cc
 [     CXX] ARM/cpu/simple/probes/SimPoint.py.cc -> .pyo
 [EMBED PY] src/cpu/simple/probes/LooppointAnalysis.py -> ARM/cpu/simple/probes/LooppointAnalysis.py.cc
 [     CXX] ARM/cpu/simple/probes/LooppointAnalysis.py.cc -> .pyo
 [EMBED PY] src/cpu/pred/BranchPredictor.py -> ARM/cpu/pred/BranchPredictor.py.cc
 [     CXX] ARM/cpu/pred/BranchPredictor.py.cc -> .pyo
 [EMBED PY] src/cpu/minor/BaseMinorCPU.py -> ARM/cpu/minor/BaseMinorCPU.py.cc
 [     CXX] ARM/cpu/minor/BaseMinorCPU.py.cc -> .pyo
 [EMBED PY] src/cpu/minor/MinorCPU.py -> ARM/cpu/minor/MinorCPU.py.cc
 [     CXX] ARM/cpu/minor/MinorCPU.py.cc -> .pyo
 [EMBED PY] src/cpu/testers/memtest/MemTest.py -> ARM/cpu/testers/memtest/MemTest.py.cc
 [     CXX] ARM/cpu/testers/memtest/MemTest.py.cc -> .pyo
 [EMBED PY] src/cpu/testers/rubytest/RubyTester.py -> ARM/cpu/testers/rubytest/RubyTester.py.cc
 [     CXX] ARM/cpu/testers/rubytest/RubyTester.py.cc -> .pyo
 [EMBED PY] src/cpu/testers/spatter_gen/SpatterGen.py -> ARM/cpu/testers/spatter_gen/SpatterGen.py.cc
 [     CXX] ARM/cpu/testers/spatter_gen/SpatterGen.py.cc -> .pyo
 [EMBED PY] src/cpu/testers/directedtest/RubyDirectedTester.py -> ARM/cpu/testers/directedtest/RubyDirectedTester.py.cc
 [EMBED PY] src/cpu/testers/traffic_gen/BaseTrafficGen.py -> ARM/cpu/testers/traffic_gen/BaseTrafficGen.py.cc
 [     CXX] ARM/cpu/testers/directedtest/RubyDirectedTester.py.cc -> .pyo
 [     CXX] ARM/cpu/testers/traffic_gen/BaseTrafficGen.py.cc -> .pyo
 [EMBED PY] src/cpu/testers/traffic_gen/GUPSGen.py -> ARM/cpu/testers/traffic_gen/GUPSGen.py.cc
 [     CXX] ARM/cpu/testers/traffic_gen/GUPSGen.py.cc -> .pyo
 [EMBED PY] src/cpu/testers/traffic_gen/PyTrafficGen.py -> ARM/cpu/testers/traffic_gen/PyTrafficGen.py.cc
 [     CXX] ARM/cpu/testers/traffic_gen/PyTrafficGen.py.cc -> .pyo
 [EMBED PY] src/cpu/testers/traffic_gen/TrafficGen.py -> ARM/cpu/testers/traffic_gen/TrafficGen.py.cc
 [     CXX] ARM/cpu/testers/traffic_gen/TrafficGen.py.cc -> .pyo
 [EMBED PY] src/cpu/testers/garnet_synthetic_traffic/GarnetSyntheticTraffic.py -> ARM/cpu/testers/garnet_synthetic_traffic/GarnetSyntheticTraffic.py.cc
 [     CXX] ARM/cpu/testers/garnet_synthetic_traffic/GarnetSyntheticTraffic.py.cc -> .pyo
 [EMBED PY] src/mem/CommMonitor.py -> ARM/mem/CommMonitor.py.cc
 [     CXX] ARM/mem/CommMonitor.py.cc -> .pyo
 [EMBED PY] src/mem/AbstractMemory.py -> ARM/mem/AbstractMemory.py.cc
 [     CXX] ARM/mem/AbstractMemory.py.cc -> .pyo
 [EMBED PY] src/mem/AddrMapper.py -> ARM/mem/AddrMapper.py.cc
 [     CXX] ARM/mem/AddrMapper.py.cc -> .pyo
 [EMBED PY] src/mem/Bridge.py -> ARM/mem/Bridge.py.cc
 [     CXX] ARM/mem/Bridge.py.cc -> .pyo
 [EMBED PY] src/mem/SysBridge.py -> ARM/mem/SysBridge.py.cc
 [     CXX] ARM/mem/SysBridge.py.cc -> .pyo
 [EMBED PY] src/mem/MemCtrl.py -> ARM/mem/MemCtrl.py.cc
 [     CXX] ARM/mem/MemCtrl.py.cc -> .pyo
 [EMBED PY] src/mem/HeteroMemCtrl.py -> ARM/mem/HeteroMemCtrl.py.cc
 [     CXX] ARM/mem/HeteroMemCtrl.py.cc -> .pyo
 [EMBED PY] src/mem/HBMCtrl.py -> ARM/mem/HBMCtrl.py.cc
 [     CXX] ARM/mem/HBMCtrl.py.cc -> .pyo
 [EMBED PY] src/mem/MemInterface.py -> ARM/mem/MemInterface.py.cc
 [     CXX] ARM/mem/MemInterface.py.cc -> .pyo
 [EMBED PY] src/mem/DRAMInterface.py -> ARM/mem/DRAMInterface.py.cc
 [     CXX] ARM/mem/DRAMInterface.py.cc -> .pyo
 [EMBED PY] src/mem/NVMInterface.py -> ARM/mem/NVMInterface.py.cc
 [     CXX] ARM/mem/NVMInterface.py.cc -> .pyo
 [EMBED PY] src/mem/ExternalMaster.py -> ARM/mem/ExternalMaster.py.cc
 [     CXX] ARM/mem/ExternalMaster.py.cc -> .pyo
 [EMBED PY] src/mem/ExternalSlave.py -> ARM/mem/ExternalSlave.py.cc
 [     CXX] ARM/mem/ExternalSlave.py.cc -> .pyo
 [EMBED PY] src/mem/CfiMemory.py -> ARM/mem/CfiMemory.py.cc
 [     CXX] ARM/mem/CfiMemory.py.cc -> .pyo
 [EMBED PY] src/mem/SharedMemoryServer.py -> ARM/mem/SharedMemoryServer.py.cc
 [     CXX] ARM/mem/SharedMemoryServer.py.cc -> .pyo
 [EMBED PY] src/mem/SimpleMemory.py -> ARM/mem/SimpleMemory.py.cc
 [     CXX] ARM/mem/SimpleMemory.py.cc -> .pyo
 [EMBED PY] src/mem/XBar.py -> ARM/mem/XBar.py.cc
 [     CXX] ARM/mem/XBar.py.cc -> .pyo
 [EMBED PY] src/mem/HMCController.py -> ARM/mem/HMCController.py.cc
 [     CXX] ARM/mem/HMCController.py.cc -> .pyo
 [EMBED PY] src/mem/SerialLink.py -> ARM/mem/SerialLink.py.cc
 [     CXX] ARM/mem/SerialLink.py.cc -> .pyo
 [EMBED PY] src/mem/MemDelay.py -> ARM/mem/MemDelay.py.cc
 [EMBED PY] src/mem/PortTerminator.py -> ARM/mem/PortTerminator.py.cc
 [     CXX] ARM/mem/MemDelay.py.cc -> .pyo
 [     CXX] ARM/mem/PortTerminator.py.cc -> .pyo
 [EMBED PY] src/mem/ThreadBridge.py -> ARM/mem/ThreadBridge.py.cc
 [     CXX] ARM/mem/ThreadBridge.py.cc -> .pyo
 [EMBED PY] src/mem/MemChecker.py -> ARM/mem/MemChecker.py.cc
 [     CXX] ARM/mem/MemChecker.py.cc -> .pyo
 [EMBED PY] src/mem/probes/BaseMemProbe.py -> ARM/mem/probes/BaseMemProbe.py.cc
 [     CXX] ARM/mem/probes/BaseMemProbe.py.cc -> .pyo
 [EMBED PY] src/mem/probes/StackDistProbe.py -> ARM/mem/probes/StackDistProbe.py.cc
 [     CXX] ARM/mem/probes/StackDistProbe.py.cc -> .pyo
 [EMBED PY] src/mem/probes/MemFootprintProbe.py -> ARM/mem/probes/MemFootprintProbe.py.cc
 [     CXX] ARM/mem/probes/MemFootprintProbe.py.cc -> .pyo
 [EMBED PY] src/mem/probes/MemTraceProbe.py -> ARM/mem/probes/MemTraceProbe.py.cc
 [     CXX] ARM/mem/probes/MemTraceProbe.py.cc -> .pyo
 [EMBED PY] src/mem/cache/Cache.py -> ARM/mem/cache/Cache.py.cc
 [     CXX] ARM/mem/cache/Cache.py.cc -> .pyo
 [EMBED PY] src/mem/cache/tags/Tags.py -> ARM/mem/cache/tags/Tags.py.cc
 [EMBED PY] src/mem/cache/tags/partitioning_policies/PartitioningPolicies.py -> ARM/mem/cache/tags/partitioning_policies/PartitioningPolicies.py.cc
 [EMBED PY] src/mem/cache/tags/indexing_policies/IndexingPolicies.py -> ARM/mem/cache/tags/indexing_policies/IndexingPolicies.py.cc
 [     CXX] ARM/mem/cache/tags/Tags.py.cc -> .pyo
 [     CXX] ARM/mem/cache/tags/partitioning_policies/PartitioningPolicies.py.cc -> .pyo
 [     CXX] ARM/mem/cache/tags/indexing_policies/IndexingPolicies.py.cc -> .pyo
 [EMBED PY] src/mem/cache/compressors/Compressors.py -> ARM/mem/cache/compressors/Compressors.py.cc
 [     CXX] ARM/mem/cache/compressors/Compressors.py.cc -> .pyo
 [EMBED PY] src/mem/cache/replacement_policies/ReplacementPolicies.py -> ARM/mem/cache/replacement_policies/ReplacementPolicies.py.cc
 [     CXX] ARM/mem/cache/replacement_policies/ReplacementPolicies.py.cc -> .pyo
 [EMBED PY] src/mem/cache/CHAOSCache/CHAOSCache.py -> ARM/mem/cache/CHAOSCache/CHAOSCache.py.cc
 [     CXX] ARM/mem/cache/CHAOSCache/CHAOSCache.py.cc -> .pyo
 [EMBED PY] src/mem/cache/prefetch/Prefetcher.py -> ARM/mem/cache/prefetch/Prefetcher.py.cc
 [     CXX] ARM/mem/cache/prefetch/Prefetcher.py.cc -> .pyo
 [EMBED PY] src/mem/cache/prefetch/CHAOSPrefetch/CHAOSPrefetch.py -> ARM/mem/cache/prefetch/CHAOSPrefetch/CHAOSPrefetch.py.cc
 [EMBED PY] src/mem/ruby/slicc_interface/Controller.py -> ARM/mem/ruby/slicc_interface/Controller.py.cc
 [     CXX] ARM/mem/cache/prefetch/CHAOSPrefetch/CHAOSPrefetch.py.cc -> .pyo
 [     CXX] ARM/mem/ruby/slicc_interface/Controller.py.cc -> .pyo
 [EMBED PY] src/mem/ruby/system/RubySystem.py -> ARM/mem/ruby/system/RubySystem.py.cc
 [     CXX] ARM/mem/ruby/system/RubySystem.py.cc -> .pyo
 [EMBED PY] src/mem/ruby/system/Sequencer.py -> ARM/mem/ruby/system/Sequencer.py.cc
 [     CXX] ARM/mem/ruby/system/Sequencer.py.cc -> .pyo
 [EMBED PY] src/mem/ruby/structures/RubyCache.py -> ARM/mem/ruby/structures/RubyCache.py.cc
 [     CXX] ARM/mem/ruby/structures/RubyCache.py.cc -> .pyo
 [EMBED PY] src/mem/ruby/structures/DirectoryMemory.py -> ARM/mem/ruby/structures/DirectoryMemory.py.cc
 [     CXX] ARM/mem/ruby/structures/DirectoryMemory.py.cc -> .pyo
 [EMBED PY] src/mem/ruby/structures/RubyPrefetcher.py -> ARM/mem/ruby/structures/RubyPrefetcher.py.cc
 [     CXX] ARM/mem/ruby/structures/RubyPrefetcher.py.cc -> .pyo
 [EMBED PY] src/mem/ruby/structures/WireBuffer.py -> ARM/mem/ruby/structures/WireBuffer.py.cc
 [     CXX] ARM/mem/ruby/structures/WireBuffer.py.cc -> .pyo
 [EMBED PY] src/mem/ruby/network/BasicLink.py -> ARM/mem/ruby/network/BasicLink.py.cc
 [     CXX] ARM/mem/ruby/network/BasicLink.py.cc -> .pyo
 [EMBED PY] src/mem/ruby/network/BasicRouter.py -> ARM/mem/ruby/network/BasicRouter.py.cc
 [     CXX] ARM/mem/ruby/network/BasicRouter.py.cc -> .pyo
 [EMBED PY] src/mem/ruby/network/MessageBuffer.py -> ARM/mem/ruby/network/MessageBuffer.py.cc
 [EMBED PY] src/mem/ruby/network/Network.py -> ARM/mem/ruby/network/Network.py.cc
 [     CXX] ARM/mem/ruby/network/MessageBuffer.py.cc -> .pyo
 [     CXX] ARM/mem/ruby/network/Network.py.cc -> .pyo
 [EMBED PY] src/mem/ruby/network/garnet/GarnetLink.py -> ARM/mem/ruby/network/garnet/GarnetLink.py.cc
 [     CXX] ARM/mem/ruby/network/garnet/GarnetLink.py.cc -> .pyo
 [EMBED PY] src/mem/ruby/network/garnet/GarnetNetwork.py -> ARM/mem/ruby/network/garnet/GarnetNetwork.py.cc
 [     CXX] ARM/mem/ruby/network/garnet/GarnetNetwork.py.cc -> .pyo
 [EMBED PY] src/mem/ruby/network/garnet/CHAOSNoC/CHAOSNoC.py -> ARM/mem/ruby/network/garnet/CHAOSNoC/CHAOSNoC.py.cc
 [     CXX] ARM/mem/ruby/network/garnet/CHAOSNoC/CHAOSNoC.py.cc -> .pyo
 [EMBED PY] src/mem/ruby/network/fault_model/FaultModel.py -> ARM/mem/ruby/network/fault_model/FaultModel.py.cc
 [     CXX] ARM/mem/ruby/network/fault_model/FaultModel.py.cc -> .pyo
 [EMBED PY] src/mem/ruby/network/simple/SimpleLink.py -> ARM/mem/ruby/network/simple/SimpleLink.py.cc
 [     CXX] ARM/mem/ruby/network/simple/SimpleLink.py.cc -> .pyo
 [EMBED PY] src/mem/ruby/network/simple/SimpleNetwork.py -> ARM/mem/ruby/network/simple/SimpleNetwork.py.cc
 [EMBED PY] ARM/mem/ruby/protocol/CHI/CHI_Cache_Controller.py -> .cc
 [     CXX] ARM/mem/ruby/network/simple/SimpleNetwork.py.cc -> .pyo
 [     CXX] ARM/mem/ruby/protocol/CHI/CHI_Cache_Controller.py.cc -> .pyo
 [EMBED PY] ARM/mem/ruby/protocol/CHI/CHI_Memory_Controller.py -> .cc
 [     CXX] ARM/mem/ruby/protocol/CHI/CHI_Memory_Controller.py.cc -> .pyo
 [EMBED PY] ARM/mem/ruby/protocol/CHI/CHI_MiscNode_Controller.py -> .cc
 [     CXX] ARM/mem/ruby/protocol/CHI/CHI_MiscNode_Controller.py.cc -> .pyo
 [EMBED PY] src/mem/ruby/protocol/chi/generic/CHIGeneric.py -> ARM/mem/ruby/protocol/chi/generic/CHIGeneric.py.cc
 [     CXX] ARM/mem/ruby/protocol/chi/generic/CHIGeneric.py.cc -> .pyo
 [EMBED PY] src/mem/ruby/CHAOSCHI/CHAOSCHI.py -> ARM/mem/ruby/CHAOSCHI/CHAOSCHI.py.cc
 [     CXX] ARM/mem/ruby/CHAOSCHI/CHAOSCHI.py.cc -> .pyo
 [EMBED PY] src/mem/CHAOSMem/CHAOSMem.py -> ARM/mem/CHAOSMem/CHAOSMem.py.cc
 [     CXX] ARM/mem/CHAOSMem/CHAOSMem.py.cc -> .pyo
 [EMBED PY] src/mem/qos/QoSMemCtrl.py -> ARM/mem/qos/QoSMemCtrl.py.cc
 [     CXX] ARM/mem/qos/QoSMemCtrl.py.cc -> .pyo
 [EMBED PY] src/mem/qos/QoSMemSinkCtrl.py -> ARM/mem/qos/QoSMemSinkCtrl.py.cc
 [     CXX] ARM/mem/qos/QoSMemSinkCtrl.py.cc -> .pyo
 [EMBED PY] src/mem/qos/QoSMemSinkInterface.py -> ARM/mem/qos/QoSMemSinkInterface.py.cc
 [EMBED PY] src/mem/qos/QoSPolicy.py -> ARM/mem/qos/QoSPolicy.py.cc
 [     CXX] ARM/mem/qos/QoSPolicy.py.cc -> .pyo
 [     CXX] ARM/mem/qos/QoSMemSinkInterface.py.cc -> .pyo
 [EMBED PY] src/mem/qos/QoSTurnaround.py -> ARM/mem/qos/QoSTurnaround.py.cc
 [     CXX] ARM/mem/qos/QoSTurnaround.py.cc -> .pyo
 [EMBED PY] src/base/Graphics.py -> ARM/base/Graphics.py.cc
 [     CXX] ARM/base/Graphics.py.cc -> .pyo
 [EMBED PY] src/base/filters/BloomFilters.py -> ARM/base/filters/BloomFilters.py.cc
 [     CXX] ARM/base/filters/BloomFilters.py.cc -> .pyo
 [EMBED PY] src/base/vnc/Vnc.py -> ARM/base/vnc/Vnc.py.cc
 [     CXX] ARM/base/vnc/Vnc.py.cc -> .pyo
 [EMBED PY] src/systemc/Tlm.py -> ARM/systemc/Tlm.py.cc
 [EMBED PY] src/systemc/core/SystemC.py -> ARM/systemc/core/SystemC.py.cc
 [     CXX] ARM/systemc/Tlm.py.cc -> .pyo
 [     CXX] ARM/systemc/core/SystemC.py.cc -> .pyo
 [EMBED PY] src/systemc/python/systemc.py -> ARM/systemc/python/systemc.py.cc
 [     CXX] ARM/systemc/python/systemc.py.cc -> .pyo
 [EMBED PY] src/systemc/python/tlm.py -> ARM/systemc/python/tlm.py.cc
 [EMBED PY] src/systemc/tlm_bridge/TlmBridge.py -> ARM/systemc/tlm_bridge/TlmBridge.py.cc
 [     CXX] ARM/systemc/python/tlm.py.cc -> .pyo
 [EMBED PY] src/dev/Device.py -> ARM/dev/Device.py.cc
 [     CXX] ARM/systemc/tlm_bridge/TlmBridge.py.cc -> .pyo
 [     CXX] ARM/dev/Device.py.cc -> .pyo
 [EMBED PY] src/dev/Platform.py -> ARM/dev/Platform.py.cc
 [     CXX] ARM/dev/Platform.py.cc -> .pyo
 [EMBED PY] src/dev/BadDevice.py -> ARM/dev/BadDevice.py.cc
 [     CXX] ARM/dev/BadDevice.py.cc -> .pyo
 [EMBED PY] src/dev/i2c/I2C.py -> ARM/dev/i2c/I2C.py.cc
 [EMBED PY] src/dev/virtio/VirtIO.py -> ARM/dev/virtio/VirtIO.py.cc
 [     CXX] ARM/dev/i2c/I2C.py.cc -> .pyo
 [     CXX] ARM/dev/virtio/VirtIO.py.cc -> .pyo
 [EMBED PY] src/dev/virtio/VirtIOConsole.py -> ARM/dev/virtio/VirtIOConsole.py.cc
 [EMBED PY] src/dev/virtio/VirtIOBlock.py -> ARM/dev/virtio/VirtIOBlock.py.cc
 [     CXX] ARM/dev/virtio/VirtIOConsole.py.cc -> .pyo
 [     CXX] ARM/dev/virtio/VirtIOBlock.py.cc -> .pyo
 [EMBED PY] src/dev/virtio/VirtIORng.py -> ARM/dev/virtio/VirtIORng.py.cc
 [     CXX] ARM/dev/virtio/VirtIORng.py.cc -> .pyo
 [EMBED PY] src/dev/virtio/VirtIO9P.py -> ARM/dev/virtio/VirtIO9P.py.cc
 [     CXX] ARM/dev/virtio/VirtIO9P.py.cc -> .pyo
 [EMBED PY] src/dev/qemu/QemuFwCfg.py -> ARM/dev/qemu/QemuFwCfg.py.cc
 [     CXX] ARM/dev/qemu/QemuFwCfg.py.cc -> .pyo
 [EMBED PY] src/dev/ps2/PS2.py -> ARM/dev/ps2/PS2.py.cc
 [     CXX] ARM/dev/ps2/PS2.py.cc -> .pyo
 [EMBED PY] src/dev/arm/AbstractNVM.py -> ARM/dev/arm/AbstractNVM.py.cc
 [EMBED PY] src/dev/arm/Display.py -> ARM/dev/arm/Display.py.cc
 [     CXX] ARM/dev/arm/AbstractNVM.py.cc -> .pyo
 [     CXX] ARM/dev/arm/Display.py.cc -> .pyo
 [EMBED PY] src/dev/arm/Doorbell.py -> ARM/dev/arm/Doorbell.py.cc
 [     CXX] ARM/dev/arm/Doorbell.py.cc -> .pyo
 [EMBED PY] src/dev/arm/FlashDevice.py -> ARM/dev/arm/FlashDevice.py.cc
 [EMBED PY] src/dev/arm/GenericTimer.py -> ARM/dev/arm/GenericTimer.py.cc
 [     CXX] ARM/dev/arm/FlashDevice.py.cc -> .pyo
 [     CXX] ARM/dev/arm/GenericTimer.py.cc -> .pyo
 [EMBED PY] src/dev/arm/Gic.py -> ARM/dev/arm/Gic.py.cc
 [     CXX] ARM/dev/arm/Gic.py.cc -> .pyo
 [EMBED PY] src/dev/arm/Mpam.py -> ARM/dev/arm/Mpam.py.cc
 [     CXX] ARM/dev/arm/Mpam.py.cc -> .pyo
 [EMBED PY] src/dev/arm/RealView.py -> ARM/dev/arm/RealView.py.cc
 [EMBED PY] src/dev/arm/SMMUv3.py -> ARM/dev/arm/SMMUv3.py.cc
 [     CXX] ARM/dev/arm/SMMUv3.py.cc -> .pyo
 [     CXX] ARM/dev/arm/RealView.py.cc -> .pyo
 [EMBED PY] src/dev/arm/UFSHostDevice.py -> ARM/dev/arm/UFSHostDevice.py.cc
 [     CXX] ARM/dev/arm/UFSHostDevice.py.cc -> .pyo
 [EMBED PY] src/dev/arm/EnergyCtrl.py -> ARM/dev/arm/EnergyCtrl.py.cc
 [EMBED PY] src/dev/arm/NoMali.py -> ARM/dev/arm/NoMali.py.cc
 [     CXX] ARM/dev/arm/EnergyCtrl.py.cc -> .pyo
 [EMBED PY] src/dev/arm/VirtIOMMIO.py -> ARM/dev/arm/VirtIOMMIO.py.cc
 [     CXX] ARM/dev/arm/NoMali.py.cc -> .pyo
 [     CXX] ARM/dev/arm/VirtIOMMIO.py.cc -> .pyo
 [EMBED PY] src/dev/arm/css/MHU.py -> ARM/dev/arm/css/MHU.py.cc
 [     CXX] ARM/dev/arm/css/MHU.py.cc -> .pyo
 [EMBED PY] src/dev/arm/css/Scmi.py -> ARM/dev/arm/css/Scmi.py.cc
 [     CXX] ARM/dev/arm/css/Scmi.py.cc -> .pyo
 [EMBED PY] src/dev/arm/css/Scp.py -> ARM/dev/arm/css/Scp.py.cc
 [     CXX] ARM/dev/arm/css/Scp.py.cc -> .pyo
 [EMBED PY] src/dev/storage/Ide.py -> ARM/dev/storage/Ide.py.cc
 [     CXX] ARM/dev/storage/Ide.py.cc -> .pyo
 [EMBED PY] src/dev/storage/DiskImage.py -> ARM/dev/storage/DiskImage.py.cc
 [     CXX] ARM/dev/storage/DiskImage.py.cc -> .pyo
 [EMBED PY] src/dev/storage/SimpleDisk.py -> ARM/dev/storage/SimpleDisk.py.cc
 [     CXX] ARM/dev/storage/SimpleDisk.py.cc -> .pyo
 [EMBED PY] src/dev/pci/PciDevice.py -> ARM/dev/pci/PciDevice.py.cc
 [     CXX] ARM/dev/pci/PciDevice.py.cc -> .pyo
 [EMBED PY] src/dev/pci/PciUpstream.py -> ARM/dev/pci/PciUpstream.py.cc
 [     CXX] ARM/dev/pci/PciUpstream.py.cc -> .pyo
 [EMBED PY] src/dev/pci/PciHost.py -> ARM/dev/pci/PciHost.py.cc
 [     CXX] ARM/dev/pci/PciHost.py.cc -> .pyo
 [EMBED PY] src/dev/pci/CopyEngine.py -> ARM/dev/pci/CopyEngine.py.cc
 [     CXX] ARM/dev/pci/CopyEngine.py.cc -> .pyo
 [EMBED PY] src/dev/net/Ethernet.py -> ARM/dev/net/Ethernet.py.cc
 [     CXX] ARM/dev/net/Ethernet.py.cc -> .pyo
 [EMBED PY] src/dev/serial/Serial.py -> ARM/dev/serial/Serial.py.cc
 [     CXX] ARM/dev/serial/Serial.py.cc -> .pyo
 [EMBED PY] src/dev/serial/Terminal.py -> ARM/dev/serial/Terminal.py.cc
 [     CXX] ARM/dev/serial/Terminal.py.cc -> .pyo
 [EMBED PY] src/dev/serial/Uart.py -> ARM/dev/serial/Uart.py.cc
 [     CXX] ARM/dev/serial/Uart.py.cc -> .pyo
 [EMBED PY] src/arch/arm/ArmDecoder.py -> ARM/arch/arm/ArmDecoder.py.cc
 [     CXX] ARM/arch/arm/ArmDecoder.py.cc -> .pyo
 [EMBED PY] src/arch/arm/ArmFsWorkload.py -> ARM/arch/arm/ArmFsWorkload.py.cc
 [EMBED PY] src/arch/arm/ArmInterrupts.py -> ARM/arch/arm/ArmInterrupts.py.cc
 [     CXX] ARM/arch/arm/ArmFsWorkload.py.cc -> .pyo
 [     CXX] ARM/arch/arm/ArmInterrupts.py.cc -> .pyo
 [EMBED PY] src/arch/arm/ArmISA.py -> ARM/arch/arm/ArmISA.py.cc
 [     CXX] ARM/arch/arm/ArmISA.py.cc -> .pyo
 [EMBED PY] src/arch/arm/ArmMMU.py -> ARM/arch/arm/ArmMMU.py.cc
 [     CXX] ARM/arch/arm/ArmMMU.py.cc -> .pyo
 [EMBED PY] src/arch/arm/ArmNativeTrace.py -> ARM/arch/arm/ArmNativeTrace.py.cc
 [     CXX] ARM/arch/arm/ArmNativeTrace.py.cc -> .pyo
 [EMBED PY] src/arch/arm/ArmSemihosting.py -> ARM/arch/arm/ArmSemihosting.py.cc
 [EMBED PY] src/arch/arm/ArmSeWorkload.py -> ARM/arch/arm/ArmSeWorkload.py.cc
 [     CXX] ARM/arch/arm/ArmSemihosting.py.cc -> .pyo
 [     CXX] ARM/arch/arm/ArmSeWorkload.py.cc -> .pyo
 [EMBED PY] src/arch/arm/ArmSystem.py -> ARM/arch/arm/ArmSystem.py.cc
 [     CXX] ARM/arch/arm/ArmSystem.py.cc -> .pyo
 [EMBED PY] src/arch/arm/ArmTLB.py -> ARM/arch/arm/ArmTLB.py.cc
 [     CXX] ARM/arch/arm/ArmTLB.py.cc -> .pyo
 [EMBED PY] src/arch/arm/ArmPMU.py -> ARM/arch/arm/ArmPMU.py.cc
 [     CXX] ARM/arch/arm/ArmPMU.py.cc -> .pyo
 [EMBED PY] src/arch/arm/ArmCPU.py -> ARM/arch/arm/ArmCPU.py.cc
 [     CXX] ARM/arch/arm/ArmCPU.py.cc -> .pyo
 [EMBED PY] src/arch/arm/CHAOSExMon/CHAOSExMon.py -> ARM/arch/arm/CHAOSExMon/CHAOSExMon.py.cc
 [     CXX] ARM/arch/arm/CHAOSExMon/CHAOSExMon.py.cc -> .pyo
 [EMBED PY] src/arch/arm/kvm/KvmGic.py -> ARM/arch/arm/kvm/KvmGic.py.cc
 [EMBED PY] src/arch/arm/kvm/BaseArmKvmCPU.py -> ARM/arch/arm/kvm/BaseArmKvmCPU.py.cc
 [     CXX] ARM/arch/arm/kvm/KvmGic.py.cc -> .pyo
 [     CXX] ARM/arch/arm/kvm/BaseArmKvmCPU.py.cc -> .pyo
 [EMBED PY] src/arch/arm/kvm/ArmV8KvmCPU.py -> ARM/arch/arm/kvm/ArmV8KvmCPU.py.cc
 [     CXX] ARM/arch/arm/kvm/ArmV8KvmCPU.py.cc -> .pyo
 [EMBED PY] src/arch/arm/CHAOSPTW/CHAOSPTW.py -> ARM/arch/arm/CHAOSPTW/CHAOSPTW.py.cc
 [     CXX] ARM/arch/arm/CHAOSPTW/CHAOSPTW.py.cc -> .pyo
 [EMBED PY] src/arch/arm/CHAOSArmTLB/CHAOSArmTLB.py -> ARM/arch/arm/CHAOSArmTLB/CHAOSArmTLB.py.cc
 [     CXX] ARM/arch/arm/CHAOSArmTLB/CHAOSArmTLB.py.cc -> .pyo
 [EMBED PY] src/arch/arm/tracers/TarmacTrace.py -> ARM/arch/arm/tracers/TarmacTrace.py.cc
 [     CXX] ARM/arch/arm/tracers/TarmacTrace.py.cc -> .pyo
 [EMBED PY] src/arch/arm/CHAOSArmSysReg/CHAOSArmSysReg.py -> ARM/arch/arm/CHAOSArmSysReg/CHAOSArmSysReg.py.cc
 [     CXX] ARM/arch/arm/CHAOSArmSysReg/CHAOSArmSysReg.py.cc -> .pyo
 [EMBED PY] src/arch/generic/BaseSemihosting.py -> ARM/arch/generic/BaseSemihosting.py.cc
 [EMBED PY] src/arch/generic/BaseInterrupts.py -> ARM/arch/generic/BaseInterrupts.py.cc
 [     CXX] ARM/arch/generic/BaseInterrupts.py.cc -> .pyo
 [     CXX] ARM/arch/generic/BaseSemihosting.py.cc -> .pyo
 [EMBED PY] src/arch/generic/BaseISA.py -> ARM/arch/generic/BaseISA.py.cc
 [     CXX] ARM/arch/generic/BaseISA.py.cc -> .pyo
 [EMBED PY] src/arch/generic/BaseMMU.py -> ARM/arch/generic/BaseMMU.py.cc
 [EMBED PY] src/arch/generic/BaseTLB.py -> ARM/arch/generic/BaseTLB.py.cc
 [     CXX] ARM/arch/generic/BaseMMU.py.cc -> .pyo
 [     CXX] ARM/arch/generic/BaseTLB.py.cc -> .pyo
 [EMBED PY] src/arch/generic/InstDecoder.py -> ARM/arch/generic/InstDecoder.py.cc
 [     CXX] ARM/arch/generic/InstDecoder.py.cc -> .pyo
 [EMBED PY] src/learning_gem5/part2/SimpleObject.py -> ARM/learning_gem5/part2/SimpleObject.py.cc
 [     CXX] ARM/learning_gem5/part2/SimpleObject.py.cc -> .pyo
 [EMBED PY] src/learning_gem5/part2/HelloObject.py -> ARM/learning_gem5/part2/HelloObject.py.cc
 [     CXX] ARM/learning_gem5/part2/HelloObject.py.cc -> .pyo
 [EMBED PY] src/learning_gem5/part2/SimpleMemobj.py -> ARM/learning_gem5/part2/SimpleMemobj.py.cc
 [     CXX] ARM/learning_gem5/part2/SimpleMemobj.py.cc -> .pyo
 [EMBED PY] src/learning_gem5/part2/SimpleCache.py -> ARM/learning_gem5/part2/SimpleCache.py.cc
 [     CXX] ARM/learning_gem5/part2/SimpleCache.py.cc -> .pyo
 [EMBED PY] src/python/gem5/__init__.py -> ARM/python/gem5/__init__.py.cc
 [     CXX] ARM/python/gem5/__init__.py.cc -> .pyo
 [EMBED PY] src/python/gem5/coherence_protocol.py -> ARM/python/gem5/coherence_protocol.py.cc
 [EMBED PY] src/python/gem5/isas.py -> ARM/python/gem5/isas.py.cc
 [     CXX] ARM/python/gem5/coherence_protocol.py.cc -> .pyo
 [     CXX] ARM/python/gem5/isas.py.cc -> .pyo
 [EMBED PY] src/python/gem5/runtime.py -> ARM/python/gem5/runtime.py.cc
 [     CXX] ARM/python/gem5/runtime.py.cc -> .pyo
 [EMBED PY] src/python/gem5/simulate/__init__.py -> ARM/python/gem5/simulate/__init__.py.cc
 [     CXX] ARM/python/gem5/simulate/__init__.py.cc -> .pyo
 [EMBED PY] src/python/gem5/simulate/simulator.py -> ARM/python/gem5/simulate/simulator.py.cc
 [     CXX] ARM/python/gem5/simulate/simulator.py.cc -> .pyo
 [EMBED PY] src/python/gem5/simulate/exit_event.py -> ARM/python/gem5/simulate/exit_event.py.cc
 [     CXX] ARM/python/gem5/simulate/exit_event.py.cc -> .pyo
 [EMBED PY] src/python/gem5/simulate/exit_event_generators.py -> ARM/python/gem5/simulate/exit_event_generators.py.cc
 [     CXX] ARM/python/gem5/simulate/exit_event_generators.py.cc -> .pyo
 [EMBED PY] src/python/gem5/simulate/exit_handler.py -> ARM/python/gem5/simulate/exit_handler.py.cc
 [     CXX] ARM/python/gem5/simulate/exit_handler.py.cc -> .pyo
 [EMBED PY] src/python/gem5/components/__init__.py -> ARM/python/gem5/components/__init__.py.cc
 [     CXX] ARM/python/gem5/components/__init__.py.cc -> .pyo
 [EMBED PY] src/python/gem5/components/boards/__init__.py -> ARM/python/gem5/components/boards/__init__.py.cc
 [     CXX] ARM/python/gem5/components/boards/__init__.py.cc -> .pyo
 [EMBED PY] src/python/gem5/components/boards/abstract_board.py -> ARM/python/gem5/components/boards/abstract_board.py.cc
 [     CXX] ARM/python/gem5/components/boards/abstract_board.py.cc -> .pyo
 [EMBED PY] src/python/gem5/components/boards/abstract_system_board.py -> ARM/python/gem5/components/boards/abstract_system_board.py.cc
 [     CXX] ARM/python/gem5/components/boards/abstract_system_board.py.cc -> .pyo
 [EMBED PY] src/python/gem5/components/boards/mem_mode.py -> ARM/python/gem5/components/boards/mem_mode.py.cc
 [     CXX] ARM/python/gem5/components/boards/mem_mode.py.cc -> .pyo
 [EMBED PY] src/python/gem5/components/boards/riscv_board.py -> ARM/python/gem5/components/boards/riscv_board.py.cc
 [     CXX] ARM/python/gem5/components/boards/riscv_board.py.cc -> .pyo
 [EMBED PY] src/python/gem5/components/boards/experimental/__init__.py -> ARM/python/gem5/components/boards/experimental/__init__.py.cc
 [     CXX] ARM/python/gem5/components/boards/experimental/__init__.py.cc -> .pyo
 [EMBED PY] src/python/gem5/components/boards/experimental/lupv_board.py -> ARM/python/gem5/components/boards/experimental/lupv_board.py.cc
 [     CXX] ARM/python/gem5/components/boards/experimental/lupv_board.py.cc -> .pyo
 [EMBED PY] src/python/gem5/components/boards/simple_board.py -> ARM/python/gem5/components/boards/simple_board.py.cc
 [     CXX] ARM/python/gem5/components/boards/simple_board.py.cc -> .pyo
 [EMBED PY] src/python/gem5/components/boards/test_board.py -> ARM/python/gem5/components/boards/test_board.py.cc
 [     CXX] ARM/python/gem5/components/boards/test_board.py.cc -> .pyo
 [EMBED PY] src/python/gem5/components/boards/x86_board.py -> ARM/python/gem5/components/boards/x86_board.py.cc
 [     CXX] ARM/python/gem5/components/boards/x86_board.py.cc -> .pyo
 [EMBED PY] src/python/gem5/components/boards/arm_board.py -> ARM/python/gem5/components/boards/arm_board.py.cc
 [     CXX] ARM/python/gem5/components/boards/arm_board.py.cc -> .pyo
 [EMBED PY] src/python/gem5/components/boards/kernel_disk_workload.py -> ARM/python/gem5/components/boards/kernel_disk_workload.py.cc
 [     CXX] ARM/python/gem5/components/boards/kernel_disk_workload.py.cc -> .pyo
 [EMBED PY] src/python/gem5/components/boards/se_binary_workload.py -> ARM/python/gem5/components/boards/se_binary_workload.py.cc
 [     CXX] ARM/python/gem5/components/boards/se_binary_workload.py.cc -> .pyo
 [EMBED PY] src/python/gem5/components/cachehierarchies/__init__.py -> ARM/python/gem5/components/cachehierarchies/__init__.py.cc
 [     CXX] ARM/python/gem5/components/cachehierarchies/__init__.py.cc -> .pyo
 [EMBED PY] src/python/gem5/components/cachehierarchies/abstract_cache_hierarchy.py -> ARM/python/gem5/components/cachehierarchies/abstract_cache_hierarchy.py.cc
 [     CXX] ARM/python/gem5/components/cachehierarchies/abstract_cache_hierarchy.py.cc -> .pyo
 [EMBED PY] src/python/gem5/components/cachehierarchies/abstract_two_level_cache_hierarchy.py -> ARM/python/gem5/components/cachehierarchies/abstract_two_level_cache_hierarchy.py.cc
 [     CXX] ARM/python/gem5/components/cachehierarchies/abstract_two_level_cache_hierarchy.py.cc -> .pyo
 [EMBED PY] src/python/gem5/components/cachehierarchies/abstract_three_level_cache_hierarchy.py -> ARM/python/gem5/components/cachehierarchies/abstract_three_level_cache_hierarchy.py.cc
 [     CXX] ARM/python/gem5/components/cachehierarchies/abstract_three_level_cache_hierarchy.py.cc -> .pyo
 [EMBED PY] src/python/gem5/components/cachehierarchies/chi/__init__.py -> ARM/python/gem5/components/cachehierarchies/chi/__init__.py.cc
 [     CXX] ARM/python/gem5/components/cachehierarchies/chi/__init__.py.cc -> .pyo
 [EMBED PY] src/python/gem5/components/cachehierarchies/chi/private_l1_cache_hierarchy.py -> ARM/python/gem5/components/cachehierarchies/chi/private_l1_cache_hierarchy.py.cc
 [     CXX] ARM/python/gem5/components/cachehierarchies/chi/private_l1_cache_hierarchy.py.cc -> .pyo
 [EMBED PY] src/python/gem5/components/cachehierarchies/chi/private_l1_private_l2_cache_hierarchy.py -> ARM/python/gem5/components/cachehierarchies/chi/private_l1_private_l2_cache_hierarchy.py.cc
 [     CXX] ARM/python/gem5/components/cachehierarchies/chi/private_l1_private_l2_cache_hierarchy.py.cc -> .pyo
 [EMBED PY] src/python/gem5/components/cachehierarchies/chi/nodes/__init__.py -> ARM/python/gem5/components/cachehierarchies/chi/nodes/__init__.py.cc
 [     CXX] ARM/python/gem5/components/cachehierarchies/chi/nodes/__init__.py.cc -> .pyo
 [EMBED PY] src/python/gem5/components/cachehierarchies/chi/nodes/abstract_node.py -> ARM/python/gem5/components/cachehierarchies/chi/nodes/abstract_node.py.cc
 [     CXX] ARM/python/gem5/components/cachehierarchies/chi/nodes/abstract_node.py.cc -> .pyo
 [EMBED PY] src/python/gem5/components/cachehierarchies/chi/nodes/directory.py -> ARM/python/gem5/components/cachehierarchies/chi/nodes/directory.py.cc
 [     CXX] ARM/python/gem5/components/cachehierarchies/chi/nodes/directory.py.cc -> .pyo
 [EMBED PY] src/python/gem5/components/cachehierarchies/chi/nodes/dma_requestor.py -> ARM/python/gem5/components/cachehierarchies/chi/nodes/dma_requestor.py.cc
 [EMBED PY] src/python/gem5/components/cachehierarchies/chi/nodes/l1_cache.py -> ARM/python/gem5/components/cachehierarchies/chi/nodes/l1_cache.py.cc
 [     CXX] ARM/python/gem5/components/cachehierarchies/chi/nodes/dma_requestor.py.cc -> .pyo
 [     CXX] ARM/python/gem5/components/cachehierarchies/chi/nodes/l1_cache.py.cc -> .pyo
 [EMBED PY] src/python/gem5/components/cachehierarchies/chi/nodes/l2_cache.py -> ARM/python/gem5/components/cachehierarchies/chi/nodes/l2_cache.py.cc
 [     CXX] ARM/python/gem5/components/cachehierarchies/chi/nodes/l2_cache.py.cc -> .pyo
 [EMBED PY] src/python/gem5/components/cachehierarchies/chi/nodes/memory_controller.py -> ARM/python/gem5/components/cachehierarchies/chi/nodes/memory_controller.py.cc
 [     CXX] ARM/python/gem5/components/cachehierarchies/chi/nodes/memory_controller.py.cc -> .pyo
 [EMBED PY] src/python/gem5/components/cachehierarchies/classic/__init__.py -> ARM/python/gem5/components/cachehierarchies/classic/__init__.py.cc
 [     CXX] ARM/python/gem5/components/cachehierarchies/classic/__init__.py.cc -> .pyo
 [EMBED PY] src/python/gem5/components/cachehierarchies/classic/abstract_classic_cache_hierarchy.py -> ARM/python/gem5/components/cachehierarchies/classic/abstract_classic_cache_hierarchy.py.cc
 [     CXX] ARM/python/gem5/components/cachehierarchies/classic/abstract_classic_cache_hierarchy.py.cc -> .pyo
 [EMBED PY] src/python/gem5/components/cachehierarchies/classic/no_cache.py -> ARM/python/gem5/components/cachehierarchies/classic/no_cache.py.cc
 [     CXX] ARM/python/gem5/components/cachehierarchies/classic/no_cache.py.cc -> .pyo
 [EMBED PY] src/python/gem5/components/cachehierarchies/classic/private_l1_cache_hierarchy.py -> ARM/python/gem5/components/cachehierarchies/classic/private_l1_cache_hierarchy.py.cc
 [     CXX] ARM/python/gem5/components/cachehierarchies/classic/private_l1_cache_hierarchy.py.cc -> .pyo
 [EMBED PY] src/python/gem5/components/cachehierarchies/classic/private_l1_walk_cache_hierarchy.py -> ARM/python/gem5/components/cachehierarchies/classic/private_l1_walk_cache_hierarchy.py.cc
 [EMBED PY] src/python/gem5/components/cachehierarchies/classic/private_l1_private_l2_cache_hierarchy.py -> ARM/python/gem5/components/cachehierarchies/classic/private_l1_private_l2_cache_hierarchy.py.cc
 [     CXX] ARM/python/gem5/components/cachehierarchies/classic/private_l1_walk_cache_hierarchy.py.cc -> .pyo
 [EMBED PY] src/python/gem5/components/cachehierarchies/classic/two_level_fdp_cache_hierarchy.py -> ARM/python/gem5/components/cachehierarchies/classic/two_level_fdp_cache_hierarchy.py.cc
 [     CXX] ARM/python/gem5/components/cachehierarchies/classic/private_l1_private_l2_cache_hierarchy.py.cc -> .pyo
 [     CXX] ARM/python/gem5/components/cachehierarchies/classic/two_level_fdp_cache_hierarchy.py.cc -> .pyo
 [EMBED PY] src/python/gem5/components/cachehierarchies/classic/private_l1_private_l2_walk_cache_hierarchy.py -> ARM/python/gem5/components/cachehierarchies/classic/private_l1_private_l2_walk_cache_hierarchy.py.cc
 [     CXX] ARM/python/gem5/components/cachehierarchies/classic/private_l1_private_l2_walk_cache_hierarchy.py.cc -> .pyo
 [EMBED PY] src/python/gem5/components/cachehierarchies/classic/private_l1_shared_l2_cache_hierarchy.py -> ARM/python/gem5/components/cachehierarchies/classic/private_l1_shared_l2_cache_hierarchy.py.cc
 [     CXX] ARM/python/gem5/components/cachehierarchies/classic/private_l1_shared_l2_cache_hierarchy.py.cc -> .pyo
 [EMBED PY] src/python/gem5/components/cachehierarchies/classic/private_l1_shared_l2_walk_cache_hierarchy.py -> ARM/python/gem5/components/cachehierarchies/classic/private_l1_shared_l2_walk_cache_hierarchy.py.cc
 [     CXX] ARM/python/gem5/components/cachehierarchies/classic/private_l1_shared_l2_walk_cache_hierarchy.py.cc -> .pyo
 [EMBED PY] src/python/gem5/components/cachehierarchies/classic/caches/__init__.py -> ARM/python/gem5/components/cachehierarchies/classic/caches/__init__.py.cc
 [EMBED PY] src/python/gem5/components/cachehierarchies/classic/caches/l1dcache.py -> ARM/python/gem5/components/cachehierarchies/classic/caches/l1dcache.py.cc
 [     CXX] ARM/python/gem5/components/cachehierarchies/classic/caches/__init__.py.cc -> .pyo
 [     CXX] ARM/python/gem5/components/cachehierarchies/classic/caches/l1dcache.py.cc -> .pyo
 [EMBED PY] src/python/gem5/components/cachehierarchies/classic/caches/l1icache.py -> ARM/python/gem5/components/cachehierarchies/classic/caches/l1icache.py.cc
 [     CXX] ARM/python/gem5/components/cachehierarchies/classic/caches/l1icache.py.cc -> .pyo
 [EMBED PY] src/python/gem5/components/cachehierarchies/classic/caches/l2cache.py -> ARM/python/gem5/components/cachehierarchies/classic/caches/l2cache.py.cc
 [EMBED PY] src/python/gem5/components/cachehierarchies/classic/caches/mmu_cache.py -> ARM/python/gem5/components/cachehierarchies/classic/caches/mmu_cache.py.cc
 [     CXX] ARM/python/gem5/components/cachehierarchies/classic/caches/l2cache.py.cc -> .pyo
 [EMBED PY] src/python/gem5/components/cachehierarchies/ruby/__init__.py -> ARM/python/gem5/components/cachehierarchies/ruby/__init__.py.cc
 [     CXX] ARM/python/gem5/components/cachehierarchies/classic/caches/mmu_cache.py.cc -> .pyo
 [     CXX] ARM/python/gem5/components/cachehierarchies/ruby/__init__.py.cc -> .pyo
 [EMBED PY] src/python/gem5/components/cachehierarchies/ruby/abstract_ruby_cache_hierarchy.py -> ARM/python/gem5/components/cachehierarchies/ruby/abstract_ruby_cache_hierarchy.py.cc
 [     CXX] ARM/python/gem5/components/cachehierarchies/ruby/abstract_ruby_cache_hierarchy.py.cc -> .pyo
 [EMBED PY] src/python/gem5/components/cachehierarchies/ruby/mesi_two_level_cache_hierarchy.py -> ARM/python/gem5/components/cachehierarchies/ruby/mesi_two_level_cache_hierarchy.py.cc
 [     CXX] ARM/python/gem5/components/cachehierarchies/ruby/mesi_two_level_cache_hierarchy.py.cc -> .pyo
 [EMBED PY] src/python/gem5/components/cachehierarchies/ruby/mesi_three_level_cache_hierarchy.py -> ARM/python/gem5/components/cachehierarchies/ruby/mesi_three_level_cache_hierarchy.py.cc
 [     CXX] ARM/python/gem5/components/cachehierarchies/ruby/mesi_three_level_cache_hierarchy.py.cc -> .pyo
 [EMBED PY] src/python/gem5/components/cachehierarchies/ruby/mi_example_cache_hierarchy.py -> ARM/python/gem5/components/cachehierarchies/ruby/mi_example_cache_hierarchy.py.cc
 [EMBED PY] src/python/gem5/components/cachehierarchies/ruby/caches/__init__.py -> ARM/python/gem5/components/cachehierarchies/ruby/caches/__init__.py.cc
 [     CXX] ARM/python/gem5/components/cachehierarchies/ruby/mi_example_cache_hierarchy.py.cc -> .pyo
 [     CXX] ARM/python/gem5/components/cachehierarchies/ruby/caches/__init__.py.cc -> .pyo
 [EMBED PY] src/python/gem5/components/cachehierarchies/ruby/caches/mesi_two_level/__init__.py -> ARM/python/gem5/components/cachehierarchies/ruby/caches/mesi_two_level/__init__.py.cc
 [     CXX] ARM/python/gem5/components/cachehierarchies/ruby/caches/mesi_two_level/__init__.py.cc -> .pyo
 [EMBED PY] src/python/gem5/components/cachehierarchies/ruby/caches/mesi_two_level/directory.py -> ARM/python/gem5/components/cachehierarchies/ruby/caches/mesi_two_level/directory.py.cc
 [     CXX] ARM/python/gem5/components/cachehierarchies/ruby/caches/mesi_two_level/directory.py.cc -> .pyo
 [EMBED PY] src/python/gem5/components/cachehierarchies/ruby/caches/mesi_two_level/dma_controller.py -> ARM/python/gem5/components/cachehierarchies/ruby/caches/mesi_two_level/dma_controller.py.cc
 [     CXX] ARM/python/gem5/components/cachehierarchies/ruby/caches/mesi_two_level/dma_controller.py.cc -> .pyo
 [EMBED PY] src/python/gem5/components/cachehierarchies/ruby/caches/mesi_two_level/l1_cache.py -> ARM/python/gem5/components/cachehierarchies/ruby/caches/mesi_two_level/l1_cache.py.cc
 [     CXX] ARM/python/gem5/components/cachehierarchies/ruby/caches/mesi_two_level/l1_cache.py.cc -> .pyo
 [EMBED PY] src/python/gem5/components/cachehierarchies/ruby/caches/mesi_two_level/l2_cache.py -> ARM/python/gem5/components/cachehierarchies/ruby/caches/mesi_two_level/l2_cache.py.cc
 [     CXX] ARM/python/gem5/components/cachehierarchies/ruby/caches/mesi_two_level/l2_cache.py.cc -> .pyo
 [EMBED PY] src/python/gem5/components/cachehierarchies/ruby/caches/mesi_three_level/__init__.py -> ARM/python/gem5/components/cachehierarchies/ruby/caches/mesi_three_level/__init__.py.cc
 [EMBED PY] src/python/gem5/components/cachehierarchies/ruby/caches/mesi_three_level/directory.py -> ARM/python/gem5/components/cachehierarchies/ruby/caches/mesi_three_level/directory.py.cc
 [     CXX] ARM/python/gem5/components/cachehierarchies/ruby/caches/mesi_three_level/__init__.py.cc -> .pyo
 [     CXX] ARM/python/gem5/components/cachehierarchies/ruby/caches/mesi_three_level/directory.py.cc -> .pyo
 [EMBED PY] src/python/gem5/components/cachehierarchies/ruby/caches/mesi_three_level/dma_controller.py -> ARM/python/gem5/components/cachehierarchies/ruby/caches/mesi_three_level/dma_controller.py.cc
 [     CXX] ARM/python/gem5/components/cachehierarchies/ruby/caches/mesi_three_level/dma_controller.py.cc -> .pyo
 [EMBED PY] src/python/gem5/components/cachehierarchies/ruby/caches/mesi_three_level/l1_cache.py -> ARM/python/gem5/components/cachehierarchies/ruby/caches/mesi_three_level/l1_cache.py.cc
 [     CXX] ARM/python/gem5/components/cachehierarchies/ruby/caches/mesi_three_level/l1_cache.py.cc -> .pyo
 [EMBED PY] src/python/gem5/components/cachehierarchies/ruby/caches/mesi_three_level/l2_cache.py -> ARM/python/gem5/components/cachehierarchies/ruby/caches/mesi_three_level/l2_cache.py.cc
 [     CXX] ARM/python/gem5/components/cachehierarchies/ruby/caches/mesi_three_level/l2_cache.py.cc -> .pyo
 [EMBED PY] src/python/gem5/components/cachehierarchies/ruby/caches/mesi_three_level/l3_cache.py -> ARM/python/gem5/components/cachehierarchies/ruby/caches/mesi_three_level/l3_cache.py.cc
 [     CXX] ARM/python/gem5/components/cachehierarchies/ruby/caches/mesi_three_level/l3_cache.py.cc -> .pyo
 [EMBED PY] src/python/gem5/components/cachehierarchies/ruby/caches/prebuilt/__init__.py -> ARM/python/gem5/components/cachehierarchies/ruby/caches/prebuilt/__init__.py.cc
 [     CXX] ARM/python/gem5/components/cachehierarchies/ruby/caches/prebuilt/__init__.py.cc -> .pyo
 [EMBED PY] src/python/gem5/components/cachehierarchies/ruby/caches/prebuilt/octopi_cache/__init__.py -> ARM/python/gem5/components/cachehierarchies/ruby/caches/prebuilt/octopi_cache/__init__.py.cc
 [     CXX] ARM/python/gem5/components/cachehierarchies/ruby/caches/prebuilt/octopi_cache/__init__.py.cc -> .pyo
 [EMBED PY] src/python/gem5/components/cachehierarchies/ruby/caches/prebuilt/octopi_cache/octopi.py -> ARM/python/gem5/components/cachehierarchies/ruby/caches/prebuilt/octopi_cache/octopi.py.cc
 [     CXX] ARM/python/gem5/components/cachehierarchies/ruby/caches/prebuilt/octopi_cache/octopi.py.cc -> .pyo
 [EMBED PY] src/python/gem5/components/cachehierarchies/ruby/caches/prebuilt/octopi_cache/core_complex.py -> ARM/python/gem5/components/cachehierarchies/ruby/caches/prebuilt/octopi_cache/core_complex.py.cc
 [EMBED PY] src/python/gem5/components/cachehierarchies/ruby/caches/prebuilt/octopi_cache/octopi_network.py -> ARM/python/gem5/components/cachehierarchies/ruby/caches/prebuilt/octopi_cache/octopi_network.py.cc
 [EMBED PY] src/python/gem5/components/cachehierarchies/ruby/caches/prebuilt/octopi_cache/ruby_network_components.py -> ARM/python/gem5/components/cachehierarchies/ruby/caches/prebuilt/octopi_cache/ruby_network_components.py.cc
 [     CXX] ARM/python/gem5/components/cachehierarchies/ruby/caches/prebuilt/octopi_cache/core_complex.py.cc -> .pyo
 [     CXX] ARM/python/gem5/components/cachehierarchies/ruby/caches/prebuilt/octopi_cache/octopi_network.py.cc -> .pyo
 [     CXX] ARM/python/gem5/components/cachehierarchies/ruby/caches/prebuilt/octopi_cache/ruby_network_components.py.cc -> .pyo
 [EMBED PY] src/python/gem5/components/cachehierarchies/ruby/caches/mi_example/__init__.py -> ARM/python/gem5/components/cachehierarchies/ruby/caches/mi_example/__init__.py.cc
 [     CXX] ARM/python/gem5/components/cachehierarchies/ruby/caches/mi_example/__init__.py.cc -> .pyo
 [EMBED PY] src/python/gem5/components/cachehierarchies/ruby/caches/mi_example/directory.py -> ARM/python/gem5/components/cachehierarchies/ruby/caches/mi_example/directory.py.cc
 [     CXX] ARM/python/gem5/components/cachehierarchies/ruby/caches/mi_example/directory.py.cc -> .pyo
 [EMBED PY] src/python/gem5/components/cachehierarchies/ruby/caches/mi_example/dma_controller.py -> ARM/python/gem5/components/cachehierarchies/ruby/caches/mi_example/dma_controller.py.cc
 [     CXX] ARM/python/gem5/components/cachehierarchies/ruby/caches/mi_example/dma_controller.py.cc -> .pyo
 [EMBED PY] src/python/gem5/components/cachehierarchies/ruby/caches/mi_example/l1_cache.py -> ARM/python/gem5/components/cachehierarchies/ruby/caches/mi_example/l1_cache.py.cc
 [     CXX] ARM/python/gem5/components/cachehierarchies/ruby/caches/mi_example/l1_cache.py.cc -> .pyo
 [EMBED PY] src/python/gem5/components/cachehierarchies/ruby/caches/viper/__init__.py -> ARM/python/gem5/components/cachehierarchies/ruby/caches/viper/__init__.py.cc
 [     CXX] ARM/python/gem5/components/cachehierarchies/ruby/caches/viper/__init__.py.cc -> .pyo
 [EMBED PY] src/python/gem5/components/cachehierarchies/ruby/caches/viper/corepair_cache.py -> ARM/python/gem5/components/cachehierarchies/ruby/caches/viper/corepair_cache.py.cc
 [     CXX] ARM/python/gem5/components/cachehierarchies/ruby/caches/viper/corepair_cache.py.cc -> .pyo
 [EMBED PY] src/python/gem5/components/cachehierarchies/ruby/caches/viper/directory.py -> ARM/python/gem5/components/cachehierarchies/ruby/caches/viper/directory.py.cc
 [     CXX] ARM/python/gem5/components/cachehierarchies/ruby/caches/viper/directory.py.cc -> .pyo
 [EMBED PY] src/python/gem5/components/cachehierarchies/ruby/caches/viper/dma_controller.py -> ARM/python/gem5/components/cachehierarchies/ruby/caches/viper/dma_controller.py.cc
 [     CXX] ARM/python/gem5/components/cachehierarchies/ruby/caches/viper/dma_controller.py.cc -> .pyo
 [EMBED PY] src/python/gem5/components/cachehierarchies/ruby/caches/viper/tcp.py -> ARM/python/gem5/components/cachehierarchies/ruby/caches/viper/tcp.py.cc
 [     CXX] ARM/python/gem5/components/cachehierarchies/ruby/caches/viper/tcp.py.cc -> .pyo
 [EMBED PY] src/python/gem5/components/cachehierarchies/ruby/caches/viper/sqc.py -> ARM/python/gem5/components/cachehierarchies/ruby/caches/viper/sqc.py.cc
 [     CXX] ARM/python/gem5/components/cachehierarchies/ruby/caches/viper/sqc.py.cc -> .pyo
 [EMBED PY] src/python/gem5/components/cachehierarchies/ruby/caches/viper/tcc.py -> ARM/python/gem5/components/cachehierarchies/ruby/caches/viper/tcc.py.cc
 [EMBED PY] src/python/gem5/components/cachehierarchies/ruby/topologies/__init__.py -> ARM/python/gem5/components/cachehierarchies/ruby/topologies/__init__.py.cc
 [     CXX] ARM/python/gem5/components/cachehierarchies/ruby/caches/viper/tcc.py.cc -> .pyo
 [     CXX] ARM/python/gem5/components/cachehierarchies/ruby/topologies/__init__.py.cc -> .pyo
 [EMBED PY] src/python/gem5/components/cachehierarchies/ruby/topologies/simple_pt2pt.py -> ARM/python/gem5/components/cachehierarchies/ruby/topologies/simple_pt2pt.py.cc
 [     CXX] ARM/python/gem5/components/cachehierarchies/ruby/topologies/simple_pt2pt.py.cc -> .pyo
 [EMBED PY] src/python/gem5/components/devices/__init__.py -> ARM/python/gem5/components/devices/__init__.py.cc
 [     CXX] ARM/python/gem5/components/devices/__init__.py.cc -> .pyo
 [EMBED PY] src/python/gem5/components/devices/gpus/__init__.py -> ARM/python/gem5/components/devices/gpus/__init__.py.cc
 [EMBED PY] src/python/gem5/components/devices/gpus/amdgpu.py -> ARM/python/gem5/components/devices/gpus/amdgpu.py.cc
 [     CXX] ARM/python/gem5/components/devices/gpus/__init__.py.cc -> .pyo
 [     CXX] ARM/python/gem5/components/devices/gpus/amdgpu.py.cc -> .pyo
 [EMBED PY] src/python/gem5/components/devices/gpus/viper_shader.py -> ARM/python/gem5/components/devices/gpus/viper_shader.py.cc
 [EMBED PY] src/python/gem5/components/memory/__init__.py -> ARM/python/gem5/components/memory/__init__.py.cc
 [     CXX] ARM/python/gem5/components/memory/__init__.py.cc -> .pyo
 [     CXX] ARM/python/gem5/components/devices/gpus/viper_shader.py.cc -> .pyo
 [EMBED PY] src/python/gem5/components/memory/abstract_memory_system.py -> ARM/python/gem5/components/memory/abstract_memory_system.py.cc
 [     CXX] ARM/python/gem5/components/memory/abstract_memory_system.py.cc -> .pyo
 [EMBED PY] src/python/gem5/components/memory/dramsim_3.py -> ARM/python/gem5/components/memory/dramsim_3.py.cc
 [     CXX] ARM/python/gem5/components/memory/dramsim_3.py.cc -> .pyo
 [EMBED PY] src/python/gem5/components/memory/simple.py -> ARM/python/gem5/components/memory/simple.py.cc
 [     CXX] ARM/python/gem5/components/memory/simple.py.cc -> .pyo
 [EMBED PY] src/python/gem5/components/memory/memory.py -> ARM/python/gem5/components/memory/memory.py.cc
 [EMBED PY] src/python/gem5/components/memory/single_channel.py -> ARM/python/gem5/components/memory/single_channel.py.cc
 [     CXX] ARM/python/gem5/components/memory/memory.py.cc -> .pyo
 [     CXX] ARM/python/gem5/components/memory/single_channel.py.cc -> .pyo
 [EMBED PY] src/python/gem5/components/memory/multi_channel.py -> ARM/python/gem5/components/memory/multi_channel.py.cc
 [EMBED PY] src/python/gem5/components/memory/hbm.py -> ARM/python/gem5/components/memory/hbm.py.cc
 [     CXX] ARM/python/gem5/components/memory/multi_channel.py.cc -> .pyo
 [     CXX] ARM/python/gem5/components/memory/hbm.py.cc -> .pyo
 [EMBED PY] src/python/gem5/components/memory/dram_interfaces/__init__.py -> ARM/python/gem5/components/memory/dram_interfaces/__init__.py.cc
 [     CXX] ARM/python/gem5/components/memory/dram_interfaces/__init__.py.cc -> .pyo
 [EMBED PY] src/python/gem5/components/memory/dram_interfaces/ddr3.py -> ARM/python/gem5/components/memory/dram_interfaces/ddr3.py.cc
 [     CXX] ARM/python/gem5/components/memory/dram_interfaces/ddr3.py.cc -> .pyo
 [EMBED PY] src/python/gem5/components/memory/dram_interfaces/ddr4.py -> ARM/python/gem5/components/memory/dram_interfaces/ddr4.py.cc
 [     CXX] ARM/python/gem5/components/memory/dram_interfaces/ddr4.py.cc -> .pyo
 [EMBED PY] src/python/gem5/components/memory/dram_interfaces/ddr5.py -> ARM/python/gem5/components/memory/dram_interfaces/ddr5.py.cc
 [     CXX] ARM/python/gem5/components/memory/dram_interfaces/ddr5.py.cc -> .pyo
 [EMBED PY] src/python/gem5/components/memory/dram_interfaces/gddr.py -> ARM/python/gem5/components/memory/dram_interfaces/gddr.py.cc
 [     CXX] ARM/python/gem5/components/memory/dram_interfaces/gddr.py.cc -> .pyo
 [EMBED PY] src/python/gem5/components/memory/dram_interfaces/hbm.py -> ARM/python/gem5/components/memory/dram_interfaces/hbm.py.cc
 [EMBED PY] src/python/gem5/components/memory/dram_interfaces/hmc.py -> ARM/python/gem5/components/memory/dram_interfaces/hmc.py.cc
 [EMBED PY] src/python/gem5/components/memory/dram_interfaces/lpddr2.py -> ARM/python/gem5/components/memory/dram_interfaces/lpddr2.py.cc
 [     CXX] ARM/python/gem5/components/memory/dram_interfaces/hbm.py.cc -> .pyo
 [     CXX] ARM/python/gem5/components/memory/dram_interfaces/hmc.py.cc -> .pyo
 [     CXX] ARM/python/gem5/components/memory/dram_interfaces/lpddr2.py.cc -> .pyo
 [EMBED PY] src/python/gem5/components/memory/dram_interfaces/lpddr3.py -> ARM/python/gem5/components/memory/dram_interfaces/lpddr3.py.cc
 [     CXX] ARM/python/gem5/components/memory/dram_interfaces/lpddr3.py.cc -> .pyo
 [EMBED PY] src/python/gem5/components/memory/dram_interfaces/lpddr5.py -> ARM/python/gem5/components/memory/dram_interfaces/lpddr5.py.cc
 [     CXX] ARM/python/gem5/components/memory/dram_interfaces/lpddr5.py.cc -> .pyo
 [EMBED PY] src/python/gem5/components/memory/dram_interfaces/wideio.py -> ARM/python/gem5/components/memory/dram_interfaces/wideio.py.cc
 [     CXX] ARM/python/gem5/components/memory/dram_interfaces/wideio.py.cc -> .pyo
 [EMBED PY] src/python/gem5/components/processors/__init__.py -> ARM/python/gem5/components/processors/__init__.py.cc
 [EMBED PY] src/python/gem5/components/processors/abstract_core.py -> ARM/python/gem5/components/processors/abstract_core.py.cc
 [     CXX] ARM/python/gem5/components/processors/__init__.py.cc -> .pyo
 [EMBED PY] src/python/gem5/components/processors/abstract_generator_core.py -> ARM/python/gem5/components/processors/abstract_generator_core.py.cc
 [     CXX] ARM/python/gem5/components/processors/abstract_core.py.cc -> .pyo
 [EMBED PY] src/python/gem5/components/processors/abstract_generator.py -> ARM/python/gem5/components/processors/abstract_generator.py.cc
 [     CXX] ARM/python/gem5/components/processors/abstract_generator_core.py.cc -> .pyo
 [EMBED PY] src/python/gem5/components/processors/abstract_processor.py -> ARM/python/gem5/components/processors/abstract_processor.py.cc
 [     CXX] ARM/python/gem5/components/processors/abstract_generator.py.cc -> .pyo
 [     CXX] ARM/python/gem5/components/processors/abstract_processor.py.cc -> .pyo
 [EMBED PY] src/python/gem5/components/processors/complex_generator_core.py -> ARM/python/gem5/components/processors/complex_generator_core.py.cc
 [     CXX] ARM/python/gem5/components/processors/complex_generator_core.py.cc -> .pyo
 [EMBED PY] src/python/gem5/components/processors/complex_generator.py -> ARM/python/gem5/components/processors/complex_generator.py.cc
 [     CXX] ARM/python/gem5/components/processors/complex_generator.py.cc -> .pyo
 [EMBED PY] src/python/gem5/components/processors/cpu_types.py -> ARM/python/gem5/components/processors/cpu_types.py.cc
 [     CXX] ARM/python/gem5/components/processors/cpu_types.py.cc -> .pyo
 [EMBED PY] src/python/gem5/components/processors/gups_generator_core.py -> ARM/python/gem5/components/processors/gups_generator_core.py.cc
 [     CXX] ARM/python/gem5/components/processors/gups_generator_core.py.cc -> .pyo
 [EMBED PY] src/python/gem5/components/processors/gups_generator.py -> ARM/python/gem5/components/processors/gups_generator.py.cc
 [EMBED PY] src/python/gem5/components/processors/gups_generator_ep.py -> ARM/python/gem5/components/processors/gups_generator_ep.py.cc
 [EMBED PY] src/python/gem5/components/processors/gups_generator_par.py -> ARM/python/gem5/components/processors/gups_generator_par.py.cc
 [EMBED PY] src/python/gem5/components/processors/linear_generator_core.py -> ARM/python/gem5/components/processors/linear_generator_core.py.cc
 [     CXX] ARM/python/gem5/components/processors/gups_generator.py.cc -> .pyo
 [     CXX] ARM/python/gem5/components/processors/gups_generator_ep.py.cc -> .pyo
 [     CXX] ARM/python/gem5/components/processors/linear_generator_core.py.cc -> .pyo
 [     CXX] ARM/python/gem5/components/processors/gups_generator_par.py.cc -> .pyo
 [EMBED PY] src/python/gem5/components/processors/linear_generator.py -> ARM/python/gem5/components/processors/linear_generator.py.cc
 [     CXX] ARM/python/gem5/components/processors/linear_generator.py.cc -> .pyo
 [EMBED PY] src/python/gem5/components/processors/strided_generator_core.py -> ARM/python/gem5/components/processors/strided_generator_core.py.cc
 [EMBED PY] src/python/gem5/components/processors/strided_generator.py -> ARM/python/gem5/components/processors/strided_generator.py.cc
 [     CXX] ARM/python/gem5/components/processors/strided_generator_core.py.cc -> .pyo
 [     CXX] ARM/python/gem5/components/processors/strided_generator.py.cc -> .pyo
 [EMBED PY] src/python/gem5/components/processors/random_generator_core.py -> ARM/python/gem5/components/processors/random_generator_core.py.cc
 [     CXX] ARM/python/gem5/components/processors/random_generator_core.py.cc -> .pyo
 [EMBED PY] src/python/gem5/components/processors/random_generator.py -> ARM/python/gem5/components/processors/random_generator.py.cc
 [     CXX] ARM/python/gem5/components/processors/random_generator.py.cc -> .pyo
 [EMBED PY] src/python/gem5/components/processors/spatter_gen/__init__.py -> ARM/python/gem5/components/processors/spatter_gen/__init__.py.cc
 [     CXX] ARM/python/gem5/components/processors/spatter_gen/__init__.py.cc -> .pyo
 [EMBED PY] src/python/gem5/components/processors/spatter_gen/spatter_generator_core.py -> ARM/python/gem5/components/processors/spatter_gen/spatter_generator_core.py.cc
 [     CXX] ARM/python/gem5/components/processors/spatter_gen/spatter_generator_core.py.cc -> .pyo
 [EMBED PY] src/python/gem5/components/processors/spatter_gen/spatter_generator.py -> ARM/python/gem5/components/processors/spatter_gen/spatter_generator.py.cc
 [     CXX] ARM/python/gem5/components/processors/spatter_gen/spatter_generator.py.cc -> .pyo
 [EMBED PY] src/python/gem5/components/processors/spatter_gen/spatter_kernel.py -> ARM/python/gem5/components/processors/spatter_gen/spatter_kernel.py.cc
 [     CXX] ARM/python/gem5/components/processors/spatter_gen/spatter_kernel.py.cc -> .pyo
 [EMBED PY] src/python/gem5/components/processors/simple_core.py -> ARM/python/gem5/components/processors/simple_core.py.cc
 [     CXX] ARM/python/gem5/components/processors/simple_core.py.cc -> .pyo
 [EMBED PY] src/python/gem5/components/processors/base_cpu_core.py -> ARM/python/gem5/components/processors/base_cpu_core.py.cc
 [     CXX] ARM/python/gem5/components/processors/base_cpu_core.py.cc -> .pyo
 [EMBED PY] src/python/gem5/components/processors/simple_processor.py -> ARM/python/gem5/components/processors/simple_processor.py.cc
 [     CXX] ARM/python/gem5/components/processors/simple_processor.py.cc -> .pyo
 [EMBED PY] src/python/gem5/components/processors/decoupled_processor.py -> ARM/python/gem5/components/processors/decoupled_processor.py.cc
 [EMBED PY] src/python/gem5/components/processors/base_cpu_processor.py -> ARM/python/gem5/components/processors/base_cpu_processor.py.cc
 [     CXX] ARM/python/gem5/components/processors/decoupled_processor.py.cc -> .pyo
 [     CXX] ARM/python/gem5/components/processors/base_cpu_processor.py.cc -> .pyo
 [EMBED PY] src/python/gem5/components/processors/simple_switchable_processor.py -> ARM/python/gem5/components/processors/simple_switchable_processor.py.cc
 [     CXX] ARM/python/gem5/components/processors/simple_switchable_processor.py.cc -> .pyo
 [EMBED PY] src/python/gem5/components/processors/switchable_processor.py -> ARM/python/gem5/components/processors/switchable_processor.py.cc
 [     CXX] ARM/python/gem5/components/processors/switchable_processor.py.cc -> .pyo
 [EMBED PY] src/python/gem5/utils/simpoint.py -> ARM/python/gem5/utils/simpoint.py.cc
 [     CXX] ARM/python/gem5/utils/simpoint.py.cc -> .pyo
 [EMBED PY] src/python/gem5/components/processors/traffic_generator_core.py -> ARM/python/gem5/components/processors/traffic_generator_core.py.cc
 [EMBED PY] src/python/gem5/components/processors/traffic_generator.py -> ARM/python/gem5/components/processors/traffic_generator.py.cc
 [     CXX] ARM/python/gem5/components/processors/traffic_generator.py.cc -> .pyo
 [     CXX] ARM/python/gem5/components/processors/traffic_generator_core.py.cc -> .pyo
 [EMBED PY] src/python/gem5/prebuilt/__init__.py -> ARM/python/gem5/prebuilt/__init__.py.cc
 [     CXX] ARM/python/gem5/prebuilt/__init__.py.cc -> .pyo
 [EMBED PY] src/python/gem5/prebuilt/demo/__init__.py -> ARM/python/gem5/prebuilt/demo/__init__.py.cc
 [EMBED PY] src/python/gem5/prebuilt/demo/x86_demo_board.py -> ARM/python/gem5/prebuilt/demo/x86_demo_board.py.cc
 [EMBED PY] src/python/gem5/prebuilt/demo/riscv_demo_board.py -> ARM/python/gem5/prebuilt/demo/riscv_demo_board.py.cc
 [     CXX] ARM/python/gem5/prebuilt/demo/__init__.py.cc -> .pyo
 [     CXX] ARM/python/gem5/prebuilt/demo/x86_demo_board.py.cc -> .pyo
 [     CXX] ARM/python/gem5/prebuilt/demo/riscv_demo_board.py.cc -> .pyo
 [EMBED PY] src/python/gem5/prebuilt/demo/arm_demo_board.py -> ARM/python/gem5/prebuilt/demo/arm_demo_board.py.cc
 [     CXX] ARM/python/gem5/prebuilt/demo/arm_demo_board.py.cc -> .pyo
 [EMBED PY] src/python/gem5/prebuilt/riscvmatched/__init__.py -> ARM/python/gem5/prebuilt/riscvmatched/__init__.py.cc
 [EMBED PY] src/python/gem5/prebuilt/riscvmatched/riscvmatched_board.py -> ARM/python/gem5/prebuilt/riscvmatched/riscvmatched_board.py.cc
 [     CXX] ARM/python/gem5/prebuilt/riscvmatched/__init__.py.cc -> .pyo
 [     CXX] ARM/python/gem5/prebuilt/riscvmatched/riscvmatched_board.py.cc -> .pyo
 [EMBED PY] src/python/gem5/prebuilt/riscvmatched/riscvmatched_cache.py -> ARM/python/gem5/prebuilt/riscvmatched/riscvmatched_cache.py.cc
 [     CXX] ARM/python/gem5/prebuilt/riscvmatched/riscvmatched_cache.py.cc -> .pyo
 [EMBED PY] src/python/gem5/prebuilt/riscvmatched/riscvmatched_processor.py -> ARM/python/gem5/prebuilt/riscvmatched/riscvmatched_processor.py.cc
 [     CXX] ARM/python/gem5/prebuilt/riscvmatched/riscvmatched_processor.py.cc -> .pyo
 [EMBED PY] src/python/gem5/prebuilt/riscvmatched/riscvmatched_core.py -> ARM/python/gem5/prebuilt/riscvmatched/riscvmatched_core.py.cc
 [     CXX] ARM/python/gem5/prebuilt/riscvmatched/riscvmatched_core.py.cc -> .pyo
 [EMBED PY] src/python/gem5/prebuilt/viper/__init__.py -> ARM/python/gem5/prebuilt/viper/__init__.py.cc
 [EMBED PY] src/python/gem5/prebuilt/viper/board.py -> ARM/python/gem5/prebuilt/viper/board.py.cc
 [     CXX] ARM/python/gem5/prebuilt/viper/__init__.py.cc -> .pyo
 [     CXX] ARM/python/gem5/prebuilt/viper/board.py.cc -> .pyo
 [EMBED PY] src/python/gem5/prebuilt/viper/cpu_cache_hierarchy.py -> ARM/python/gem5/prebuilt/viper/cpu_cache_hierarchy.py.cc
 [     CXX] ARM/python/gem5/prebuilt/viper/cpu_cache_hierarchy.py.cc -> .pyo
 [EMBED PY] src/python/gem5/prebuilt/viper/gpu_cache_hierarchy.py -> ARM/python/gem5/prebuilt/viper/gpu_cache_hierarchy.py.cc
 [     CXX] ARM/python/gem5/prebuilt/viper/gpu_cache_hierarchy.py.cc -> .pyo
 [EMBED PY] src/python/gem5/prebuilt/viper/viper_network.py -> ARM/python/gem5/prebuilt/viper/viper_network.py.cc
 [     CXX] ARM/python/gem5/prebuilt/viper/viper_network.py.cc -> .pyo
 [EMBED PY] src/python/gem5/resources/__init__.py -> ARM/python/gem5/resources/__init__.py.cc
 [     CXX] ARM/python/gem5/resources/__init__.py.cc -> .pyo
 [EMBED PY] src/python/gem5/resources/client.py -> ARM/python/gem5/resources/client.py.cc
 [     CXX] ARM/python/gem5/resources/client.py.cc -> .pyo
 [EMBED PY] src/python/gem5/resources/downloader.py -> ARM/python/gem5/resources/downloader.py.cc
 [EMBED PY] src/python/gem5/resources/md5_utils.py -> ARM/python/gem5/resources/md5_utils.py.cc
 [EMBED PY] src/python/gem5/resources/resource.py -> ARM/python/gem5/resources/resource.py.cc
 [     CXX] ARM/python/gem5/resources/downloader.py.cc -> .pyo
 [     CXX] ARM/python/gem5/resources/md5_utils.py.cc -> .pyo
 [     CXX] ARM/python/gem5/resources/resource.py.cc -> .pyo
 [EMBED PY] src/python/gem5/resources/workload.py -> ARM/python/gem5/resources/workload.py.cc
 [     CXX] ARM/python/gem5/resources/workload.py.cc -> .pyo
 [EMBED PY] src/python/gem5/resources/looppoint.py -> ARM/python/gem5/resources/looppoint.py.cc
 [     CXX] ARM/python/gem5/resources/looppoint.py.cc -> .pyo
 [EMBED PY] src/python/gem5/resources/elfie.py -> ARM/python/gem5/resources/elfie.py.cc
 [     CXX] ARM/python/gem5/resources/elfie.py.cc -> .pyo
 [EMBED PY] src/python/gem5/resources/client_api/__init__.py -> ARM/python/gem5/resources/client_api/__init__.py.cc
 [     CXX] ARM/python/gem5/resources/client_api/__init__.py.cc -> .pyo
 [EMBED PY] src/python/gem5/resources/client_api/jsonclient.py -> ARM/python/gem5/resources/client_api/jsonclient.py.cc
 [     CXX] ARM/python/gem5/resources/client_api/jsonclient.py.cc -> .pyo
 [EMBED PY] src/python/gem5/resources/client_api/azure_functions_client.py -> ARM/python/gem5/resources/client_api/azure_functions_client.py.cc
 [EMBED PY] src/python/gem5/resources/client_api/abstract_client.py -> ARM/python/gem5/resources/client_api/abstract_client.py.cc
 [     CXX] ARM/python/gem5/resources/client_api/azure_functions_client.py.cc -> .pyo
 [     CXX] ARM/python/gem5/resources/client_api/abstract_client.py.cc -> .pyo
 [EMBED PY] src/python/gem5/resources/client_api/client_query.py -> ARM/python/gem5/resources/client_api/client_query.py.cc
 [EMBED PY] src/python/gem5/gem5_default_config.py -> ARM/python/gem5/gem5_default_config.py.cc
 [     CXX] ARM/python/gem5/resources/client_api/client_query.py.cc -> .pyo
 [     CXX] ARM/python/gem5/gem5_default_config.py.cc -> .pyo
 [EMBED PY] src/python/gem5/utils/__init__.py -> ARM/python/gem5/utils/__init__.py.cc
 [     CXX] ARM/python/gem5/utils/__init__.py.cc -> .pyo
 [EMBED PY] src/python/gem5/utils/filelock.py -> ARM/python/gem5/utils/filelock.py.cc
 [     CXX] ARM/python/gem5/utils/filelock.py.cc -> .pyo
 [EMBED PY] src/python/gem5/utils/override.py -> ARM/python/gem5/utils/override.py.cc
 [     CXX] ARM/python/gem5/utils/override.py.cc -> .pyo
 [EMBED PY] src/python/gem5/utils/progress_bar.py -> ARM/python/gem5/utils/progress_bar.py.cc
 [     CXX] ARM/python/gem5/utils/progress_bar.py.cc -> .pyo
 [EMBED PY] src/python/gem5/utils/requires.py -> ARM/python/gem5/utils/requires.py.cc
 [     CXX] ARM/python/gem5/utils/requires.py.cc -> .pyo
 [EMBED PY] src/python/gem5/utils/socks_ssl_context.py -> ARM/python/gem5/utils/socks_ssl_context.py.cc
 [     CXX] ARM/python/gem5/utils/socks_ssl_context.py.cc -> .pyo
 [EMBED PY] src/python/gem5/utils/multisim/__init__.py -> ARM/python/gem5/utils/multisim/__init__.py.cc
 [EMBED PY] src/python/gem5/utils/multisim/multisim.py -> ARM/python/gem5/utils/multisim/multisim.py.cc
 [     CXX] ARM/python/gem5/utils/multisim/__init__.py.cc -> .pyo
 [EMBED PY] src/python/gem5/utils/multisim/__main__.py -> ARM/python/gem5/utils/multisim/__main__.py.cc
 [     CXX] ARM/python/gem5/utils/multisim/multisim.py.cc -> .pyo
 [     CXX] ARM/python/gem5/utils/multisim/__main__.py.cc -> .pyo
 [EMBED PY] src/python/gem5/utils/multiprocessing/__init__.py -> ARM/python/gem5/utils/multiprocessing/__init__.py.cc
 [     CXX] ARM/python/gem5/utils/multiprocessing/__init__.py.cc -> .pyo
 [EMBED PY] src/python/gem5/utils/multiprocessing/_command_line.py -> ARM/python/gem5/utils/multiprocessing/_command_line.py.cc
 [     CXX] ARM/python/gem5/utils/multiprocessing/_command_line.py.cc -> .pyo
 [EMBED PY] src/python/gem5/utils/multiprocessing/context.py -> ARM/python/gem5/utils/multiprocessing/context.py.cc
 [     CXX] ARM/python/gem5/utils/multiprocessing/context.py.cc -> .pyo
 [EMBED PY] src/python/gem5/utils/multiprocessing/popen_spawn_gem5.py -> ARM/python/gem5/utils/multiprocessing/popen_spawn_gem5.py.cc
 [     CXX] ARM/python/gem5/utils/multiprocessing/popen_spawn_gem5.py.cc -> .pyo
 [EMBED PY] src/python/importer.py -> ARM/python/importer.py.cc
 [EMBED PY] src/python/m5/__init__.py -> ARM/python/m5/__init__.py.cc
 [EMBED PY] src/python/m5/SimObject.py -> ARM/python/m5/SimObject.py.cc
 [     CXX] ARM/python/m5/__init__.py.cc -> .pyo
 [     CXX] ARM/python/importer.py.cc -> .pyo
 [     CXX] ARM/python/m5/SimObject.py.cc -> .pyo
 [EMBED PY] src/python/m5/citations.py -> ARM/python/m5/citations.py.cc
 [     CXX] ARM/python/m5/citations.py.cc -> .pyo
 [EMBED PY] src/python/m5/core.py -> ARM/python/m5/core.py.cc
 [     CXX] ARM/python/m5/core.py.cc -> .pyo
 [EMBED PY] src/python/m5/debug.py -> ARM/python/m5/debug.py.cc
 [     CXX] ARM/python/m5/debug.py.cc -> .pyo
 [EMBED PY] src/python/m5/event.py -> ARM/python/m5/event.py.cc
 [     CXX] ARM/python/m5/event.py.cc -> .pyo
 [EMBED PY] src/python/m5/main.py -> ARM/python/m5/main.py.cc
 [     CXX] ARM/python/m5/main.py.cc -> .pyo
 [EMBED PY] src/python/m5/options.py -> ARM/python/m5/options.py.cc
 [     CXX] ARM/python/m5/options.py.cc -> .pyo
 [EMBED PY] src/python/m5/proxy.py -> ARM/python/m5/proxy.py.cc
 [     CXX] ARM/python/m5/proxy.py.cc -> .pyo
 [EMBED PY] src/python/m5/simulate.py -> ARM/python/m5/simulate.py.cc
 [     CXX] ARM/python/m5/simulate.py.cc -> .pyo
 [EMBED PY] src/python/m5/ticks.py -> ARM/python/m5/ticks.py.cc
 [     CXX] ARM/python/m5/ticks.py.cc -> .pyo
 [EMBED PY] src/python/m5/trace.py -> ARM/python/m5/trace.py.cc
 [     CXX] ARM/python/m5/trace.py.cc -> .pyo
 [EMBED PY] src/python/m5/objects/__init__.py -> ARM/python/m5/objects/__init__.py.cc
 [     CXX] ARM/python/m5/objects/__init__.py.cc -> .pyo
 [EMBED PY] src/python/m5/params/__init__.py -> ARM/python/m5/params/__init__.py.cc
 [     CXX] ARM/python/m5/params/__init__.py.cc -> .pyo
 [EMBED PY] src/python/m5/params/base_params.py -> ARM/python/m5/params/base_params.py.cc
 [     CXX] ARM/python/m5/params/base_params.py.cc -> .pyo
 [EMBED PY] src/python/m5/params/deprecated_params.py -> ARM/python/m5/params/deprecated_params.py.cc
 [     CXX] ARM/python/m5/params/deprecated_params.py.cc -> .pyo
 [EMBED PY] src/python/m5/params/enum_params.py -> ARM/python/m5/params/enum_params.py.cc
 [     CXX] ARM/python/m5/params/enum_params.py.cc -> .pyo
 [EMBED PY] src/python/m5/params/network_params.py -> ARM/python/m5/params/network_params.py.cc
 [     CXX] ARM/python/m5/params/network_params.py.cc -> .pyo
 [EMBED PY] src/python/m5/params/null_params.py -> ARM/python/m5/params/null_params.py.cc
 [     CXX] ARM/python/m5/params/null_params.py.cc -> .pyo
 [EMBED PY] src/python/m5/params/pin_params.py -> ARM/python/m5/params/pin_params.py.cc
 [     CXX] ARM/python/m5/params/pin_params.py.cc -> .pyo
 [EMBED PY] src/python/m5/params/param_types.py -> ARM/python/m5/params/param_types.py.cc
 [     CXX] ARM/python/m5/params/param_types.py.cc -> .pyo
 [EMBED PY] src/python/m5/params/port_params.py -> ARM/python/m5/params/port_params.py.cc
 [     CXX] ARM/python/m5/params/port_params.py.cc -> .pyo
 [EMBED PY] src/python/m5/params/power_params.py -> ARM/python/m5/params/power_params.py.cc
 [EMBED PY] src/python/m5/params/time_params.py -> ARM/python/m5/params/time_params.py.cc
 [EMBED PY] src/python/m5/stats/__init__.py -> ARM/python/m5/stats/__init__.py.cc
 [     CXX] ARM/python/m5/params/power_params.py.cc -> .pyo
 [     CXX] ARM/python/m5/params/time_params.py.cc -> .pyo
 [     CXX] ARM/python/m5/stats/__init__.py.cc -> .pyo
 [EMBED PY] src/python/m5/util/__init__.py -> ARM/python/m5/util/__init__.py.cc
 [     CXX] ARM/python/m5/util/__init__.py.cc -> .pyo
 [EMBED PY] src/python/m5/util/attrdict.py -> ARM/python/m5/util/attrdict.py.cc
 [     CXX] ARM/python/m5/util/attrdict.py.cc -> .pyo
 [EMBED PY] src/python/m5/util/convert.py -> ARM/python/m5/util/convert.py.cc
 [EMBED PY] src/python/m5/util/dot_writer.py -> ARM/python/m5/util/dot_writer.py.cc
 [     CXX] ARM/python/m5/util/convert.py.cc -> .pyo
 [     CXX] ARM/python/m5/util/dot_writer.py.cc -> .pyo
 [EMBED PY] src/python/m5/util/dot_writer_ruby.py -> ARM/python/m5/util/dot_writer_ruby.py.cc
 [     CXX] ARM/python/m5/util/dot_writer_ruby.py.cc -> .pyo
 [EMBED PY] src/python/m5/util/fdthelper.py -> ARM/python/m5/util/fdthelper.py.cc
 [EMBED PY] src/python/m5/util/multidict.py -> ARM/python/m5/util/multidict.py.cc
 [     CXX] ARM/python/m5/util/fdthelper.py.cc -> .pyo
 [     CXX] ARM/python/m5/util/multidict.py.cc -> .pyo
 [EMBED PY] src/python/m5/util/pybind.py -> ARM/python/m5/util/pybind.py.cc
 [     CXX] ARM/python/m5/util/pybind.py.cc -> .pyo
 [EMBED PY] src/python/m5/util/terminal.py -> ARM/python/m5/util/terminal.py.cc
 [     CXX] ARM/python/m5/util/terminal.py.cc -> .pyo
 [EMBED PY] src/python/m5/util/terminal_formatter.py -> ARM/python/m5/util/terminal_formatter.py.cc
 [     CXX] ARM/python/m5/util/terminal_formatter.py.cc -> .pyo
 [EMBED PY] src/python/m5/ext/__init__.py -> ARM/python/m5/ext/__init__.py.cc
 [     CXX] ARM/python/m5/ext/__init__.py.cc -> .pyo
 [EMBED PY] src/python/m5/ext/pyfdt/pyfdt.py -> ARM/python/m5/ext/pyfdt/pyfdt.py.cc
 [     CXX] ARM/python/m5/ext/pyfdt/pyfdt.py.cc -> .pyo
 [EMBED PY] src/python/m5/ext/pyfdt/__init__.py -> ARM/python/m5/ext/pyfdt/__init__.py.cc
 [     CXX] ARM/python/m5/ext/pyfdt/__init__.py.cc -> .pyo
 [EMBED PY] src/python/m5/ext/pystats/__init__.py -> ARM/python/m5/ext/pystats/__init__.py.cc
 [     CXX] ARM/python/m5/ext/pystats/__init__.py.cc -> .pyo
 [EMBED PY] src/python/m5/ext/pystats/serializable_stat.py -> ARM/python/m5/ext/pystats/serializable_stat.py.cc
 [     CXX] ARM/python/m5/ext/pystats/serializable_stat.py.cc -> .pyo
 [EMBED PY] src/python/m5/ext/pystats/abstract_stat.py -> ARM/python/m5/ext/pystats/abstract_stat.py.cc
 [     CXX] ARM/python/m5/ext/pystats/abstract_stat.py.cc -> .pyo
 [EMBED PY] src/python/m5/ext/pystats/group.py -> ARM/python/m5/ext/pystats/group.py.cc
 [     CXX] ARM/python/m5/ext/pystats/group.py.cc -> .pyo
 [EMBED PY] src/python/m5/ext/pystats/simstat.py -> ARM/python/m5/ext/pystats/simstat.py.cc
 [     CXX] ARM/python/m5/ext/pystats/simstat.py.cc -> .pyo
 [EMBED PY] src/python/m5/ext/pystats/statistic.py -> ARM/python/m5/ext/pystats/statistic.py.cc
 [     CXX] ARM/python/m5/ext/pystats/statistic.py.cc -> .pyo
 [EMBED PY] src/python/m5/ext/pystats/storagetype.py -> ARM/python/m5/ext/pystats/storagetype.py.cc
 [     CXX] ARM/python/m5/ext/pystats/storagetype.py.cc -> .pyo
 [EMBED PY] src/python/m5/ext/pystats/timeconversion.py -> ARM/python/m5/ext/pystats/timeconversion.py.cc
 [     CXX] ARM/python/m5/ext/pystats/timeconversion.py.cc -> .pyo
 [EMBED PY] src/python/m5/ext/pystats/jsonloader.py -> ARM/python/m5/ext/pystats/jsonloader.py.cc
 [     CXX] ARM/python/m5/ext/pystats/jsonloader.py.cc -> .pyo
 [EMBED PY] src/python/m5/stats/gem5stats.py -> ARM/python/m5/stats/gem5stats.py.cc
 [     CXX] ARM/python/m5/stats/gem5stats.py.cc -> .pyo
 [EMBED PY] src/python/m5/objects/SimObject.py -> ARM/python/m5/objects/SimObject.py.cc
 [     CXX] ARM/python/m5/objects/SimObject.py.cc -> .pyo
 [EMBED PY] src/sst/OutgoingRequestBridge.py -> ARM/sst/OutgoingRequestBridge.py.cc
 [     CXX] ARM/sst/OutgoingRequestBridge.py.cc -> .pyo
 [EMBED PY] src/sim/ClockedObject.py -> ARM/sim/ClockedObject.py.cc
 [     CXX] ARM/sim/ClockedObject.py.cc -> .pyo
 [EMBED PY] src/sim/TickedObject.py -> ARM/sim/TickedObject.py.cc
 [     CXX] ARM/sim/TickedObject.py.cc -> .pyo
 [EMBED PY] src/sim/Workload.py -> ARM/sim/Workload.py.cc
 [     CXX] ARM/sim/Workload.py.cc -> .pyo
 [EMBED PY] src/sim/Root.py -> ARM/sim/Root.py.cc
 [     CXX] ARM/sim/Root.py.cc -> .pyo
 [EMBED PY] src/sim/ClockDomain.py -> ARM/sim/ClockDomain.py.cc
 [     CXX] ARM/sim/ClockDomain.py.cc -> .pyo
 [EMBED PY] src/sim/VoltageDomain.py -> ARM/sim/VoltageDomain.py.cc
 [     CXX] ARM/sim/VoltageDomain.py.cc -> .pyo
 [EMBED PY] src/sim/System.py -> ARM/sim/System.py.cc
 [     CXX] ARM/sim/System.py.cc -> .pyo
 [EMBED PY] src/sim/DVFSHandler.py -> ARM/sim/DVFSHandler.py.cc
 [     CXX] ARM/sim/DVFSHandler.py.cc -> .pyo
 [EMBED PY] src/sim/SubSystem.py -> ARM/sim/SubSystem.py.cc
 [     CXX] ARM/sim/SubSystem.py.cc -> .pyo
 [EMBED PY] src/sim/RedirectPath.py -> ARM/sim/RedirectPath.py.cc
 [     CXX] ARM/sim/RedirectPath.py.cc -> .pyo
 [EMBED PY] src/sim/PowerState.py -> ARM/sim/PowerState.py.cc
 [     CXX] ARM/sim/PowerState.py.cc -> .pyo
 [EMBED PY] src/sim/PowerDomain.py -> ARM/sim/PowerDomain.py.cc
 [     CXX] ARM/sim/PowerDomain.py.cc -> .pyo
 [EMBED PY] src/sim/SignalPort.py -> ARM/sim/SignalPort.py.cc
 [     CXX] ARM/sim/SignalPort.py.cc -> .pyo
 [EMBED PY] src/sim/InstTracer.py -> ARM/sim/InstTracer.py.cc
 [     CXX] ARM/sim/InstTracer.py.cc -> .pyo
 [EMBED PY] src/sim/Process.py -> ARM/sim/Process.py.cc
 [     CXX] ARM/sim/Process.py.cc -> .pyo
 [EMBED PY] src/sim/power/MathExprPowerModel.py -> ARM/sim/power/MathExprPowerModel.py.cc
 [     CXX] ARM/sim/power/MathExprPowerModel.py.cc -> .pyo
 [EMBED PY] src/sim/power/PowerModel.py -> ARM/sim/power/PowerModel.py.cc
 [EMBED PY] src/sim/power/PowerModelState.py -> ARM/sim/power/PowerModelState.py.cc
 [     CXX] ARM/sim/power/PowerModel.py.cc -> .pyo
 [EMBED PY] src/sim/power/ThermalDomain.py -> ARM/sim/power/ThermalDomain.py.cc
 [     CXX] ARM/sim/power/PowerModelState.py.cc -> .pyo
 [     CXX] ARM/sim/power/ThermalDomain.py.cc -> .pyo
 [EMBED PY] src/sim/power/ThermalModel.py -> ARM/sim/power/ThermalModel.py.cc
 [     CXX] ARM/sim/power/ThermalModel.py.cc -> .pyo
 [EMBED PY] src/sim/probe/Probe.py -> ARM/sim/probe/Probe.py.cc
 [     CXX] ARM/sim/probe/Probe.py.cc -> .pyo
 [EMBED PY] ARM/python/m5/defines.py -> .cc
 [    INFO] COPYING, LICENSE, README.md -> ARM/python/m5/info.py
 [     CXX] ARM/python/m5/defines.py.cc -> .pyo
 [EMBED PY] ARM/python/m5/info.py -> .cc
 [     CXX] ARM/python/m5/info.py.cc -> .pyo
 [ TRACING]  -> ARM/debug/Mwait.hh
 [ TRACING]  -> ARM/debug/Event.hh
 [ TRACING]  -> ARM/debug/InvalidReg.hh
 [ TRACING]  -> ARM/debug/IntPin.hh
 [ TRACING]  -> ARM/debug/Activity.cc
 [ TRACING]  -> ARM/debug/Commit.cc
 [ TRACING]  -> ARM/debug/Commit.hh
 [ TRACING]  -> ARM/debug/Activity.hh
 [ TRACING]  -> ARM/debug/Context.cc
 [ TRACING]  -> ARM/debug/Decode.cc
 [ TRACING]  -> ARM/debug/Context.hh
 [ TRACING]  -> ARM/debug/Decode.hh
 [ TRACING]  -> ARM/debug/DynInst.cc
 [ TRACING]  -> ARM/debug/ExecEnable.cc
 [ TRACING]  -> ARM/debug/DynInst.hh
 [ TRACING]  -> ARM/debug/ExecEnable.hh
 [ TRACING]  -> ARM/debug/ExecCPSeq.cc
 [ TRACING]  -> ARM/debug/ExecEffAddr.cc
 [ TRACING]  -> ARM/debug/ExecCPSeq.hh
 [ TRACING]  -> ARM/debug/ExecEffAddr.hh
 [ TRACING]  -> ARM/debug/ExecFaulting.cc
 [ TRACING]  -> ARM/debug/ExecFetchSeq.cc
 [ TRACING]  -> ARM/debug/ExecFaulting.hh
 [ TRACING]  -> ARM/debug/ExecFetchSeq.hh
 [ TRACING]  -> ARM/debug/ExecOpClass.cc
 [ TRACING]  -> ARM/debug/ExecRegDelta.cc
 [ TRACING]  -> ARM/debug/ExecOpClass.hh
 [ TRACING]  -> ARM/debug/ExecRegDelta.hh
 [ TRACING]  -> ARM/debug/ExecResult.cc
 [ TRACING]  -> ARM/debug/ExecSymbol.cc
 [ TRACING]  -> ARM/debug/ExecResult.hh
 [ TRACING]  -> ARM/debug/ExecSymbol.hh
 [ TRACING]  -> ARM/debug/ExecThread.cc
 [ TRACING]  -> ARM/debug/ExecMicro.cc
 [ TRACING]  -> ARM/debug/ExecMacro.cc
 [ TRACING]  -> ARM/debug/ExecThread.hh
 [ TRACING]  -> ARM/debug/ExecMicro.hh
 [ TRACING]  -> ARM/debug/ExecMacro.hh
 [ TRACING]  -> ARM/debug/ExecUser.cc
 [ TRACING]  -> ARM/debug/ExecKernel.cc
 [ TRACING]  -> ARM/debug/ExecAsid.cc
 [ TRACING]  -> ARM/debug/ExecFlags.cc
 [ TRACING]  -> ARM/debug/ExecUser.hh
 [ TRACING]  -> ARM/debug/ExecKernel.hh
 [ TRACING]  -> ARM/debug/ExecFlags.hh
 [ TRACING]  -> ARM/debug/ExecAsid.hh
 [ TRACING]  -> ARM/debug/Fetch.cc
 [ TRACING]  -> ARM/debug/HtmCpu.cc
 [ TRACING]  -> ARM/debug/InvalidReg.cc
 [ TRACING]  -> ARM/debug/O3PipeView.cc
 [ TRACING]  -> ARM/debug/PCEvent.cc
 [ TRACING]  -> ARM/debug/Fetch.hh
 [ TRACING]  -> ARM/debug/Quiesce.cc
 [ TRACING]  -> ARM/debug/HtmCpu.hh
 [ TRACING]  -> ARM/debug/O3PipeView.hh
 [ TRACING]  -> ARM/debug/PCEvent.hh
 [ TRACING]  -> ARM/debug/Mwait.cc
 [ TRACING]  -> ARM/debug/Quiesce.hh
 [ TRACING]  -> ARM/debug/ExecAll.cc
 [ TRACING]  -> ARM/debug/Exec.cc
 [ TRACING]  -> ARM/debug/ExecNoTicks.cc
 [     CXX] ARM/cpu/FuncUnit.py.cc -> .o
 [ TRACING]  -> ARM/debug/ExecAll.hh
 [     CXX] ARM/cpu/StaticInstFlags.py.cc -> .o
 [     CXX] ARM/cpu/InstPBTrace.py.cc -> .o
 [ TRACING]  -> ARM/debug/ExecNoTicks.hh
 [ TRACING]  -> ARM/debug/Exec.hh
 [     CXX] ARM/cpu/BaseCPU.py.cc -> .o
 [     CXX] ARM/cpu/CpuCluster.py.cc -> .o
 [ TRACING]  -> ARM/debug/FmtTicksOff.hh
 [     CXX] ARM/cpu/CPUTracers.py.cc -> .o
 [     CXX] ARM/cpu/TimingExpr.py.cc -> .o
 [    LINK]  -> ARM/gem5py_m5
 [ TRACING]  -> ARM/debug/SyscallVerbose.hh
 [ TRACING]  -> ARM/debug/Thread.hh
 [ TRACING]  -> ARM/debug/Checker.hh
 [ TRACING]  -> ARM/debug/CCRegs.hh
 [ TRACING]  -> ARM/debug/FloatRegs.hh
 [ TRACING]  -> ARM/debug/IntRegs.hh
 [ TRACING]  -> ARM/debug/MatRegs.hh
 [ TRACING]  -> ARM/debug/VecPredRegs.hh
 [ TRACING]  -> ARM/debug/VecRegs.hh
 [ TRACING]  -> ARM/debug/Vma.hh
 [ TRACING]  -> ARM/debug/GDBMisc.hh
 [ TRACING]  -> ARM/debug/Stack.hh
 [     CXX] ARM/cpu/DummyChecker.py.cc -> .o
 [ TRACING]  -> ARM/debug/Checker.cc
 [     CXX] ARM/cpu/probes/PcCountTracker.py.cc -> .o
 [ TRACING]  -> ARM/debug/PcCountTracker.hh
 [ TRACING]  -> ARM/debug/PcCountTracker.cc
 [     CXX] ARM/cpu/probes/InstTracker.py.cc -> .o
 [ TRACING]  -> ARM/debug/InstTracker.hh
 [ TRACING]  -> ARM/debug/InstTracker.cc
 [     CXX] ARM/cpu/trace/TraceCPU.py.cc -> .o
 [ TRACING]  -> ARM/debug/TraceCPUData.hh
 [ TRACING]  -> ARM/debug/TraceCPUInst.hh
 [ TRACING]  -> ARM/debug/TraceCPUData.cc
 [ TRACING]  -> ARM/debug/TraceCPUInst.cc
 [     CXX] ARM/cpu/checker/CheckerCPU.py.cc -> .o
 [SO Param] m5.objects.TraceCPU, TraceCPU -> ARM/python/_m5/param_TraceCPU.cc
 [SO Param] m5.objects.TimingExpr, TimingExprIf -> ARM/params/TimingExprIf.hh
 [SO Param] m5.objects.TimingExpr, TimingExprLet -> ARM/params/TimingExprLet.hh
 [SO Param] m5.objects.TimingExpr, TimingExpr -> ARM/params/TimingExpr.hh
 [SO Param] m5.objects.CPUTracers, NativeTrace -> ARM/params/NativeTrace.hh
 [SO Param] m5.objects.FuncUnit, OpDesc -> ARM/params/OpDesc.hh
 [SO Param] m5.objects.InstPBTrace, InstPBTrace -> ARM/python/_m5/param_InstPBTrace.cc
 [SO Param] m5.objects.BaseCPU, BaseCPU -> ARM/params/BaseCPU.hh
 [SO Param] m5.objects.CpuCluster, CpuCluster -> ARM/python/_m5/param_CpuCluster.cc
 [ENUM STR] m5.objects.StaticInstFlags, StaticInstFlags -> ARM/enums/StaticInstFlags.cc
 [SO Param] m5.objects.CheckerCPU, CheckerCPU -> ARM/params/CheckerCPU.hh
 [SO Param] m5.objects.CpuCluster, CpuCluster -> ARM/params/CpuCluster.hh
 [SO Param] m5.objects.VoltageDomain, VoltageDomain -> ARM/params/VoltageDomain.hh
 [SO Param] m5.objects.SubSystem, SubSystem -> ARM/params/SubSystem.hh
 [SO Param] m5.objects.InstTracer, InstTracer -> ARM/params/InstTracer.hh
 [SO Param] m5.objects.TimingExpr, TimingExprBin -> ARM/python/_m5/param_TimingExprBin.cc
 [ENUM STR] m5.objects.TimingExpr, TimingExprOp -> ARM/enums/TimingExprOp.cc
 [SO Param] m5.objects.TraceCPU, TraceCPU -> ARM/params/TraceCPU.hh
 [SO Param] m5.objects.PcCountTracker, PcCountTrackerManager -> ARM/python/_m5/param_PcCountTrackerManager.cc
 [SO Param] m5.objects.Root, Root -> ARM/params/Root.hh
 [SO Param] m5.objects.CPUTracers, IntelTrace -> ARM/python/_m5/param_IntelTrace.cc
 [SO Param] m5.objects.InstTracer, InstDisassembler -> ARM/params/InstDisassembler.hh
 [SO Param] m5.objects.TimingExpr, TimingExprSrcReg -> ARM/python/_m5/param_TimingExprSrcReg.cc
 [SO Param] m5.objects.TimingExpr, TimingExprRef -> ARM/python/_m5/param_TimingExprRef.cc
 [SO Param] m5.objects.FuncUnit, FUDesc -> ARM/python/_m5/param_FUDesc.cc
 [SO Param] m5.objects.Workload, Workload -> ARM/params/Workload.hh
 [SO Param] m5.objects.ClockDomain, SrcClockDomain -> ARM/params/SrcClockDomain.hh
 [SO Param] m5.objects.BaseTLB, BaseTLB -> ARM/params/BaseTLB.hh
 [SO Param] m5.objects.DummyChecker, DummyChecker -> ARM/python/_m5/param_DummyChecker.cc
 [SO Param] m5.objects.InstPBTrace, InstPBTrace -> ARM/params/InstPBTrace.hh
 [SO Param] m5.objects.InstTracker, LocalInstTracker -> ARM/python/_m5/param_LocalInstTracker.cc
 [SO Param] m5.objects.DummyChecker, DummyChecker -> ARM/params/DummyChecker.hh
 [SO Param] m5.objects.BaseISA, BaseISA -> ARM/params/BaseISA.hh
 [SO Param] m5.objects.Process, Process -> ARM/params/Process.hh
 [ENUMDECL] m5.objects.FuncUnit, OpClass -> ARM/enums/OpClass.hh
 [SO Param] m5.objects.CHAOSReg, CHAOSReg -> ARM/python/_m5/param_CHAOSReg.cc
 [SO Param] m5.objects.BaseMMU, BaseMMU -> ARM/params/BaseMMU.hh
 [SO Param] m5.objects.CPUTracers, ExeTracer -> ARM/python/_m5/param_ExeTracer.cc
 [SO Param] m5.objects.SimObject, SimObject -> ARM/params/SimObject.hh
 [ENUMDECL] m5.objects.StaticInstFlags, StaticInstFlags -> ARM/enums/StaticInstFlags.hh
 [SO Param] m5.objects.System, System -> ARM/params/System.hh
 [SO Param] m5.objects.PowerState, PowerState -> ARM/params/PowerState.hh
 [SO Param] m5.objects.TimingExpr, TimingExprBin -> ARM/params/TimingExprBin.hh
 [ENUMDECL] m5.objects.TimingExpr, TimingExprOp -> ARM/enums/TimingExprOp.hh
 [SO Param] m5.objects.CPUTracers, IntelTrace -> ARM/params/IntelTrace.hh
 [SO Param] m5.objects.TimingExpr, TimingExprSrcReg -> ARM/params/TimingExprSrcReg.hh
 [SO Param] m5.objects.FuncUnit, FUDesc -> ARM/params/FUDesc.hh
 [SO Param] m5.objects.TimingExpr, TimingExprRef -> ARM/params/TimingExprRef.hh
 [SO Param] m5.objects.CHAOSReg, CHAOSReg -> ARM/params/CHAOSReg.hh
 [SO Param] m5.objects.InstTracker, GlobalInstTracker -> ARM/python/_m5/param_GlobalInstTracker.cc
 [SO Param] m5.objects.PcCountTracker, PcCountTracker -> ARM/python/_m5/param_PcCountTracker.cc
 [SO Param] m5.objects.TimingExpr, TimingExprUn -> ARM/python/_m5/param_TimingExprUn.cc
 [SO Param] m5.objects.InstTracker, LocalInstTracker -> ARM/params/LocalInstTracker.hh
 [SO Param] m5.objects.CPUTracers, ExeTracer -> ARM/params/ExeTracer.hh
 [SO Param] m5.objects.TimingExpr, TimingExprIf -> ARM/python/_m5/param_TimingExprIf.cc
 [SO Param] m5.objects.InstDecoder, InstDecoder -> ARM/params/InstDecoder.hh
 [SO Param] m5.objects.ClockedObject, ClockedObject -> ARM/params/ClockedObject.hh
 [SO Param] m5.objects.TimingExpr, TimingExprLet -> ARM/python/_m5/param_TimingExprLet.cc
 [SO Param] m5.objects.TimingExpr, TimingExprLiteral -> ARM/python/_m5/param_TimingExprLiteral.cc
 [SO Param] m5.objects.TimingExpr, TimingExpr -> ARM/python/_m5/param_TimingExpr.cc
 [SO Param] m5.objects.CPUTracers, NativeTrace -> ARM/python/_m5/param_NativeTrace.cc
 [SO Param] m5.objects.FuncUnit, OpDesc -> ARM/python/_m5/param_OpDesc.cc
 [SO Param] m5.objects.BaseInterrupts, BaseInterrupts -> ARM/params/BaseInterrupts.hh
 [SO Param] m5.objects.ClockDomain, ClockDomain -> ARM/params/ClockDomain.hh
 [SO Param] m5.objects.BaseCPU, BaseCPU -> ARM/python/_m5/param_BaseCPU.cc
 [SO Param] m5.objects.Workload, StubWorkload -> ARM/params/StubWorkload.hh
 [SO Param] m5.objects.ClockDomain, DerivedClockDomain -> ARM/params/DerivedClockDomain.hh
 [ENUM STR] m5.objects.FuncUnit, OpClass -> ARM/enums/OpClass.cc
 [SO Param] m5.objects.RedirectPath, RedirectPath -> ARM/params/RedirectPath.hh
 [ENUMDECL] m5.objects.BaseTLB, TypeTLB -> ARM/enums/TypeTLB.hh
 [SO Param] m5.objects.PowerModel, PowerModel -> ARM/params/PowerModel.hh
 [SO Param] m5.objects.Process, EmulatedDriver -> ARM/params/EmulatedDriver.hh
 [SO Param] m5.objects.AbstractMemory, AbstractMemory -> ARM/params/AbstractMemory.hh
 [SO Param] m5.objects.ThermalDomain, ThermalDomain -> ARM/params/ThermalDomain.hh
 [SO Param] m5.objects.ThermalModel, ThermalModel -> ARM/params/ThermalModel.hh
 [SO Param] m5.objects.TimingExpr, TimingExprLiteral -> ARM/params/TimingExprLiteral.hh
 [SO Param] m5.objects.InstTracker, GlobalInstTracker -> ARM/params/GlobalInstTracker.hh
 [SO Param] m5.objects.PcCountTracker, PcCountTrackerManager -> ARM/params/PcCountTrackerManager.hh
 [SO Param] m5.objects.PcCountTracker, PcCountTracker -> ARM/params/PcCountTracker.hh
 [ENUMDECL] m5.objects.SimObject, ByteOrder -> ARM/enums/ByteOrder.hh
 [SO Param] m5.objects.TimingExpr, TimingExprUn -> ARM/params/TimingExprUn.hh
 [ENUMDECL] m5.objects.System, MemoryMode -> ARM/enums/MemoryMode.hh
 [ENUMDECL] m5.objects.PowerState, PwrState -> ARM/enums/PwrState.hh
 [SO Param] m5.objects.Probe, ProbeListenerObject -> ARM/params/ProbeListenerObject.hh
 [SO Param] m5.objects.CheckerCPU, CheckerCPU -> ARM/python/_m5/param_CheckerCPU.cc
 [ENUMDECL] m5.objects.PowerModel, PMType -> ARM/enums/PMType.hh
 [SO Param] m5.objects.PowerModelState, PowerModelState -> ARM/params/PowerModelState.hh
 [     CXX] ARM/cpu/kvm/KvmVM.py.cc -> .o
 [SO Param] m5.objects.KvmVM, KvmVM -> ARM/python/_m5/param_KvmVM.cc
 [     CXX] ARM/cpu/kvm/BaseKvmCPU.py.cc -> .o
 [SO Param] m5.objects.BaseKvmCPU, BaseKvmCPU -> ARM/python/_m5/param_BaseKvmCPU.cc
 [ TRACING]  -> ARM/debug/Checkpoint.hh
 [ TRACING]  -> ARM/debug/Drain.hh
 [ TRACING]  -> ARM/debug/Kvm.hh
 [ TRACING]  -> ARM/debug/KvmIO.hh
 [ TRACING]  -> ARM/debug/KvmRun.hh
 [SO Param] m5.objects.BaseKvmCPU, BaseKvmCPU -> ARM/params/BaseKvmCPU.hh
 [SO Param] m5.objects.KvmVM, KvmVM -> ARM/params/KvmVM.hh
 [ TRACING]  -> ARM/debug/KvmTimer.hh
 [ TRACING]  -> ARM/debug/Kvm.cc
 [ TRACING]  -> ARM/debug/KvmContext.cc
 [ TRACING]  -> ARM/debug/KvmIO.cc
 [ TRACING]  -> ARM/debug/KvmInt.cc
 [ TRACING]  -> ARM/debug/KvmRun.cc
 [ TRACING]  -> ARM/debug/KvmContext.hh
 [ TRACING]  -> ARM/debug/KvmTimer.cc
 [ TRACING]  -> ARM/debug/KvmInt.hh
 [ TRACING]  -> ARM/debug/KvmAll.cc
 [     CXX] ARM/cpu/o3/FUPool.py.cc -> .o
 [SO Param] m5.objects.FUPool, FUPool -> ARM/python/_m5/param_FUPool.cc
 [ TRACING]  -> ARM/debug/KvmAll.hh
 [     CXX] ARM/cpu/o3/FuncUnitConfig.py.cc -> .o
 [     CXX] ARM/cpu/o3/BaseO3CPU.py.cc -> .o
 [SO Param] m5.objects.BaseO3CPU, BaseO3CPU -> ARM/python/_m5/param_BaseO3CPU.cc
 [     CXX] ARM/cpu/o3/IQUnit.py.cc -> .o
 [SO Param] m5.objects.FUPool, FUPool -> ARM/params/FUPool.hh
 [ENUMDECL] m5.objects.SMT, CommitPolicy -> ARM/enums/CommitPolicy.hh
 [ENUMDECL] m5.objects.SMT, SMTFetchPolicy -> ARM/enums/SMTFetchPolicy.hh
 [ENUMDECL] m5.objects.SMT, SMTQueuePolicy -> ARM/enums/SMTQueuePolicy.hh
 [SO Param] m5.objects.BaseO3CPU, BaseO3CPU -> ARM/params/BaseO3CPU.hh
 [ENUMDECL] m5.objects.BranchPredictor, TargetProvider -> ARM/enums/TargetProvider.hh
 [SO Param] m5.objects.BranchPredictor, BranchPredictor -> ARM/params/BranchPredictor.hh
 [SO Param] m5.objects.ReplacementPolicies, BaseReplacementPolicy -> ARM/params/BaseReplacementPolicy.hh
 [SO Param] m5.objects.IndexingPolicies, BaseIndexingPolicy -> ARM/params/BaseIndexingPolicy.hh
 [ TRACING]  -> ARM/debug/LSQUnit.hh
 [SO Param] m5.objects.CHAOSIQ, CHAOSIQ -> ARM/params/CHAOSIQ.hh
 [ TRACING]  -> ARM/debug/MemDepUnit.hh
 [ENUMDECL] m5.objects.BranchPredictor, BranchType -> ARM/enums/BranchType.hh
 [SO Param] m5.objects.BranchPredictor, BranchTargetBuffer -> ARM/params/BranchTargetBuffer.hh
 [SO Param] m5.objects.BranchPredictor, ConditionalPredictor -> ARM/params/ConditionalPredictor.hh
 [SO Param] m5.objects.BranchPredictor, IndirectPredictor -> ARM/params/IndirectPredictor.hh
 [SO Param] m5.objects.BranchPredictor, ReturnAddrStack -> ARM/params/ReturnAddrStack.hh
 [ TRACING]  -> ARM/debug/FreeList.hh
 [ TRACING]  -> ARM/debug/IEW.hh
 [ TRACING]  -> ARM/debug/Scoreboard.hh
 [SO Param] m5.objects.CHAOSBPU, CHAOSBPU -> ARM/params/CHAOSBPU.hh
 [SO Param] m5.objects.CHAOSRAS, CHAOSRAS -> ARM/params/CHAOSRAS.hh
 [SO Param] m5.objects.CHAOSFreeList, CHAOSFreeList -> ARM/params/CHAOSFreeList.hh
 [SO Param] m5.objects.CHAOSROB, CHAOSROB -> ARM/params/CHAOSROB.hh
 [SO Param] m5.objects.CHAOSRenameMap, CHAOSRenameMap -> ARM/params/CHAOSRenameMap.hh
 [SO Param] m5.objects.IQUnit, IQUnit -> ARM/python/_m5/param_IQUnit.cc
 [SO Param] m5.objects.IQUnit, IQUnit -> ARM/params/IQUnit.hh
 [     CXX] ARM/cpu/o3/SMT.py.cc -> .o
 [     CXX] ARM/python/_m5/param_BaseO3CPU.cc -> .o
 [ENUM STR] m5.objects.SMT, SMTFetchPolicy -> ARM/enums/SMTFetchPolicy.cc
 [ENUM STR] m5.objects.SMT, SMTQueuePolicy -> ARM/enums/SMTQueuePolicy.cc
 [ENUM STR] m5.objects.SMT, CommitPolicy -> ARM/enums/CommitPolicy.cc
 [ TRACING]  -> ARM/debug/BAC.hh
 [ TRACING]  -> ARM/debug/Branch.hh
 [ TRACING]  -> ARM/debug/FTQ.hh
 [     CXX] src/cpu/o3/bac.cc -> ARM/cpu/o3/bac.o
 [ TRACING]  -> ARM/debug/CommitRate.hh
 [SO Param] m5.objects.CHAOSCommitTrace, CHAOSCommitTrace -> ARM/params/CHAOSCommitTrace.hh
 [SO Param] m5.objects.CHAOSMicroSnap, CHAOSMicroSnap -> ARM/params/CHAOSMicroSnap.hh
 [ TRACING]  -> ARM/debug/O3CPU.hh
 [     CXX] src/cpu/o3/cpu.cc -> ARM/cpu/o3/cpu.o
 [     CXX] src/cpu/o3/commit.cc -> ARM/cpu/o3/commit.o
 [     CXX] src/cpu/o3/decode.cc -> ARM/cpu/o3/decode.o
 [ TRACING]  -> ARM/debug/IQ.hh
 [SO Param] m5.objects.CHAOSExec, CHAOSExec -> ARM/params/CHAOSExec.hh
 [SO Param] m5.objects.CHAOSFPU, CHAOSFPU -> ARM/params/CHAOSFPU.hh
 [     CXX] src/cpu/o3/dyn_inst.cc -> ARM/cpu/o3/dyn_inst.o
 [SO Param] m5.objects.CHAOSDecode, CHAOSDecode -> ARM/params/CHAOSDecode.hh
 [     CXX] src/cpu/o3/fetch.cc -> ARM/cpu/o3/fetch.o
 [     CXX] src/cpu/o3/ftq.cc -> ARM/cpu/o3/ftq.o
 [     CXX] src/cpu/o3/iew.cc -> ARM/cpu/o3/iew.o
 [     CXX] src/cpu/o3/inst_queue.cc -> ARM/cpu/o3/inst_queue.o
 [ TRACING]  -> ARM/debug/LSQ.hh
 [ TRACING]  -> ARM/debug/Writeback.hh
 [SO Param] m5.objects.CHAOSAddrPath, CHAOSAddrPath -> ARM/params/CHAOSAddrPath.hh
 [     CXX] src/cpu/o3/lsq.cc -> ARM/cpu/o3/lsq.o
 [SO Param] m5.objects.CHAOSL1DForward, CHAOSL1DForward -> ARM/params/CHAOSL1DForward.hh
 [SO Param] m5.objects.CHAOSLSQFwd, CHAOSLSQFwd -> ARM/params/CHAOSLSQFwd.hh
 [     CXX] src/cpu/o3/lsq_unit.cc -> ARM/cpu/o3/lsq_unit.o
 [     CXX] src/cpu/o3/mem_dep_unit.cc -> ARM/cpu/o3/mem_dep_unit.o
 [ TRACING]  -> ARM/debug/Rename.hh
 [     CXX] src/cpu/o3/rename.cc -> ARM/cpu/o3/rename.o
 [     CXX] src/cpu/o3/rename_map.cc -> ARM/cpu/o3/rename_map.o
 [ TRACING]  -> ARM/debug/ROB.hh
 [     CXX] src/cpu/o3/rob.cc -> ARM/cpu/o3/rob.o
 [ TRACING]  -> ARM/debug/StoreSet.hh
 [     CXX] src/cpu/o3/store_set.cc -> ARM/cpu/o3/store_set.o
 [     CXX] src/cpu/o3/thread_context.cc -> ARM/cpu/o3/thread_context.o
 [     CXX] src/cpu/o3/thread_state.cc -> ARM/cpu/o3/thread_state.o
 [ TRACING]  -> ARM/debug/BAC.cc
 [ TRACING]  -> ARM/debug/CommitRate.cc
 [ TRACING]  -> ARM/debug/FTQ.cc
 [ TRACING]  -> ARM/debug/IEW.cc
 [ TRACING]  -> ARM/debug/IQ.cc
 [ TRACING]  -> ARM/debug/LSQ.cc
 [ TRACING]  -> ARM/debug/LSQUnit.cc
 [ TRACING]  -> ARM/debug/MemDepUnit.cc
 [ TRACING]  -> ARM/debug/O3CPU.cc
 [ TRACING]  -> ARM/debug/ROB.cc
 [ TRACING]  -> ARM/debug/Rename.cc
 [ TRACING]  -> ARM/debug/Scoreboard.cc
 [ TRACING]  -> ARM/debug/StoreSet.cc
 [ TRACING]  -> ARM/debug/Writeback.cc
 [ TRACING]  -> ARM/debug/O3CPUAll.cc
 [ TRACING]  -> ARM/debug/O3CPUAll.hh
 [     CXX] ARM/cpu/o3/BaseO3Checker.py.cc -> .o
 [SO Param] m5.objects.BaseO3Checker, BaseO3Checker -> ARM/python/_m5/param_BaseO3Checker.cc
 [SO Param] m5.objects.BaseO3Checker, BaseO3Checker -> ARM/params/BaseO3Checker.hh
 [     CXX] ARM/python/_m5/param_BaseO3Checker.cc -> .o
 [     CXX] src/cpu/o3/checker.cc -> ARM/cpu/o3/checker.o
 [     CXX] ARM/cpu/o3/O3CPU.py.cc -> .o
 [     CXX] ARM/cpu/o3/O3Checker.py.cc -> .o
 [     CXX] ARM/cpu/o3/CHAOSCommitTrace/CHAOSCommitTrace.py.cc -> .o
 [SO Param] m5.objects.CHAOSCommitTrace, CHAOSCommitTrace -> ARM/python/_m5/param_CHAOSCommitTrace.cc
 [     CXX] src/cpu/o3/CHAOSCommitTrace/CHAOSCommitTrace.cc -> ARM/cpu/o3/CHAOSCommitTrace/CHAOSCommitTrace.o
 [ TRACING]  -> ARM/debug/CHAOSCommitTrace.cc
 [ TRACING]  -> ARM/debug/CHAOSCommitTrace.hh
 [     CXX] ARM/cpu/o3/CHAOSAddrPath/CHAOSAddrPath.py.cc -> .o
 [SO Param] m5.objects.CHAOSAddrPath, CHAOSAddrPath -> ARM/python/_m5/param_CHAOSAddrPath.cc
 [     CXX] ARM/python/_m5/param_CHAOSAddrPath.cc -> .o
 [ TRACING]  -> ARM/debug/CHAOSAddrPath.hh
 [     CXX] src/cpu/o3/CHAOSAddrPath/CHAOSAddrPath.cc -> ARM/cpu/o3/CHAOSAddrPath/CHAOSAddrPath.o
 [ TRACING]  -> ARM/debug/CHAOSAddrPath.cc
 [     CXX] ARM/cpu/o3/CHAOSDecode/CHAOSDecode.py.cc -> .o
 [SO Param] m5.objects.CHAOSDecode, CHAOSDecode -> ARM/python/_m5/param_CHAOSDecode.cc
 [ TRACING]  -> ARM/debug/CHAOSDecode.hh
 [ENUMDECL] m5.objects.ArmISA, DecoderFlavor -> ARM/enums/DecoderFlavor.hh
 [ TRACING]  -> ARM/debug/Decoder.hh
 [ TRACING]  -> ARM/debug/CHAOSDecode.cc
 [     CXX] ARM/cpu/o3/CHAOSMicroSnap/CHAOSMicroSnap.py.cc -> .o
 [     CXX] src/cpu/o3/CHAOSDecode/CHAOSDecode.cc -> ARM/cpu/o3/CHAOSDecode/CHAOSDecode.o
 [SO Param] m5.objects.CHAOSMicroSnap, CHAOSMicroSnap -> ARM/python/_m5/param_CHAOSMicroSnap.cc
 [     CXX] src/cpu/o3/CHAOSMicroSnap/CHAOSMicroSnap.cc -> ARM/cpu/o3/CHAOSMicroSnap/CHAOSMicroSnap.o
 [ TRACING]  -> ARM/debug/CHAOSMicroSnap.cc
 [ TRACING]  -> ARM/debug/CHAOSMicroSnap.hh
 [     CXX] ARM/cpu/o3/CHAOSFreeList/CHAOSFreeList.py.cc -> .o
 [SO Param] m5.objects.CHAOSFreeList, CHAOSFreeList -> ARM/python/_m5/param_CHAOSFreeList.cc
 [ TRACING]  -> ARM/debug/CHAOSFreeList.hh
 [     CXX] src/cpu/o3/CHAOSFreeList/CHAOSFreeList.cc -> ARM/cpu/o3/CHAOSFreeList/CHAOSFreeList.o
 [ TRACING]  -> ARM/debug/CHAOSFreeList.cc
 [     CXX] ARM/cpu/o3/CHAOSLSQFwd/CHAOSLSQFwd.py.cc -> .o
 [SO Param] m5.objects.CHAOSLSQFwd, CHAOSLSQFwd -> ARM/python/_m5/param_CHAOSLSQFwd.cc
 [     CXX] ARM/python/_m5/param_CHAOSLSQFwd.cc -> .o
 [     CXX] src/cpu/o3/CHAOSLSQFwd/CHAOSLSQFwd.cc -> ARM/cpu/o3/CHAOSLSQFwd/CHAOSLSQFwd.o
 [ TRACING]  -> ARM/debug/CHAOSLSQFwd.cc
 [ TRACING]  -> ARM/debug/CHAOSLSQFwd.hh
 [     CXX] ARM/cpu/o3/CHAOSRAS/CHAOSRAS.py.cc -> .o
 [SO Param] m5.objects.CHAOSRAS, CHAOSRAS -> ARM/python/_m5/param_CHAOSRAS.cc
 [ TRACING]  -> ARM/debug/CHAOSRAS.hh
 [     CXX] src/cpu/o3/CHAOSRAS/CHAOSRAS.cc -> ARM/cpu/o3/CHAOSRAS/CHAOSRAS.o
 [ TRACING]  -> ARM/debug/CHAOSRAS.cc
 [     CXX] ARM/cpu/o3/CHAOSPhysReg/CHAOSPhysReg.py.cc -> .o
 [SO Param] m5.objects.CHAOSPhysReg, CHAOSPhysReg -> ARM/python/_m5/param_CHAOSPhysReg.cc
 [SO Param] m5.objects.CHAOSPhysReg, CHAOSPhysReg -> ARM/params/CHAOSPhysReg.hh
 [     CXX] ARM/python/_m5/param_CHAOSPhysReg.cc -> .o
 [     CXX] src/cpu/o3/CHAOSPhysReg/CHAOSPhysReg.cc -> ARM/cpu/o3/CHAOSPhysReg/CHAOSPhysReg.o
 [ TRACING]  -> ARM/debug/CHAOSPhysReg.cc
 [ TRACING]  -> ARM/debug/CHAOSPhysReg.hh
 [     CXX] ARM/cpu/o3/CHAOSL1DForward/CHAOSL1DForward.py.cc -> .o
 [SO Param] m5.objects.CHAOSL1DForward, CHAOSL1DForward -> ARM/python/_m5/param_CHAOSL1DForward.cc
 [ TRACING]  -> ARM/debug/CHAOSL1DForward.hh
 [     CXX] src/cpu/o3/CHAOSL1DForward/CHAOSL1DForward.cc -> ARM/cpu/o3/CHAOSL1DForward/CHAOSL1DForward.o
src/cpu/o3/CHAOSPhysReg/CHAOSPhysReg.cc: 在成员函数‘void gem5::CHAOSPhysReg::checkPermanent()’中:
src/cpu/o3/CHAOSPhysReg/CHAOSPhysReg.cc:548:22: 警告：unused variable ‘tid’ [-Wunused-variable]
  548 |             ThreadID tid = entry.first.first;
      |                      ^~~
 [ TRACING]  -> ARM/debug/CHAOSL1DForward.cc
 [     CXX] ARM/cpu/o3/CHAOSProbe/CHAOSProbe.py.cc -> .o
 [SO Param] m5.objects.CHAOSProbe, CHAOSProbe -> ARM/python/_m5/param_CHAOSProbe.cc
 [SO Param] m5.objects.CHAOSProbe, CHAOSProbe -> ARM/params/CHAOSProbe.hh
 [ TRACING]  -> ARM/debug/CHAOSProbe.cc
 [ TRACING]  -> ARM/debug/CHAOSProbe.hh
 [     CXX] ARM/cpu/o3/CHAOSBPU/CHAOSBPU.py.cc -> .o
 [     CXX] src/cpu/o3/CHAOSProbe/CHAOSProbe.cc -> ARM/cpu/o3/CHAOSProbe/CHAOSProbe.o
 [SO Param] m5.objects.CHAOSBPU, CHAOSBPU -> ARM/python/_m5/param_CHAOSBPU.cc
 [ TRACING]  -> ARM/debug/CHAOSBPU.hh
 [     CXX] src/cpu/o3/CHAOSBPU/CHAOSBPU.cc -> ARM/cpu/o3/CHAOSBPU/CHAOSBPU.o
 [ TRACING]  -> ARM/debug/CHAOSBPU.cc
 [     CXX] ARM/cpu/o3/CHAOSExec/CHAOSExec.py.cc -> .o
 [SO Param] m5.objects.CHAOSExec, CHAOSExec -> ARM/python/_m5/param_CHAOSExec.cc
 [ TRACING]  -> ARM/debug/CHAOSExec.hh
 [     CXX] src/cpu/o3/CHAOSExec/CHAOSExec.cc -> ARM/cpu/o3/CHAOSExec/CHAOSExec.o
 [ TRACING]  -> ARM/debug/CHAOSExec.cc
 [     CXX] ARM/cpu/o3/CHAOSRenameMap/CHAOSRenameMap.py.cc -> .o
 [SO Param] m5.objects.CHAOSRenameMap, CHAOSRenameMap -> ARM/python/_m5/param_CHAOSRenameMap.cc
 [ TRACING]  -> ARM/debug/CHAOSRenameMap.hh
 [     CXX] src/cpu/o3/CHAOSRenameMap/CHAOSRenameMap.cc -> ARM/cpu/o3/CHAOSRenameMap/CHAOSRenameMap.o
 [ TRACING]  -> ARM/debug/CHAOSRenameMap.cc
 [     CXX] ARM/cpu/o3/CHAOSIQ/CHAOSIQ.py.cc -> .o
 [SO Param] m5.objects.CHAOSIQ, CHAOSIQ -> ARM/python/_m5/param_CHAOSIQ.cc
 [ TRACING]  -> ARM/debug/CHAOSIQ.hh
 [ TRACING]  -> ARM/debug/CHAOSIQ.cc
 [     CXX] src/cpu/o3/CHAOSIQ/CHAOSIQ.cc -> ARM/cpu/o3/CHAOSIQ/CHAOSIQ.o
 [     CXX] ARM/cpu/o3/CHAOSROB/CHAOSROB.py.cc -> .o
 [SO Param] m5.objects.CHAOSROB, CHAOSROB -> ARM/python/_m5/param_CHAOSROB.cc
 [ TRACING]  -> ARM/debug/CHAOSROB.hh
 [     CXX] src/cpu/o3/CHAOSROB/CHAOSROB.cc -> ARM/cpu/o3/CHAOSROB/CHAOSROB.o
 [ TRACING]  -> ARM/debug/CHAOSROB.cc
 [     CXX] ARM/cpu/o3/CHAOSFPU/CHAOSFPU.py.cc -> .o
In file included from src/cpu/o3/CHAOSIQ/CHAOSIQ.cc:1:
src/cpu/o3/CHAOSIQ/CHAOSIQ.hh: 在构造函数‘gem5::CHAOSIQ::CHAOSIQ(const gem5::CHAOSIQParams&)’中:
src/cpu/o3/CHAOSIQ/CHAOSIQ.hh:136:14: 警告：‘gem5::CHAOSIQ::cpu’ will be initialized after [-Wreorder]
  136 |     BaseCPU *cpu;
      |              ^~~
src/cpu/o3/CHAOSIQ/CHAOSIQ.hh:135:10: 警告：  ‘gem5::CHAOSIQ::Mode gem5::CHAOSIQ::fi_mode’ [-Wreorder]
  135 |     Mode fi_mode;
      |          ^~~~~~~
src/cpu/o3/CHAOSIQ/CHAOSIQ.cc:17:5: 警告：在此处初始化后被初始化 [-Wreorder]
   17 |     CHAOSIQ::CHAOSIQ(const CHAOSIQParams &p)
      |     ^~~~~~~
 [SO Param] m5.objects.CHAOSFPU, CHAOSFPU -> ARM/python/_m5/param_CHAOSFPU.cc
 [ TRACING]  -> ARM/debug/CHAOSFPU.hh
 [     CXX] src/cpu/o3/CHAOSFPU/CHAOSFPU.cc -> ARM/cpu/o3/CHAOSFPU/CHAOSFPU.o
 [ TRACING]  -> ARM/debug/CHAOSFPU.cc
 [     CXX] ARM/cpu/o3/probe/SimpleTrace.py.cc -> .o
 [SO Param] m5.objects.SimpleTrace, SimpleTrace -> ARM/python/_m5/param_SimpleTrace.cc
 [SO Param] m5.objects.SimpleTrace, SimpleTrace -> ARM/params/SimpleTrace.hh
 [ TRACING]  -> ARM/debug/SimpleTrace.hh
 [     CXX] src/cpu/o3/probe/simple_trace.cc -> ARM/cpu/o3/probe/simple_trace.o
 [ TRACING]  -> ARM/debug/SimpleTrace.cc
 [     CXX] ARM/cpu/o3/probe/ElasticTrace.py.cc -> .o
 [SO Param] m5.objects.ElasticTrace, ElasticTrace -> ARM/python/_m5/param_ElasticTrace.cc
 [SO Param] m5.objects.ElasticTrace, ElasticTrace -> ARM/params/ElasticTrace.hh
 [ TRACING]  -> ARM/debug/ElasticTrace.hh
 [ TRACING]  -> ARM/debug/ElasticTrace.cc
 [     CXX] src/cpu/o3/probe/elastic_trace.cc -> ARM/cpu/o3/probe/elastic_trace.o
 [     CXX] ARM/cpu/simple/BaseAtomicSimpleCPU.py.cc -> .o
 [SO Param] m5.objects.BaseAtomicSimpleCPU, BaseAtomicSimpleCPU -> ARM/python/_m5/param_BaseAtomicSimpleCPU.cc
 [SO Param] m5.objects.BaseAtomicSimpleCPU, BaseAtomicSimpleCPU -> ARM/params/BaseAtomicSimpleCPU.hh
 [ TRACING]  -> ARM/debug/SimpleCPU.hh
 [     CXX] ARM/cpu/simple/BaseNonCachingSimpleCPU.py.cc -> .o
 [SO Param] m5.objects.BaseSimpleCPU, BaseSimpleCPU -> ARM/params/BaseSimpleCPU.hh
 [SO Param] m5.objects.BaseNonCachingSimpleCPU, BaseNonCachingSimpleCPU -> ARM/python/_m5/param_BaseNonCachingSimpleCPU.cc
 [SO Param] m5.objects.BaseNonCachingSimpleCPU, BaseNonCachingSimpleCPU -> ARM/params/BaseNonCachingSimpleCPU.hh
 [     CXX] ARM/cpu/simple/BaseTimingSimpleCPU.py.cc -> .o
 [SO Param] m5.objects.BaseTimingSimpleCPU, BaseTimingSimpleCPU -> ARM/python/_m5/param_BaseTimingSimpleCPU.cc
 [SO Param] m5.objects.BaseTimingSimpleCPU, BaseTimingSimpleCPU -> ARM/params/BaseTimingSimpleCPU.hh
 [ TRACING]  -> ARM/debug/Config.hh
 [ TRACING]  -> ARM/debug/SimpleCPU.cc
 [     CXX] ARM/cpu/simple/BaseSimpleCPU.py.cc -> .o
 [SO Param] m5.objects.BaseSimpleCPU, BaseSimpleCPU -> ARM/python/_m5/param_BaseSimpleCPU.cc
 [     CXX] ARM/cpu/simple/AtomicSimpleCPU.py.cc -> .o
 [     CXX] ARM/cpu/simple/NonCachingSimpleCPU.py.cc -> .o
 [     CXX] ARM/cpu/simple/TimingSimpleCPU.py.cc -> .o
 [     CXX] ARM/cpu/simple/probes/SimPoint.py.cc -> .o
 [SO Param] m5.objects.SimPoint, SimPoint -> ARM/python/_m5/param_SimPoint.cc
 [SO Param] m5.objects.SimPoint, SimPoint -> ARM/params/SimPoint.hh
 [     CXX] ARM/cpu/simple/probes/LooppointAnalysis.py.cc -> .o
 [SO Param] m5.objects.LooppointAnalysis, LooppointAnalysis -> ARM/python/_m5/param_LooppointAnalysis.cc
 [SO Param] m5.objects.LooppointAnalysis, LooppointAnalysisManager -> ARM/python/_m5/param_LooppointAnalysisManager.cc
 [SO Param] m5.objects.LooppointAnalysis, LooppointAnalysis -> ARM/params/LooppointAnalysis.hh
 [ TRACING]  -> ARM/debug/LooppointAnalysis.hh
 [SO Param] m5.objects.LooppointAnalysis, LooppointAnalysisManager -> ARM/params/LooppointAnalysisManager.hh
 [ TRACING]  -> ARM/debug/LooppointAnalysis.cc
 [     CXX] ARM/cpu/pred/BranchPredictor.py.cc -> .o
 [SO Param] m5.objects.BranchPredictor, BranchPredictor -> ARM/python/_m5/param_BranchPredictor.cc
 [SO Param] m5.objects.BranchPredictor, ConditionalPredictor -> ARM/python/_m5/param_ConditionalPredictor.cc
 [SO Param] m5.objects.BranchPredictor, IndirectPredictor -> ARM/python/_m5/param_IndirectPredictor.cc
 [SO Param] m5.objects.BranchPredictor, SimpleIndirectPredictor -> ARM/python/_m5/param_SimpleIndirectPredictor.cc
 [SO Param] m5.objects.BranchPredictor, BranchTargetBuffer -> ARM/python/_m5/param_BranchTargetBuffer.cc
 [SO Param] m5.objects.BranchPredictor, SimpleIndirectPredictor -> ARM/params/SimpleIndirectPredictor.hh
 [SO Param] m5.objects.BranchPredictor, SimpleBTB -> ARM/python/_m5/param_SimpleBTB.cc
 [SO Param] m5.objects.BranchPredictor, BTBIndexingPolicy -> ARM/python/_m5/param_BTBIndexingPolicy.cc
 [SO Param] m5.objects.BranchPredictor, BTBSetAssociative -> ARM/python/_m5/param_BTBSetAssociative.cc
 [SO Param] m5.objects.BranchPredictor, SimpleBTB -> ARM/params/SimpleBTB.hh
 [SO Param] m5.objects.BranchPredictor, BTBIndexingPolicy -> ARM/params/BTBIndexingPolicy.hh
 [SO Param] m5.objects.BranchPredictor, BTBSetAssociative -> ARM/params/BTBSetAssociative.hh
 [SO Param] m5.objects.BranchPredictor, ReturnAddrStack -> ARM/python/_m5/param_ReturnAddrStack.cc
 [SO Param] m5.objects.BranchPredictor, LocalBP -> ARM/python/_m5/param_LocalBP.cc
 [SO Param] m5.objects.BranchPredictor, TournamentBP -> ARM/python/_m5/param_TournamentBP.cc
 [SO Param] m5.objects.BranchPredictor, BiModeBP -> ARM/python/_m5/param_BiModeBP.cc
 [SO Param] m5.objects.BranchPredictor, TAGEBase -> ARM/python/_m5/param_TAGEBase.cc
 [SO Param] m5.objects.BranchPredictor, TournamentBP -> ARM/params/TournamentBP.hh
 [SO Param] m5.objects.BranchPredictor, LocalBP -> ARM/params/LocalBP.hh
 [SO Param] m5.objects.BranchPredictor, BiModeBP -> ARM/params/BiModeBP.hh
 [SO Param] m5.objects.BranchPredictor, TAGEBase -> ARM/params/TAGEBase.hh
 [SO Param] m5.objects.BranchPredictor, TAGE -> ARM/python/_m5/param_TAGE.cc
 [SO Param] m5.objects.BranchPredictor, LoopPredictor -> ARM/python/_m5/param_LoopPredictor.cc
 [SO Param] m5.objects.BranchPredictor, TAGE_SC_L_TAGE -> ARM/python/_m5/param_TAGE_SC_L_TAGE.cc
 [SO Param] m5.objects.BranchPredictor, TAGE_SC_L_TAGE_64KB -> ARM/python/_m5/param_TAGE_SC_L_TAGE_64KB.cc
 [SO Param] m5.objects.BranchPredictor, TAGE -> ARM/params/TAGE.hh
 [SO Param] m5.objects.BranchPredictor, TAGE_SC_L_TAGE_8KB -> ARM/python/_m5/param_TAGE_SC_L_TAGE_8KB.cc
 [SO Param] m5.objects.BranchPredictor, LoopPredictor -> ARM/params/LoopPredictor.hh
 [SO Param] m5.objects.BranchPredictor, TAGE_SC_L_TAGE_64KB -> ARM/params/TAGE_SC_L_TAGE_64KB.hh
 [SO Param] m5.objects.BranchPredictor, TAGE_SC_L_TAGE -> ARM/params/TAGE_SC_L_TAGE.hh
 [SO Param] m5.objects.BranchPredictor, TAGE_SC_L -> ARM/params/TAGE_SC_L.hh
 [SO Param] m5.objects.BranchPredictor, TAGE_SC_L_LoopPredictor -> ARM/params/TAGE_SC_L_LoopPredictor.hh
 [SO Param] m5.objects.BranchPredictor, TAGE_SC_L_TAGE_8KB -> ARM/params/TAGE_SC_L_TAGE_8KB.hh
 [SO Param] m5.objects.BranchPredictor, TAGE_SC_L_8KB -> ARM/params/TAGE_SC_L_8KB.hh
 [SO Param] m5.objects.BranchPredictor, TAGE_SC_L_8KB_StatisticalCorrector -> ARM/params/TAGE_SC_L_8KB_StatisticalCorrector.hh
 [SO Param] m5.objects.BranchPredictor, LTAGE -> ARM/params/LTAGE.hh
 [SO Param] m5.objects.BranchPredictor, TAGE_SC_L_64KB -> ARM/params/TAGE_SC_L_64KB.hh
 [SO Param] m5.objects.BranchPredictor, TAGE_SC_L_64KB_StatisticalCorrector -> ARM/params/TAGE_SC_L_64KB_StatisticalCorrector.hh
 [SO Param] m5.objects.BranchPredictor, LTAGE -> ARM/python/_m5/param_LTAGE.cc
 [SO Param] m5.objects.BranchPredictor, TAGE_SC_L_LoopPredictor -> ARM/python/_m5/param_TAGE_SC_L_LoopPredictor.cc
 [SO Param] m5.objects.BranchPredictor, StatisticalCorrector -> ARM/python/_m5/param_StatisticalCorrector.cc
 [SO Param] m5.objects.BranchPredictor, StatisticalCorrector -> ARM/params/StatisticalCorrector.hh
 [SO Param] m5.objects.BranchPredictor, TAGE_SC_L -> ARM/python/_m5/param_TAGE_SC_L.cc
 [SO Param] m5.objects.BranchPredictor, TAGE_SC_L_64KB_StatisticalCorrector -> ARM/python/_m5/param_TAGE_SC_L_64KB_StatisticalCorrector.cc
 [SO Param] m5.objects.BranchPredictor, TAGE_SC_L_8KB_StatisticalCorrector -> ARM/python/_m5/param_TAGE_SC_L_8KB_StatisticalCorrector.cc
 [SO Param] m5.objects.BranchPredictor, TAGE_SC_L_64KB -> ARM/python/_m5/param_TAGE_SC_L_64KB.cc
 [SO Param] m5.objects.BranchPredictor, TAGE_SC_L_8KB -> ARM/python/_m5/param_TAGE_SC_L_8KB.cc
 [SO Param] m5.objects.BranchPredictor, MultiperspectivePerceptron -> ARM/python/_m5/param_MultiperspectivePerceptron.cc
 [SO Param] m5.objects.BranchPredictor, MultiperspectivePerceptron8KB -> ARM/python/_m5/param_MultiperspectivePerceptron8KB.cc
 [SO Param] m5.objects.BranchPredictor, MultiperspectivePerceptron64KB -> ARM/python/_m5/param_MultiperspectivePerceptron64KB.cc
 [SO Param] m5.objects.BranchPredictor, MPP_TAGE -> ARM/python/_m5/param_MPP_TAGE.cc
 [SO Param] m5.objects.BranchPredictor, MPP_LoopPredictor -> ARM/python/_m5/param_MPP_LoopPredictor.cc
 [SO Param] m5.objects.BranchPredictor, MultiperspectivePerceptron64KB -> ARM/params/MultiperspectivePerceptron64KB.hh
 [SO Param] m5.objects.BranchPredictor, MultiperspectivePerceptron -> ARM/params/MultiperspectivePerceptron.hh
 [SO Param] m5.objects.BranchPredictor, MPP_StatisticalCorrector -> ARM/python/_m5/param_MPP_StatisticalCorrector.cc
 [SO Param] m5.objects.BranchPredictor, MultiperspectivePerceptron8KB -> ARM/params/MultiperspectivePerceptron8KB.hh
 [SO Param] m5.objects.BranchPredictor, MPP_TAGE -> ARM/params/MPP_TAGE.hh
 [SO Param] m5.objects.BranchPredictor, MPP_LoopPredictor -> ARM/params/MPP_LoopPredictor.hh
 [SO Param] m5.objects.BranchPredictor, MPP_StatisticalCorrector -> ARM/params/MPP_StatisticalCorrector.hh
 [SO Param] m5.objects.BranchPredictor, MultiperspectivePerceptronTAGE -> ARM/params/MultiperspectivePerceptronTAGE.hh
 [SO Param] m5.objects.BranchPredictor, MultiperspectivePerceptronTAGE -> ARM/python/_m5/param_MultiperspectivePerceptronTAGE.cc
 [SO Param] m5.objects.BranchPredictor, MPP_StatisticalCorrector_64KB -> ARM/python/_m5/param_MPP_StatisticalCorrector_64KB.cc
 [SO Param] m5.objects.BranchPredictor, MultiperspectivePerceptronTAGE64KB -> ARM/python/_m5/param_MultiperspectivePerceptronTAGE64KB.cc
 [SO Param] m5.objects.BranchPredictor, MPP_TAGE_8KB -> ARM/python/_m5/param_MPP_TAGE_8KB.cc
 [SO Param] m5.objects.BranchPredictor, MPP_LoopPredictor_8KB -> ARM/python/_m5/param_MPP_LoopPredictor_8KB.cc
 [SO Param] m5.objects.BranchPredictor, MPP_StatisticalCorrector_8KB -> ARM/python/_m5/param_MPP_StatisticalCorrector_8KB.cc
 [SO Param] m5.objects.BranchPredictor, MPP_StatisticalCorrector_64KB -> ARM/params/MPP_StatisticalCorrector_64KB.hh
 [SO Param] m5.objects.BranchPredictor, MultiperspectivePerceptronTAGE64KB -> ARM/params/MultiperspectivePerceptronTAGE64KB.hh
 [SO Param] m5.objects.BranchPredictor, MultiperspectivePerceptronTAGE8KB -> ARM/python/_m5/param_MultiperspectivePerceptronTAGE8KB.cc
 [SO Param] m5.objects.BranchPredictor, MPP_TAGE_8KB -> ARM/params/MPP_TAGE_8KB.hh
 [SO Param] m5.objects.BranchPredictor, MPP_LoopPredictor_8KB -> ARM/params/MPP_LoopPredictor_8KB.hh
 [SO Param] m5.objects.BranchPredictor, MPP_StatisticalCorrector_8KB -> ARM/params/MPP_StatisticalCorrector_8KB.hh
 [SO Param] m5.objects.BranchPredictor, MultiperspectivePerceptronTAGE8KB -> ARM/params/MultiperspectivePerceptronTAGE8KB.hh
 [SO Param] m5.objects.BranchPredictor, GshareBP -> ARM/python/_m5/param_GshareBP.cc
 [ENUM STR] m5.objects.BranchPredictor, BranchType -> ARM/enums/BranchType.cc
 [ENUM STR] m5.objects.BranchPredictor, TargetProvider -> ARM/enums/TargetProvider.cc
 [ TRACING]  -> ARM/debug/Indirect.hh
 [ TRACING]  -> ARM/debug/RAS.hh
 [ TRACING]  -> ARM/debug/Tage.hh
 [ TRACING]  -> ARM/debug/LTage.hh
 [SO Param] m5.objects.BranchPredictor, GshareBP -> ARM/params/GshareBP.hh
 [ TRACING]  -> ARM/debug/TageSCL.hh
 [ TRACING]  -> ARM/debug/BTB.hh
 [ TRACING]  -> ARM/debug/Indirect.cc
 [ TRACING]  -> ARM/debug/BTB.cc
 [ TRACING]  -> ARM/debug/RAS.cc
 [ TRACING]  -> ARM/debug/FreeList.cc
 [ TRACING]  -> ARM/debug/Branch.cc
 [ TRACING]  -> ARM/debug/Tage.cc
 [ TRACING]  -> ARM/debug/LTage.cc
 [ TRACING]  -> ARM/debug/TageSCL.cc
 [     CXX] ARM/cpu/minor/BaseMinorCPU.py.cc -> .o
 [SO Param] m5.objects.BaseMinorCPU, MinorOpClass -> ARM/python/_m5/param_MinorOpClass.cc
 [SO Param] m5.objects.BaseMinorCPU, MinorOpClassSet -> ARM/python/_m5/param_MinorOpClassSet.cc
 [SO Param] m5.objects.BaseMinorCPU, MinorFUTiming -> ARM/python/_m5/param_MinorFUTiming.cc
 [SO Param] m5.objects.BaseMinorCPU, MinorFU -> ARM/python/_m5/param_MinorFU.cc
 [SO Param] m5.objects.BaseMinorCPU, MinorFUPool -> ARM/python/_m5/param_MinorFUPool.cc
 [SO Param] m5.objects.BaseMinorCPU, MinorFUTiming -> ARM/params/MinorFUTiming.hh
 [SO Param] m5.objects.BaseMinorCPU, MinorFU -> ARM/params/MinorFU.hh
 [SO Param] m5.objects.BaseMinorCPU, MinorOpClassSet -> ARM/params/MinorOpClassSet.hh
 [SO Param] m5.objects.BaseMinorCPU, MinorFUPool -> ARM/params/MinorFUPool.hh
 [SO Param] m5.objects.BaseMinorCPU, MinorOpClass -> ARM/params/MinorOpClass.hh
 [ TRACING]  -> ARM/debug/MinorTrace.hh
 [SO Param] m5.objects.BaseMinorCPU, BaseMinorCPU -> ARM/python/_m5/param_BaseMinorCPU.cc
 [ENUM STR] m5.objects.BaseMinorCPU, ThreadPolicy -> ARM/enums/ThreadPolicy.cc
 [ TRACING]  -> ARM/debug/MinorCPU.hh
 [ENUMDECL] m5.objects.BaseMinorCPU, ThreadPolicy -> ARM/enums/ThreadPolicy.hh
 [SO Param] m5.objects.BaseMinorCPU, BaseMinorCPU -> ARM/params/BaseMinorCPU.hh
 [ TRACING]  -> ARM/debug/MinorExecute.hh
 [ TRACING]  -> ARM/debug/MinorInterrupt.hh
 [ TRACING]  -> ARM/debug/MinorMem.hh
 [ TRACING]  -> ARM/debug/MinorTiming.hh
 [ TRACING]  -> ARM/debug/MinorScoreboard.hh
 [ TRACING]  -> ARM/debug/MinorCPU.cc
 [ TRACING]  -> ARM/debug/MinorExecute.cc
 [ TRACING]  -> ARM/debug/MinorInterrupt.cc
 [ TRACING]  -> ARM/debug/MinorMem.cc
 [ TRACING]  -> ARM/debug/MinorScoreboard.cc
 [ TRACING]  -> ARM/debug/MinorTrace.cc
 [ TRACING]  -> ARM/debug/MinorTiming.cc
 [ TRACING]  -> ARM/debug/Minor.cc
 [     CXX] ARM/cpu/minor/MinorCPU.py.cc -> .o
 [     CXX] ARM/cpu/testers/memtest/MemTest.py.cc -> .o
 [SO Param] m5.objects.MemTest, MemTest -> ARM/python/_m5/param_MemTest.cc
 [ TRACING]  -> ARM/debug/MemTest.hh
 [SO Param] m5.objects.MemTest, MemTest -> ARM/params/MemTest.hh
 [ TRACING]  -> ARM/debug/Minor.hh
 [ TRACING]  -> ARM/debug/MemTest.cc
 [     CXX] ARM/cpu/testers/rubytest/RubyTester.py.cc -> .o
 [SO Param] m5.objects.RubyTester, RubyTester -> ARM/python/_m5/param_RubyTester.cc
 [ TRACING]  -> ARM/debug/RubyTest.hh
 [SO Param] m5.objects.RubyTester, RubyTester -> ARM/params/RubyTester.hh
 [ TRACING]  -> ARM/debug/RubyTest.cc
 [     CXX] ARM/cpu/testers/spatter_gen/SpatterGen.py.cc -> .o
 [SO Param] m5.objects.SpatterGen, SpatterGen -> ARM/python/_m5/param_SpatterGen.cc
 [ENUM STR] m5.objects.SpatterGen, SpatterKernelType -> ARM/enums/SpatterKernelType.cc
 [ENUM STR] m5.objects.SpatterGen, SpatterProcessingMode -> ARM/enums/SpatterProcessingMode.cc
 [ENUMDECL] m5.objects.SpatterGen, SpatterProcessingMode -> ARM/enums/SpatterProcessingMode.hh
 [ENUMDECL] m5.objects.SpatterGen, SpatterKernelType -> ARM/enums/SpatterKernelType.hh
 [SO Param] m5.objects.SpatterGen, SpatterGen -> ARM/params/SpatterGen.hh
 [ TRACING]  -> ARM/debug/SpatterGen.hh
 [ TRACING]  -> ARM/debug/SpatterKernel.hh
 [ TRACING]  -> ARM/debug/SpatterGen.cc
 [ TRACING]  -> ARM/debug/SpatterKernel.cc
 [     CXX] ARM/cpu/testers/directedtest/RubyDirectedTester.py.cc -> .o
 [SO Param] m5.objects.RubyDirectedTester, DirectedGenerator -> ARM/python/_m5/param_DirectedGenerator.cc
 [SO Param] m5.objects.RubyDirectedTester, SeriesRequestGenerator -> ARM/python/_m5/param_SeriesRequestGenerator.cc
 [SO Param] m5.objects.RubyDirectedTester, DirectedGenerator -> ARM/params/DirectedGenerator.hh
 [SO Param] m5.objects.RubyDirectedTester, SeriesRequestGenerator -> ARM/params/SeriesRequestGenerator.hh
 [SO Param] m5.objects.RubyDirectedTester, RubyDirectedTester -> ARM/params/RubyDirectedTester.hh
 [SO Param] m5.objects.RubyDirectedTester, InvalidateGenerator -> ARM/python/_m5/param_InvalidateGenerator.cc
 [SO Param] m5.objects.RubyDirectedTester, RubyDirectedTester -> ARM/python/_m5/param_RubyDirectedTester.cc
 [SO Param] m5.objects.RubyDirectedTester, InvalidateGenerator -> ARM/params/InvalidateGenerator.hh
 [ TRACING]  -> ARM/debug/DirectedTest.hh
 [ TRACING]  -> ARM/debug/DirectedTest.cc
 [ TRACING]  -> ARM/debug/TrafficGen.hh
 [ENUMDECL] m5.objects.MemInterface, AddrMap -> ARM/enums/AddrMap.hh
 [SO Param] m5.objects.BaseTrafficGen, BaseTrafficGen -> ARM/params/BaseTrafficGen.hh
 [ TRACING]  -> ARM/debug/GUPSGen.hh
 [SO Param] m5.objects.GUPSGen, GUPSGen -> ARM/params/GUPSGen.hh
 [ENUMDECL] m5.objects.BaseTrafficGen, StreamGenType -> ARM/enums/StreamGenType.hh
 [ TRACING]  -> ARM/debug/TrafficGen.cc
 [     CXX] ARM/cpu/testers/traffic_gen/BaseTrafficGen.py.cc -> .o
 [SO Param] m5.objects.BaseTrafficGen, BaseTrafficGen -> ARM/python/_m5/param_BaseTrafficGen.cc
 [ENUM STR] m5.objects.BaseTrafficGen, StreamGenType -> ARM/enums/StreamGenType.cc
 [ TRACING]  -> ARM/debug/GUPSGen.cc
 [     CXX] ARM/cpu/testers/traffic_gen/GUPSGen.py.cc -> .o
 [SO Param] m5.objects.GUPSGen, GUPSGen -> ARM/python/_m5/param_GUPSGen.cc
 [SO Param] m5.objects.PyTrafficGen, PyTrafficGen -> ARM/params/PyTrafficGen.hh
 [     CXX] ARM/cpu/testers/traffic_gen/PyTrafficGen.py.cc -> .o
 [SO Param] m5.objects.PyTrafficGen, PyTrafficGen -> ARM/python/_m5/param_PyTrafficGen.cc
 [     CXX] ARM/cpu/testers/traffic_gen/TrafficGen.py.cc -> .o
 [SO Param] m5.objects.TrafficGen, TrafficGen -> ARM/python/_m5/param_TrafficGen.cc
 [SO Param] m5.objects.TrafficGen, TrafficGen -> ARM/params/TrafficGen.hh
 [     CXX] ARM/cpu/testers/garnet_synthetic_traffic/GarnetSyntheticTraffic.py.cc -> .o
 [SO Param] m5.objects.GarnetSyntheticTraffic, GarnetSyntheticTraffic -> ARM/python/_m5/param_GarnetSyntheticTraffic.cc
 [ TRACING]  -> ARM/debug/GarnetSyntheticTraffic.hh
 [SO Param] m5.objects.GarnetSyntheticTraffic, GarnetSyntheticTraffic -> ARM/params/GarnetSyntheticTraffic.hh
 [ TRACING]  -> ARM/debug/GarnetSyntheticTraffic.cc
 [     CXX] ARM/mem/CommMonitor.py.cc -> .o
 [SO Param] m5.objects.CommMonitor, CommMonitor -> ARM/python/_m5/param_CommMonitor.cc
 [ TRACING]  -> ARM/debug/CommMonitor.hh
 [SO Param] m5.objects.CommMonitor, CommMonitor -> ARM/params/CommMonitor.hh
 [     CXX] ARM/mem/AbstractMemory.py.cc -> .o
 [SO Param] m5.objects.AbstractMemory, AbstractMemory -> ARM/python/_m5/param_AbstractMemory.cc
 [     CXX] ARM/mem/AddrMapper.py.cc -> .o
 [SO Param] m5.objects.AddrMapper, AddrMapper -> ARM/python/_m5/param_AddrMapper.cc
 [SO Param] m5.objects.AddrMapper, RangeAddrMapper -> ARM/python/_m5/param_RangeAddrMapper.cc
 [SO Param] m5.objects.AddrMapper, AddrMapper -> ARM/params/AddrMapper.hh
 [SO Param] m5.objects.AddrMapper, RangeAddrMapper -> ARM/params/RangeAddrMapper.hh
 [     CXX] ARM/mem/Bridge.py.cc -> .o
 [SO Param] m5.objects.Bridge, BridgeBase -> ARM/python/_m5/param_BridgeBase.cc
 [SO Param] m5.objects.Bridge, BridgeBase -> ARM/params/BridgeBase.hh
 [SO Param] m5.objects.Bridge, Bridge -> ARM/params/Bridge.hh
 [SO Param] m5.objects.Bridge, Bridge -> ARM/python/_m5/param_Bridge.cc
 [     CXX] ARM/mem/SysBridge.py.cc -> .o
 [SO Param] m5.objects.SysBridge, SysBridge -> ARM/python/_m5/param_SysBridge.cc
 [SO Param] m5.objects.SysBridge, SysBridge -> ARM/params/SysBridge.hh
 [ TRACING]  -> ARM/debug/SysBridge.hh
 [ TRACING]  -> ARM/debug/SysBridge.cc
 [     CXX] ARM/mem/MemCtrl.py.cc -> .o
 [SO Param] m5.objects.MemCtrl, MemCtrl -> ARM/python/_m5/param_MemCtrl.cc
 [ENUM STR] m5.objects.MemCtrl, MemSched -> ARM/enums/MemSched.cc
 [ENUMDECL] m5.objects.MemCtrl, MemSched -> ARM/enums/MemSched.hh
 [SO Param] m5.objects.MemCtrl, MemCtrl -> ARM/params/MemCtrl.hh
 [ENUMDECL] m5.objects.DRAMInterface, PageManage -> ARM/enums/PageManage.hh
 [SO Param] m5.objects.MemInterface, MemInterface -> ARM/params/MemInterface.hh
 [ TRACING]  -> ARM/debug/QOS.hh
 [SO Param] m5.objects.QoSMemCtrl, QoSMemCtrl -> ARM/params/QoSMemCtrl.hh
 [     CXX] ARM/mem/HeteroMemCtrl.py.cc -> .o
 [SO Param] m5.objects.HeteroMemCtrl, HeteroMemCtrl -> ARM/python/_m5/param_HeteroMemCtrl.cc
 [ENUMDECL] m5.objects.QoSMemCtrl, QoSQPolicy -> ARM/enums/QoSQPolicy.hh
 [SO Param] m5.objects.QoSPolicy, QoSPolicy -> ARM/params/QoSPolicy.hh
 [SO Param] m5.objects.HeteroMemCtrl, HeteroMemCtrl -> ARM/params/HeteroMemCtrl.hh
 [SO Param] m5.objects.NVMInterface, NVMInterface -> ARM/params/NVMInterface.hh
 [SO Param] m5.objects.QoSTurnaround, QoSTurnaroundPolicy -> ARM/params/QoSTurnaroundPolicy.hh
 [     CXX] ARM/mem/HBMCtrl.py.cc -> .o
 [SO Param] m5.objects.HBMCtrl, HBMCtrl -> ARM/python/_m5/param_HBMCtrl.cc
 [     CXX] ARM/mem/MemInterface.py.cc -> .o
 [SO Param] m5.objects.MemInterface, MemInterface -> ARM/python/_m5/param_MemInterface.cc
 [SO Param] m5.objects.HBMCtrl, HBMCtrl -> ARM/params/HBMCtrl.hh
 [SO Param] m5.objects.DRAMInterface, DRAMInterface -> ARM/params/DRAMInterface.hh
 [ENUM STR] m5.objects.MemInterface, AddrMap -> ARM/enums/AddrMap.cc
 [     CXX] ARM/mem/DRAMInterface.py.cc -> .o
 [SO Param] m5.objects.DRAMInterface, DRAMInterface -> ARM/python/_m5/param_DRAMInterface.cc
 [ENUM STR] m5.objects.DRAMInterface, PageManage -> ARM/enums/PageManage.cc
 [     CXX] ARM/mem/NVMInterface.py.cc -> .o
 [SO Param] m5.objects.NVMInterface, NVMInterface -> ARM/python/_m5/param_NVMInterface.cc
 [     CXX] ARM/mem/ExternalMaster.py.cc -> .o
 [SO Param] m5.objects.ExternalMaster, ExternalMaster -> ARM/python/_m5/param_ExternalMaster.cc
 [SO Param] m5.objects.ExternalMaster, ExternalMaster -> ARM/params/ExternalMaster.hh
 [     CXX] ARM/mem/ExternalSlave.py.cc -> .o
 [SO Param] m5.objects.ExternalSlave, ExternalSlave -> ARM/python/_m5/param_ExternalSlave.cc
 [SO Param] m5.objects.ExternalSlave, ExternalSlave -> ARM/params/ExternalSlave.hh
 [     CXX] ARM/mem/CfiMemory.py.cc -> .o
 [SO Param] m5.objects.CfiMemory, CfiMemory -> ARM/python/_m5/param_CfiMemory.cc
 [SO Param] m5.objects.CfiMemory, CfiMemory -> ARM/params/CfiMemory.hh
 [     CXX] ARM/mem/SharedMemoryServer.py.cc -> .o
 [SO Param] m5.objects.SharedMemoryServer, SharedMemoryServer -> ARM/python/_m5/param_SharedMemoryServer.cc
 [     CXX] ARM/mem/SimpleMemory.py.cc -> .o
 [SO Param] m5.objects.SimpleMemory, SimpleMemory -> ARM/python/_m5/param_SimpleMemory.cc
 [SO Param] m5.objects.SharedMemoryServer, SharedMemoryServer -> ARM/params/SharedMemoryServer.hh
 [SO Param] m5.objects.SimpleMemory, SimpleMemory -> ARM/params/SimpleMemory.hh
 [     CXX] ARM/mem/XBar.py.cc -> .o
 [SO Param] m5.objects.XBar, BaseXBar -> ARM/python/_m5/param_BaseXBar.cc
 [SO Param] m5.objects.XBar, BaseXBar -> ARM/params/BaseXBar.hh
 [SO Param] m5.objects.XBar, NoncoherentXBar -> ARM/python/_m5/param_NoncoherentXBar.cc
 [SO Param] m5.objects.XBar, CoherentXBar -> ARM/python/_m5/param_CoherentXBar.cc
 [SO Param] m5.objects.XBar, NoncoherentXBar -> ARM/params/NoncoherentXBar.hh
 [SO Param] m5.objects.XBar, CoherentXBar -> ARM/params/CoherentXBar.hh
 [SO Param] m5.objects.XBar, SnoopFilter -> ARM/params/SnoopFilter.hh
 [SO Param] m5.objects.XBar, SnoopFilter -> ARM/python/_m5/param_SnoopFilter.cc
 [     CXX] ARM/mem/HMCController.py.cc -> .o
 [SO Param] m5.objects.HMCController, HMCController -> ARM/python/_m5/param_HMCController.cc
 [     CXX] ARM/mem/SerialLink.py.cc -> .o
 [SO Param] m5.objects.HMCController, HMCController -> ARM/params/HMCController.hh
 [SO Param] m5.objects.SerialLink, SerialLink -> ARM/python/_m5/param_SerialLink.cc
 [SO Param] m5.objects.SerialLink, SerialLink -> ARM/params/SerialLink.hh
 [     CXX] ARM/mem/MemDelay.py.cc -> .o
 [SO Param] m5.objects.MemDelay, MemDelay -> ARM/python/_m5/param_MemDelay.cc
 [SO Param] m5.objects.MemDelay, MemDelay -> ARM/params/MemDelay.hh
 [SO Param] m5.objects.MemDelay, SimpleMemDelay -> ARM/python/_m5/param_SimpleMemDelay.cc
 [SO Param] m5.objects.MemDelay, SimpleMemDelay -> ARM/params/SimpleMemDelay.hh
 [     CXX] ARM/mem/PortTerminator.py.cc -> .o
 [SO Param] m5.objects.PortTerminator, PortTerminator -> ARM/python/_m5/param_PortTerminator.cc
 [SO Param] m5.objects.PortTerminator, PortTerminator -> ARM/params/PortTerminator.hh
 [     CXX] ARM/mem/ThreadBridge.py.cc -> .o
 [SO Param] m5.objects.ThreadBridge, ThreadBridge -> ARM/python/_m5/param_ThreadBridge.cc
 [ TRACING]  -> ARM/debug/LLSC.hh
 [ TRACING]  -> ARM/debug/MemoryAccess.hh
 [ TRACING]  -> ARM/debug/Bridge.hh
 [ TRACING]  -> ARM/debug/AddrRanges.hh
 [ TRACING]  -> ARM/debug/CoherentXBar.hh
 [SO Param] m5.objects.ThreadBridge, ThreadBridge -> ARM/params/ThreadBridge.hh
 [ TRACING]  -> ARM/debug/CFI.hh
 [ TRACING]  -> ARM/debug/ExternalPort.hh
 [ TRACING]  -> ARM/debug/DRAM.hh
 [ TRACING]  -> ARM/debug/MemCtrl.hh
 [ TRACING]  -> ARM/debug/NVM.hh
 [ TRACING]  -> ARM/debug/DRAMPower.hh
 [ TRACING]  -> ARM/debug/DRAMState.hh
 [ TRACING]  -> ARM/debug/NoncoherentXBar.hh
 [ TRACING]  -> ARM/debug/XBar.hh
 [ TRACING]  -> ARM/debug/PortTrace.hh
 [ TRACING]  -> ARM/debug/BaseXBar.hh
 [ TRACING]  -> ARM/debug/SnoopFilter.hh
 [ TRACING]  -> ARM/debug/ResponsePort.hh
 [ TRACING]  -> ARM/debug/PacketQueue.hh
 [ TRACING]  -> ARM/debug/StackDist.hh
 [ TRACING]  -> ARM/debug/TokenPort.hh
 [ TRACING]  -> ARM/debug/HMCController.hh
 [ TRACING]  -> ARM/debug/SerialLink.hh
 [ TRACING]  -> ARM/debug/MMU.hh
 [     CXX] ARM/mem/MemChecker.py.cc -> .o
 [SO Param] m5.objects.MemChecker, MemChecker -> ARM/python/_m5/param_MemChecker.cc
 [SO Param] m5.objects.MemChecker, MemChecker -> ARM/params/MemChecker.hh
 [ TRACING]  -> ARM/debug/MemChecker.hh
 [SO Param] m5.objects.MemChecker, MemCheckerMonitor -> ARM/python/_m5/param_MemCheckerMonitor.cc
 [ TRACING]  -> ARM/debug/MemCheckerMonitor.hh
 [SO Param] m5.objects.MemChecker, MemCheckerMonitor -> ARM/params/MemCheckerMonitor.hh
 [ TRACING]  -> ARM/debug/AddrRanges.cc
 [ TRACING]  -> ARM/debug/BaseXBar.cc
 [ TRACING]  -> ARM/debug/CoherentXBar.cc
 [ TRACING]  -> ARM/debug/CFI.cc
 [ TRACING]  -> ARM/debug/NoncoherentXBar.cc
 [ TRACING]  -> ARM/debug/SnoopFilter.cc
 [ TRACING]  -> ARM/debug/XBar.cc
 [ TRACING]  -> ARM/debug/Bridge.cc
 [ TRACING]  -> ARM/debug/CommMonitor.cc
 [ TRACING]  -> ARM/debug/DRAM.cc
 [ TRACING]  -> ARM/debug/DRAMPower.cc
 [ TRACING]  -> ARM/debug/DRAMState.cc
 [ TRACING]  -> ARM/debug/NVM.cc
 [ TRACING]  -> ARM/debug/ExternalPort.cc
 [ TRACING]  -> ARM/debug/HtmMem.cc
 [ TRACING]  -> ARM/debug/LLSC.cc
 [ TRACING]  -> ARM/debug/HtmMem.hh
 [ TRACING]  -> ARM/debug/MemCtrl.cc
 [ TRACING]  -> ARM/debug/MMU.cc
 [ TRACING]  -> ARM/debug/MemoryAccess.cc
 [ TRACING]  -> ARM/debug/PacketQueue.cc
 [ TRACING]  -> ARM/debug/PortTrace.cc
 [ TRACING]  -> ARM/debug/ResponsePort.cc
 [ TRACING]  -> ARM/debug/StackDist.cc
 [ TRACING]  -> ARM/debug/DRAMSim2.cc
 [ TRACING]  -> ARM/debug/DRAMsim3.cc
 [ TRACING]  -> ARM/debug/HMCController.cc
 [ TRACING]  -> ARM/debug/DRAMSim2.hh
 [ TRACING]  -> ARM/debug/DRAMsim3.hh
 [ TRACING]  -> ARM/debug/SerialLink.cc
 [ TRACING]  -> ARM/debug/TokenPort.cc
 [ TRACING]  -> ARM/debug/MemChecker.cc
 [ TRACING]  -> ARM/debug/MemCheckerMonitor.cc
 [ TRACING]  -> ARM/debug/QOS.cc
 [     CXX] ARM/mem/probes/BaseMemProbe.py.cc -> .o
 [SO Param] m5.objects.BaseMemProbe, BaseMemProbe -> ARM/python/_m5/param_BaseMemProbe.cc
 [SO Param] m5.objects.BaseMemProbe, BaseMemProbe -> ARM/params/BaseMemProbe.hh
 [     CXX] ARM/mem/probes/StackDistProbe.py.cc -> .o
 [SO Param] m5.objects.StackDistProbe, StackDistProbe -> ARM/python/_m5/param_StackDistProbe.cc
 [SO Param] m5.objects.StackDistProbe, StackDistProbe -> ARM/params/StackDistProbe.hh
 [     CXX] ARM/mem/probes/MemFootprintProbe.py.cc -> .o
 [SO Param] m5.objects.MemFootprintProbe, MemFootprintProbe -> ARM/python/_m5/param_MemFootprintProbe.cc
 [SO Param] m5.objects.MemFootprintProbe, MemFootprintProbe -> ARM/params/MemFootprintProbe.hh
 [     CXX] ARM/mem/probes/MemTraceProbe.py.cc -> .o
 [SO Param] m5.objects.MemTraceProbe, MemTraceProbe -> ARM/python/_m5/param_MemTraceProbe.cc
 [SO Param] m5.objects.MemTraceProbe, MemTraceProbe -> ARM/params/MemTraceProbe.hh
 [     CXX] ARM/mem/cache/Cache.py.cc -> .o
 [SO Param] m5.objects.Cache, WriteAllocator -> ARM/python/_m5/param_WriteAllocator.cc
 [SO Param] m5.objects.Cache, WriteAllocator -> ARM/params/WriteAllocator.hh
 [ TRACING]  -> ARM/debug/Cache.hh
 [ TRACING]  -> ARM/debug/CachePort.hh
 [ENUMDECL] m5.objects.Cache, Clusivity -> ARM/enums/Clusivity.hh
 [SO Param] m5.objects.Tags, BaseTags -> ARM/params/BaseTags.hh
 [SO Param] m5.objects.Tags, TaggedIndexingPolicy -> ARM/params/TaggedIndexingPolicy.hh
 [SO Param] m5.objects.Tags, TaggedSetAssociative -> ARM/params/TaggedSetAssociative.hh
 [ TRACING]  -> ARM/debug/MSHR.hh
 [SO Param] m5.objects.Cache, BaseCache -> ARM/python/_m5/param_BaseCache.cc
 [SO Param] m5.objects.PartitioningPolicies, PartitionManager -> ARM/params/PartitionManager.hh
 [SO Param] m5.objects.Cache, BaseCache -> ARM/params/BaseCache.hh
 [SO Param] m5.objects.PartitioningPolicies, BasePartitioningPolicy -> ARM/params/BasePartitioningPolicy.hh
 [SO Param] m5.objects.Compressors, BaseCacheCompressor -> ARM/params/BaseCacheCompressor.hh
 [SO Param] m5.objects.Prefetcher, BasePrefetcher -> ARM/params/BasePrefetcher.hh
 [SO Param] m5.objects.Cache, Cache -> ARM/python/_m5/param_Cache.cc
 [SO Param] m5.objects.Cache, NoncoherentCache -> ARM/python/_m5/param_NoncoherentCache.cc
 [SO Param] m5.objects.Cache, Cache -> ARM/params/Cache.hh
 [SO Param] m5.objects.Cache, NoncoherentCache -> ARM/params/NoncoherentCache.hh
 [ENUM STR] m5.objects.Cache, Clusivity -> ARM/enums/Clusivity.cc
 [ TRACING]  -> ARM/debug/CacheComp.hh
 [ TRACING]  -> ARM/debug/CacheRepl.hh
 [ TRACING]  -> ARM/debug/CacheVerbose.hh
 [ TRACING]  -> ARM/debug/HWPrefetch.hh
 [SO Param] m5.objects.CHAOSCache, CHAOSCache -> ARM/params/CHAOSCache.hh
 [SO Param] m5.objects.Tags, SectorTags -> ARM/params/SectorTags.hh
 [ TRACING]  -> ARM/debug/CacheTags.hh
 [     CXX] src/mem/cache/base.cc -> ARM/mem/cache/base.o
 [     CXX] src/mem/cache/cache.cc -> ARM/mem/cache/cache.o
 [     CXX] src/mem/cache/mshr_queue.cc -> ARM/mem/cache/mshr_queue.o
 [ TRACING]  -> ARM/debug/Cache.cc
 [ TRACING]  -> ARM/debug/CacheComp.cc
 [ TRACING]  -> ARM/debug/CachePort.cc
 [ TRACING]  -> ARM/debug/CacheRepl.cc
 [ TRACING]  -> ARM/debug/CacheTags.cc
 [ TRACING]  -> ARM/debug/CacheVerbose.cc
 [ TRACING]  -> ARM/debug/HWPrefetch.cc
 [ TRACING]  -> ARM/debug/MSHR.cc
 [ TRACING]  -> ARM/debug/HWPrefetchQueue.cc
 [ TRACING]  -> ARM/debug/PartitionPolicy.cc
 [ TRACING]  -> ARM/debug/HWPrefetchQueue.hh
 [ TRACING]  -> ARM/debug/PartitionPolicy.hh
 [ TRACING]  -> ARM/debug/CacheAll.cc
 [     CXX] ARM/mem/cache/tags/Tags.py.cc -> .o
 [ TRACING]  -> ARM/debug/CacheAll.hh
 [SO Param] m5.objects.Tags, BaseTags -> ARM/python/_m5/param_BaseTags.cc
 [SO Param] m5.objects.Tags, BaseSetAssoc -> ARM/python/_m5/param_BaseSetAssoc.cc
 [SO Param] m5.objects.Tags, BaseSetAssoc -> ARM/params/BaseSetAssoc.hh
 [SO Param] m5.objects.Tags, SectorTags -> ARM/python/_m5/param_SectorTags.cc
 [SO Param] m5.objects.Tags, CompressedTags -> ARM/python/_m5/param_CompressedTags.cc
 [SO Param] m5.objects.Tags, FALRU -> ARM/python/_m5/param_FALRU.cc
 [SO Param] m5.objects.Tags, TaggedIndexingPolicy -> ARM/python/_m5/param_TaggedIndexingPolicy.cc
 [SO Param] m5.objects.Tags, CompressedTags -> ARM/params/CompressedTags.hh
 [SO Param] m5.objects.Tags, FALRU -> ARM/params/FALRU.hh
 [SO Param] m5.objects.Tags, TaggedSetAssociative -> ARM/python/_m5/param_TaggedSetAssociative.cc
 [     CXX] ARM/mem/cache/tags/partitioning_policies/PartitioningPolicies.py.cc -> .o
 [SO Param] m5.objects.PartitioningPolicies, PartitionManager -> ARM/python/_m5/param_PartitionManager.cc
 [SO Param] m5.objects.PartitioningPolicies, BasePartitioningPolicy -> ARM/python/_m5/param_BasePartitioningPolicy.cc
 [SO Param] m5.objects.PartitioningPolicies, MaxCapacityPartitioningPolicy -> ARM/python/_m5/param_MaxCapacityPartitioningPolicy.cc
 [SO Param] m5.objects.PartitioningPolicies, WayPolicyAllocation -> ARM/python/_m5/param_WayPolicyAllocation.cc
 [SO Param] m5.objects.PartitioningPolicies, WayPartitioningPolicy -> ARM/python/_m5/param_WayPartitioningPolicy.cc
 [SO Param] m5.objects.PartitioningPolicies, MaxCapacityPartitioningPolicy -> ARM/params/MaxCapacityPartitioningPolicy.hh
 [SO Param] m5.objects.PartitioningPolicies, WayPolicyAllocation -> ARM/params/WayPolicyAllocation.hh
 [SO Param] m5.objects.PartitioningPolicies, WayPartitioningPolicy -> ARM/params/WayPartitioningPolicy.hh
 [     CXX] ARM/mem/cache/tags/indexing_policies/IndexingPolicies.py.cc -> .o
 [SO Param] m5.objects.IndexingPolicies, BaseIndexingPolicy -> ARM/python/_m5/param_BaseIndexingPolicy.cc
 [SO Param] m5.objects.IndexingPolicies, SetAssociative -> ARM/python/_m5/param_SetAssociative.cc
 [SO Param] m5.objects.IndexingPolicies, SkewedAssociative -> ARM/python/_m5/param_SkewedAssociative.cc
 [SO Param] m5.objects.IndexingPolicies, SetAssociative -> ARM/params/SetAssociative.hh
 [SO Param] m5.objects.IndexingPolicies, SkewedAssociative -> ARM/params/SkewedAssociative.hh
 [     CXX] ARM/mem/cache/compressors/Compressors.py.cc -> .o
 [SO Param] m5.objects.Compressors, BaseCacheCompressor -> ARM/python/_m5/param_BaseCacheCompressor.cc
 [SO Param] m5.objects.Compressors, BaseDictionaryCompressor -> ARM/python/_m5/param_BaseDictionaryCompressor.cc
 [SO Param] m5.objects.Compressors, Base64Delta8 -> ARM/python/_m5/param_Base64Delta8.cc
 [SO Param] m5.objects.Compressors, BaseDictionaryCompressor -> ARM/params/BaseDictionaryCompressor.hh
 [SO Param] m5.objects.Compressors, Base64Delta16 -> ARM/python/_m5/param_Base64Delta16.cc
 [SO Param] m5.objects.Compressors, Base64Delta8 -> ARM/params/Base64Delta8.hh
 [SO Param] m5.objects.Compressors, Base64Delta16 -> ARM/params/Base64Delta16.hh
 [SO Param] m5.objects.Compressors, Base64Delta32 -> ARM/python/_m5/param_Base64Delta32.cc
 [SO Param] m5.objects.Compressors, Base32Delta8 -> ARM/python/_m5/param_Base32Delta8.cc
 [SO Param] m5.objects.Compressors, Base64Delta32 -> ARM/params/Base64Delta32.hh
 [SO Param] m5.objects.Compressors, Base32Delta8 -> ARM/params/Base32Delta8.hh
 [SO Param] m5.objects.Compressors, Base32Delta16 -> ARM/python/_m5/param_Base32Delta16.cc
 [SO Param] m5.objects.Compressors, Base16Delta8 -> ARM/python/_m5/param_Base16Delta8.cc
 [SO Param] m5.objects.Compressors, Base32Delta16 -> ARM/params/Base32Delta16.hh
 [SO Param] m5.objects.Compressors, Base16Delta8 -> ARM/params/Base16Delta8.hh
 [SO Param] m5.objects.Compressors, CPack -> ARM/python/_m5/param_CPack.cc
 [SO Param] m5.objects.Compressors, FPC -> ARM/python/_m5/param_FPC.cc
 [SO Param] m5.objects.Compressors, CPack -> ARM/params/CPack.hh
 [SO Param] m5.objects.Compressors, FPC -> ARM/params/FPC.hh
 [SO Param] m5.objects.Compressors, FPCD -> ARM/python/_m5/param_FPCD.cc
 [SO Param] m5.objects.Compressors, FrequentValuesCompressor -> ARM/python/_m5/param_FrequentValuesCompressor.cc
 [SO Param] m5.objects.Compressors, FPCD -> ARM/params/FPCD.hh
 [SO Param] m5.objects.Compressors, MultiCompressor -> ARM/python/_m5/param_MultiCompressor.cc
 [SO Param] m5.objects.Compressors, FrequentValuesCompressor -> ARM/params/FrequentValuesCompressor.hh
 [SO Param] m5.objects.Compressors, PerfectCompressor -> ARM/python/_m5/param_PerfectCompressor.cc
 [SO Param] m5.objects.Compressors, MultiCompressor -> ARM/params/MultiCompressor.hh
 [SO Param] m5.objects.Compressors, RepeatedQwordsCompressor -> ARM/python/_m5/param_RepeatedQwordsCompressor.cc
 [SO Param] m5.objects.Compressors, ZeroCompressor -> ARM/python/_m5/param_ZeroCompressor.cc
 [SO Param] m5.objects.Compressors, PerfectCompressor -> ARM/params/PerfectCompressor.hh
 [SO Param] m5.objects.Compressors, RepeatedQwordsCompressor -> ARM/params/RepeatedQwordsCompressor.hh
 [SO Param] m5.objects.Compressors, ZeroCompressor -> ARM/params/ZeroCompressor.hh
 [     CXX] ARM/mem/cache/replacement_policies/ReplacementPolicies.py.cc -> .o
 [SO Param] m5.objects.ReplacementPolicies, BaseReplacementPolicy -> ARM/python/_m5/param_BaseReplacementPolicy.cc
 [SO Param] m5.objects.ReplacementPolicies, DuelingRP -> ARM/python/_m5/param_DuelingRP.cc
 [SO Param] m5.objects.ReplacementPolicies, FIFORP -> ARM/python/_m5/param_FIFORP.cc
 [SO Param] m5.objects.ReplacementPolicies, SecondChanceRP -> ARM/python/_m5/param_SecondChanceRP.cc
 [SO Param] m5.objects.ReplacementPolicies, FIFORP -> ARM/params/FIFORP.hh
 [SO Param] m5.objects.ReplacementPolicies, DuelingRP -> ARM/params/DuelingRP.hh
 [SO Param] m5.objects.ReplacementPolicies, SecondChanceRP -> ARM/params/SecondChanceRP.hh
 [SO Param] m5.objects.ReplacementPolicies, LFURP -> ARM/python/_m5/param_LFURP.cc
 [SO Param] m5.objects.ReplacementPolicies, LRURP -> ARM/python/_m5/param_LRURP.cc
 [SO Param] m5.objects.ReplacementPolicies, BIPRP -> ARM/python/_m5/param_BIPRP.cc
 [SO Param] m5.objects.ReplacementPolicies, LFURP -> ARM/params/LFURP.hh
 [SO Param] m5.objects.ReplacementPolicies, LRURP -> ARM/params/LRURP.hh
 [SO Param] m5.objects.ReplacementPolicies, BIPRP -> ARM/params/BIPRP.hh
 [SO Param] m5.objects.ReplacementPolicies, MRURP -> ARM/python/_m5/param_MRURP.cc
 [SO Param] m5.objects.ReplacementPolicies, RandomRP -> ARM/python/_m5/param_RandomRP.cc
 [SO Param] m5.objects.ReplacementPolicies, MRURP -> ARM/params/MRURP.hh
 [SO Param] m5.objects.ReplacementPolicies, RandomRP -> ARM/params/RandomRP.hh
 [SO Param] m5.objects.ReplacementPolicies, BRRIPRP -> ARM/python/_m5/param_BRRIPRP.cc
 [SO Param] m5.objects.ReplacementPolicies, SHiPRP -> ARM/python/_m5/param_SHiPRP.cc
 [SO Param] m5.objects.ReplacementPolicies, SHiPMemRP -> ARM/python/_m5/param_SHiPMemRP.cc
 [SO Param] m5.objects.ReplacementPolicies, BRRIPRP -> ARM/params/BRRIPRP.hh
 [SO Param] m5.objects.ReplacementPolicies, SHiPPCRP -> ARM/python/_m5/param_SHiPPCRP.cc
 [SO Param] m5.objects.ReplacementPolicies, SHiPMemRP -> ARM/params/SHiPMemRP.hh
 [SO Param] m5.objects.ReplacementPolicies, TreePLRURP -> ARM/python/_m5/param_TreePLRURP.cc
 [SO Param] m5.objects.ReplacementPolicies, SHiPRP -> ARM/params/SHiPRP.hh
 [SO Param] m5.objects.ReplacementPolicies, SHiPPCRP -> ARM/params/SHiPPCRP.hh
 [SO Param] m5.objects.ReplacementPolicies, WeightedLRURP -> ARM/python/_m5/param_WeightedLRURP.cc
 [SO Param] m5.objects.ReplacementPolicies, TreePLRURP -> ARM/params/TreePLRURP.hh
 [SO Param] m5.objects.ReplacementPolicies, WeightedLRURP -> ARM/params/WeightedLRURP.hh
 [     CXX] ARM/mem/cache/CHAOSCache/CHAOSCache.py.cc -> .o
 [SO Param] m5.objects.CHAOSCache, CHAOSCache -> ARM/python/_m5/param_CHAOSCache.cc
 [ TRACING]  -> ARM/debug/CHAOSCache.hh
 [ TRACING]  -> ARM/debug/CHAOSCache.cc
 [     CXX] src/mem/cache/CHAOSCache/CHAOSCache.cc -> ARM/mem/cache/CHAOSCache/CHAOSCache.o
 [     CXX] ARM/mem/cache/prefetch/Prefetcher.py.cc -> .o
 [SO Param] m5.objects.Prefetcher, BasePrefetcher -> ARM/python/_m5/param_BasePrefetcher.cc
 [     CXX] ARM/python/_m5/param_CHAOSCache.cc -> .o
 [SO Param] m5.objects.Prefetcher, MultiPrefetcher -> ARM/python/_m5/param_MultiPrefetcher.cc
 [SO Param] m5.objects.Prefetcher, MultiPrefetcher -> ARM/params/MultiPrefetcher.hh
 [SO Param] m5.objects.Prefetcher, QueuedPrefetcher -> ARM/python/_m5/param_QueuedPrefetcher.cc
 [SO Param] m5.objects.Prefetcher, StridePrefetcherHashedSetAssociative -> ARM/python/_m5/param_StridePrefetcherHashedSetAssociative.cc
 [SO Param] m5.objects.Prefetcher, QueuedPrefetcher -> ARM/params/QueuedPrefetcher.hh
 [SO Param] m5.objects.Prefetcher, StridePrefetcherHashedSetAssociative -> ARM/params/StridePrefetcherHashedSetAssociative.hh
 [SO Param] m5.objects.Prefetcher, StridePrefetcher -> ARM/python/_m5/param_StridePrefetcher.cc
 [     CXX] ARM/python/_m5/param_StridePrefetcherHashedSetAssociative.cc -> .o
 [SO Param] m5.objects.Prefetcher, StridePrefetcher -> ARM/params/StridePrefetcher.hh
 [     CXX] ARM/python/_m5/param_StridePrefetcher.cc -> .o
In file included from src/mem/cache/CHAOSCache/CHAOSCache.cc:1:
src/mem/cache/CHAOSCache/CHAOSCache.hh: 在构造函数‘gem5::CHAOSCache::CHAOSCache(const gem5::CHAOSCacheParams&)’中:
src/mem/cache/CHAOSCache/CHAOSCache.hh:106:10: 警告：‘gem5::CHAOSCache::victim_fault’ will be initialized after [-Wreorder]
  106 |     bool victim_fault = false;
      |          ^~~~~~~~~~~~
src/mem/cache/CHAOSCache/CHAOSCache.hh:77:17: 警告：  ‘std::string gem5::CHAOSCache::l1i_semantic_field’ [-Wreorder]
   77 |     std::string l1i_semantic_field;
      |                 ^~~~~~~~~~~~~~~~~~
src/mem/cache/CHAOSCache/CHAOSCache.cc:13:5: 警告：在此处初始化后被初始化 [-Wreorder]
   13 |     CHAOSCache::CHAOSCache(const CHAOSCacheParams& p) :
      |     ^~~~~~~~~~
src/mem/cache/CHAOSCache/CHAOSCache.hh:99:14: 警告：‘gem5::CHAOSCache::faults_injected_count’ will be initialized after [-Wreorder]
   99 |     uint64_t faults_injected_count; // G5: running count
      |              ^~~~~~~~~~~~~~~~~~~~~
src/mem/cache/CHAOSCache/CHAOSCache.hh:89:26: 警告：  ‘gem5::EventFunctionWrapper gem5::CHAOSCache::attackEvent’ [-Wreorder]
   89 |     EventFunctionWrapper attackEvent, periodicCheck;
      |                          ^~~~~~~~~~~
src/mem/cache/CHAOSCache/CHAOSCache.cc:13:5: 警告：在此处初始化后被初始化 [-Wreorder]
   13 |     CHAOSCache::CHAOSCache(const CHAOSCacheParams& p) :
      |     ^~~~~~~~~~
 [SO Param] m5.objects.Prefetcher, SmsPrefetcher -> ARM/python/_m5/param_SmsPrefetcher.cc
 [SO Param] m5.objects.Prefetcher, SmsPrefetcher -> ARM/params/SmsPrefetcher.hh
 [SO Param] m5.objects.Prefetcher, TaggedPrefetcher -> ARM/python/_m5/param_TaggedPrefetcher.cc
 [SO Param] m5.objects.Prefetcher, TaggedPrefetcher -> ARM/params/TaggedPrefetcher.hh
 [SO Param] m5.objects.Prefetcher, IndirectMemoryPrefetcher -> ARM/python/_m5/param_IndirectMemoryPrefetcher.cc
 [SO Param] m5.objects.Prefetcher, IndirectMemoryPrefetcher -> ARM/params/IndirectMemoryPrefetcher.hh
 [SO Param] m5.objects.Prefetcher, SignaturePathPrefetcher -> ARM/python/_m5/param_SignaturePathPrefetcher.cc
 [SO Param] m5.objects.Prefetcher, SignaturePathPrefetcherV2 -> ARM/python/_m5/param_SignaturePathPrefetcherV2.cc
 [SO Param] m5.objects.Prefetcher, SignaturePathPrefetcher -> ARM/params/SignaturePathPrefetcher.hh
 [SO Param] m5.objects.Prefetcher, SignaturePathPrefetcherV2 -> ARM/params/SignaturePathPrefetcherV2.hh
 [SO Param] m5.objects.Prefetcher, AccessMapPatternMatching -> ARM/python/_m5/param_AccessMapPatternMatching.cc
 [SO Param] m5.objects.Prefetcher, AMPMPrefetcher -> ARM/python/_m5/param_AMPMPrefetcher.cc
 [SO Param] m5.objects.Prefetcher, AccessMapPatternMatching -> ARM/params/AccessMapPatternMatching.hh
 [SO Param] m5.objects.Prefetcher, AMPMPrefetcher -> ARM/params/AMPMPrefetcher.hh
 [SO Param] m5.objects.Prefetcher, DeltaCorrelatingPredictionTables -> ARM/python/_m5/param_DeltaCorrelatingPredictionTables.cc
 [SO Param] m5.objects.Prefetcher, DCPTPrefetcher -> ARM/python/_m5/param_DCPTPrefetcher.cc
 [SO Param] m5.objects.Prefetcher, IrregularStreamBufferPrefetcher -> ARM/python/_m5/param_IrregularStreamBufferPrefetcher.cc
 [SO Param] m5.objects.Prefetcher, DeltaCorrelatingPredictionTables -> ARM/params/DeltaCorrelatingPredictionTables.hh
 [SO Param] m5.objects.Prefetcher, DCPTPrefetcher -> ARM/params/DCPTPrefetcher.hh
 [SO Param] m5.objects.Prefetcher, IrregularStreamBufferPrefetcher -> ARM/params/IrregularStreamBufferPrefetcher.hh
 [SO Param] m5.objects.Prefetcher, SlimAMPMPrefetcher -> ARM/python/_m5/param_SlimAMPMPrefetcher.cc
 [SO Param] m5.objects.Prefetcher, BOPPrefetcher -> ARM/python/_m5/param_BOPPrefetcher.cc
 [SO Param] m5.objects.Prefetcher, SlimAMPMPrefetcher -> ARM/params/SlimAMPMPrefetcher.hh
 [SO Param] m5.objects.Prefetcher, SBOOEPrefetcher -> ARM/python/_m5/param_SBOOEPrefetcher.cc
 [SO Param] m5.objects.Prefetcher, STeMSPrefetcher -> ARM/python/_m5/param_STeMSPrefetcher.cc
 [SO Param] m5.objects.Prefetcher, BOPPrefetcher -> ARM/params/BOPPrefetcher.hh
 [SO Param] m5.objects.Prefetcher, SBOOEPrefetcher -> ARM/params/SBOOEPrefetcher.hh
 [SO Param] m5.objects.Prefetcher, STeMSPrefetcher -> ARM/params/STeMSPrefetcher.hh
 [SO Param] m5.objects.Prefetcher, PIFPrefetcher -> ARM/python/_m5/param_PIFPrefetcher.cc
 [SO Param] m5.objects.Prefetcher, FetchDirectedPrefetcher -> ARM/python/_m5/param_FetchDirectedPrefetcher.cc
 [SO Param] m5.objects.Prefetcher, PIFPrefetcher -> ARM/params/PIFPrefetcher.hh
 [SO Param] m5.objects.CHAOSPrefetch, CHAOSPrefetch -> ARM/params/CHAOSPrefetch.hh
 [SO Param] m5.objects.Prefetcher, FetchDirectedPrefetcher -> ARM/params/FetchDirectedPrefetcher.hh
 [     CXX] ARM/mem/cache/prefetch/CHAOSPrefetch/CHAOSPrefetch.py.cc -> .o
 [SO Param] m5.objects.CHAOSPrefetch, CHAOSPrefetch -> ARM/python/_m5/param_CHAOSPrefetch.cc
 [     CXX] src/mem/cache/prefetch/stride.cc -> ARM/mem/cache/prefetch/stride.o
 [     CXX] src/mem/cache/prefetch/CHAOSPrefetch/CHAOSPrefetch.cc -> ARM/mem/cache/prefetch/CHAOSPrefetch/CHAOSPrefetch.o
 [ TRACING]  -> ARM/debug/ProtocolTrace.cc
 [ TRACING]  -> ARM/debug/ProtocolTrace.hh
 [     CXX] ARM/python/_m5/param_CHAOSPrefetch.cc -> .o
 [ TRACING]  -> ARM/debug/RubyCache.cc
 [ TRACING]  -> ARM/debug/RubyCache.hh
 [ TRACING]  -> ARM/debug/RubyCacheTrace.cc
 [ TRACING]  -> ARM/debug/RubyCacheTrace.hh
 [ TRACING]  -> ARM/debug/RubyDma.cc
 [ TRACING]  -> ARM/debug/RubyDma.hh
 [ TRACING]  -> ARM/debug/RubyGenerated.cc
 [ TRACING]  -> ARM/debug/RubyGenerated.hh
 [ TRACING]  -> ARM/debug/RubyNetwork.cc
 [ TRACING]  -> ARM/debug/RubyNetwork.hh
 [ TRACING]  -> ARM/debug/RubyPort.cc
 [ TRACING]  -> ARM/debug/RubyPort.hh
 [ TRACING]  -> ARM/debug/RubyPrefetcher.cc
 [ TRACING]  -> ARM/debug/RubyPrefetcher.hh
 [ TRACING]  -> ARM/debug/RubyQueue.cc
 [ TRACING]  -> ARM/debug/RubyQueue.hh
 [ TRACING]  -> ARM/debug/RubySequencer.cc
 [ TRACING]  -> ARM/debug/RubySequencer.hh
 [ TRACING]  -> ARM/debug/RubySlicc.cc
 [ TRACING]  -> ARM/debug/RubySlicc.hh
 [ TRACING]  -> ARM/debug/RubySystem.cc
 [ TRACING]  -> ARM/debug/RubySystem.hh
 [ TRACING]  -> ARM/debug/RubyTester.cc
 [ TRACING]  -> ARM/debug/RubyTester.hh
 [ TRACING]  -> ARM/debug/RubyStats.cc
 [ TRACING]  -> ARM/debug/RubyStats.hh
 [ TRACING]  -> ARM/debug/RubyResourceStalls.cc
 [ TRACING]  -> ARM/debug/RubyResourceStalls.hh
 [ TRACING]  -> ARM/debug/RubyProtocol.cc
 [ TRACING]  -> ARM/debug/RubyProtocol.hh
 [ TRACING]  -> ARM/debug/RubyHitMiss.cc
 [ TRACING]  -> ARM/debug/RubyHitMiss.hh
 [ TRACING]  -> ARM/debug/Ruby.cc
 [ TRACING]  -> ARM/debug/Ruby.hh
 [SO Param] m5.objects.RubySystem, RubySystem -> ARM/params/RubySystem.hh
 [SO Param] m5.objects.MessageBuffer, MessageBuffer -> ARM/params/MessageBuffer.hh
 [SO Param] m5.objects.CHAOSCHI, CHAOSCHI -> ARM/params/CHAOSCHI.hh
 [ENUMDECL] m5.objects.MessageBuffer, MessageRandomization -> ARM/enums/MessageRandomization.hh
 [     CXX] ARM/mem/ruby/slicc_interface/Controller.py.cc -> .o
 [SO Param] m5.objects.Controller, RubyController -> ARM/python/_m5/param_RubyController.cc
 [SO Param] m5.objects.Controller, RubyController -> ARM/params/RubyController.hh
 [SO Param] m5.objects.Network, RubyNetwork -> ARM/params/RubyNetwork.hh
 [SO Param] m5.objects.Sequencer, RubySequencer -> ARM/params/RubySequencer.hh
 [SO Param] m5.objects.RubyCache, RubyCache -> ARM/params/RubyCache.hh
 [SO Param] m5.objects.Sequencer, RubyPort -> ARM/params/RubyPort.hh
 [SO Param] m5.objects.BasicLink, BasicExtLink -> ARM/params/BasicExtLink.hh
 [SO Param] m5.objects.BasicLink, BasicIntLink -> ARM/params/BasicIntLink.hh
 [SO Param] m5.objects.BasicLink, BasicLink -> ARM/params/BasicLink.hh
 [     CXX] ARM/mem/ruby/system/RubySystem.py.cc -> .o
 [SO Param] m5.objects.RubySystem, RubySystem -> ARM/python/_m5/param_RubySystem.cc
 [SO Param] m5.objects.BasicRouter, BasicRouter -> ARM/params/BasicRouter.hh
 [     CXX] ARM/mem/ruby/system/Sequencer.py.cc -> .o
 [SO Param] m5.objects.Sequencer, RubyPort -> ARM/python/_m5/param_RubyPort.cc
 [SO Param] m5.objects.Sequencer, RubyPortProxy -> ARM/python/_m5/param_RubyPortProxy.cc
 [SO Param] m5.objects.Sequencer, RubySequencer -> ARM/python/_m5/param_RubySequencer.cc
 [SO Param] m5.objects.Sequencer, RubyHTMSequencer -> ARM/python/_m5/param_RubyHTMSequencer.cc
 [SO Param] m5.objects.Sequencer, RubyPortProxy -> ARM/params/RubyPortProxy.hh
 [SO Param] m5.objects.Sequencer, DMASequencer -> ARM/python/_m5/param_DMASequencer.cc
 [SO Param] m5.objects.Sequencer, RubyHTMSequencer -> ARM/params/RubyHTMSequencer.hh
 [SO Param] m5.objects.Sequencer, DMASequencer -> ARM/params/DMASequencer.hh
 [     CXX] ARM/mem/ruby/structures/RubyCache.py.cc -> .o
 [SO Param] m5.objects.RubyCache, RubyCache -> ARM/python/_m5/param_RubyCache.cc
 [     CXX] ARM/mem/ruby/structures/DirectoryMemory.py.cc -> .o
 [SO Param] m5.objects.DirectoryMemory, RubyDirectoryMemory -> ARM/python/_m5/param_RubyDirectoryMemory.cc
 [     CXX] ARM/mem/ruby/structures/RubyPrefetcher.py.cc -> .o
 [SO Param] m5.objects.DirectoryMemory, RubyDirectoryMemory -> ARM/params/RubyDirectoryMemory.hh
 [SO Param] m5.objects.RubyPrefetcher, RubyPrefetcher -> ARM/python/_m5/param_RubyPrefetcher.cc
 [SO Param] m5.objects.RubyPrefetcher, RubyPrefetcher -> ARM/params/RubyPrefetcher.hh
 [     CXX] ARM/mem/ruby/structures/WireBuffer.py.cc -> .o
 [SO Param] m5.objects.WireBuffer, RubyWireBuffer -> ARM/python/_m5/param_RubyWireBuffer.cc
 [SO Param] m5.objects.WireBuffer, RubyWireBuffer -> ARM/params/RubyWireBuffer.hh
 [     CXX] ARM/mem/ruby/network/BasicLink.py.cc -> .o
 [SO Param] m5.objects.BasicLink, BasicLink -> ARM/python/_m5/param_BasicLink.cc
 [SO Param] m5.objects.BasicLink, BasicExtLink -> ARM/python/_m5/param_BasicExtLink.cc
 [SO Param] m5.objects.BasicLink, BasicIntLink -> ARM/python/_m5/param_BasicIntLink.cc
 [     CXX] ARM/mem/ruby/network/BasicRouter.py.cc -> .o
 [SO Param] m5.objects.BasicRouter, BasicRouter -> ARM/python/_m5/param_BasicRouter.cc
 [     CXX] ARM/mem/ruby/network/MessageBuffer.py.cc -> .o
 [SO Param] m5.objects.MessageBuffer, MessageBuffer -> ARM/python/_m5/param_MessageBuffer.cc
 [ENUM STR] m5.objects.MessageBuffer, MessageRandomization -> ARM/enums/MessageRandomization.cc
 [     CXX] ARM/mem/ruby/network/Network.py.cc -> .o
 [SO Param] m5.objects.Network, RubyNetwork -> ARM/python/_m5/param_RubyNetwork.cc
 [     CXX] ARM/mem/ruby/network/garnet/GarnetLink.py.cc -> .o
 [SO Param] m5.objects.GarnetLink, NetworkLink -> ARM/python/_m5/param_NetworkLink.cc
 [SO Param] m5.objects.GarnetLink, NetworkLink -> ARM/params/NetworkLink.hh
 [SO Param] m5.objects.CHAOSNoC, CHAOSNoC -> ARM/params/CHAOSNoC.hh
 [SO Param] m5.objects.GarnetLink, CreditLink -> ARM/python/_m5/param_CreditLink.cc
 [SO Param] m5.objects.GarnetLink, NetworkBridge -> ARM/python/_m5/param_NetworkBridge.cc
 [SO Param] m5.objects.GarnetLink, GarnetIntLink -> ARM/python/_m5/param_GarnetIntLink.cc
 [SO Param] m5.objects.GarnetLink, CreditLink -> ARM/params/CreditLink.hh
 [ENUMDECL] m5.objects.GarnetLink, CDCType -> ARM/enums/CDCType.hh
 [SO Param] m5.objects.GarnetLink, GarnetIntLink -> ARM/params/GarnetIntLink.hh
 [SO Param] m5.objects.GarnetLink, GarnetExtLink -> ARM/params/GarnetExtLink.hh
 [SO Param] m5.objects.GarnetLink, NetworkBridge -> ARM/params/NetworkBridge.hh
 [SO Param] m5.objects.GarnetLink, GarnetExtLink -> ARM/python/_m5/param_GarnetExtLink.cc
 [ENUM STR] m5.objects.GarnetLink, CDCType -> ARM/enums/CDCType.cc
 [     CXX] ARM/mem/ruby/network/garnet/GarnetNetwork.py.cc -> .o
 [SO Param] m5.objects.GarnetNetwork, GarnetNetwork -> ARM/python/_m5/param_GarnetNetwork.cc
 [SO Param] m5.objects.GarnetNetwork, GarnetNetworkInterface -> ARM/python/_m5/param_GarnetNetworkInterface.cc
 [SO Param] m5.objects.GarnetNetwork, GarnetNetwork -> ARM/params/GarnetNetwork.hh
 [SO Param] m5.objects.GarnetNetwork, GarnetNetworkInterface -> ARM/params/GarnetNetworkInterface.hh
 [SO Param] m5.objects.FaultModel, FaultModel -> ARM/params/FaultModel.hh
 [SO Param] m5.objects.GarnetNetwork, GarnetRouter -> ARM/python/_m5/param_GarnetRouter.cc
 [SO Param] m5.objects.GarnetNetwork, GarnetRouter -> ARM/params/GarnetRouter.hh
 [     CXX] ARM/mem/ruby/network/garnet/CHAOSNoC/CHAOSNoC.py.cc -> .o
 [SO Param] m5.objects.CHAOSNoC, CHAOSNoC -> ARM/python/_m5/param_CHAOSNoC.cc
 [ TRACING]  -> ARM/debug/CHAOSNoC.hh
 [ TRACING]  -> ARM/debug/CHAOSNoC.cc
 [     CXX] ARM/mem/ruby/network/fault_model/FaultModel.py.cc -> .o
 [SO Param] m5.objects.FaultModel, FaultModel -> ARM/python/_m5/param_FaultModel.cc
 [     CXX] ARM/mem/ruby/network/simple/SimpleLink.py.cc -> .o
 [SO Param] m5.objects.SimpleLink, SimpleExtLink -> ARM/python/_m5/param_SimpleExtLink.cc
 [SO Param] m5.objects.SimpleLink, SimpleIntLink -> ARM/python/_m5/param_SimpleIntLink.cc
 [SO Param] m5.objects.SimpleLink, SimpleExtLink -> ARM/params/SimpleExtLink.hh
 [SO Param] m5.objects.SimpleLink, SimpleIntLink -> ARM/params/SimpleIntLink.hh
 [     CXX] ARM/mem/ruby/network/simple/SimpleNetwork.py.cc -> .o
 [SO Param] m5.objects.SimpleNetwork, SimpleNetwork -> ARM/python/_m5/param_SimpleNetwork.cc
 [SO Param] m5.objects.SimpleNetwork, SimpleNetwork -> ARM/params/SimpleNetwork.hh
 [SO Param] m5.objects.SimpleNetwork, BaseRoutingUnit -> ARM/python/_m5/param_BaseRoutingUnit.cc
 [SO Param] m5.objects.SimpleNetwork, WeightBased -> ARM/python/_m5/param_WeightBased.cc
 [SO Param] m5.objects.SimpleNetwork, BaseRoutingUnit -> ARM/params/BaseRoutingUnit.hh
 [SO Param] m5.objects.SimpleNetwork, WeightBased -> ARM/params/WeightBased.hh
 [SO Param] m5.objects.SimpleNetwork, Switch -> ARM/python/_m5/param_Switch.cc
 [SO Param] m5.objects.SimpleNetwork, Switch -> ARM/params/Switch.hh
 [SO Param] m5.objects.CHI_Cache_Controller, CHI_Cache_Controller -> ARM/params/CHI_Cache_Controller.hh
 [SO Param] m5.objects.CHI_MiscNode_Controller, CHI_MiscNode_Controller -> ARM/params/CHI_MiscNode_Controller.hh
 [SO Param] m5.objects.CHI_Memory_Controller, CHI_Memory_Controller -> ARM/params/CHI_Memory_Controller.hh
 [     CXX] ARM/mem/ruby/protocol/CHI/CHI_Cache_Controller.py.cc -> .o
 [SO Param] m5.objects.CHI_Cache_Controller, CHI_Cache_Controller -> ARM/python/_m5/param_CHI_Cache_Controller.cc
 [     CXX] ARM/mem/ruby/protocol/CHI/CHI_Memory_Controller.py.cc -> .o
 [SO Param] m5.objects.CHI_Memory_Controller, CHI_Memory_Controller -> ARM/python/_m5/param_CHI_Memory_Controller.cc
 [     CXX] ARM/mem/ruby/protocol/CHI/CHI_MiscNode_Controller.py.cc -> .o
 [SO Param] m5.objects.CHI_MiscNode_Controller, CHI_MiscNode_Controller -> ARM/python/_m5/param_CHI_MiscNode_Controller.cc
 [     CXX] ARM/mem/ruby/protocol/chi/generic/CHIGeneric.py.cc -> .o
 [SO Param] m5.objects.CHIGeneric, CHIGenericController -> ARM/python/_m5/param_CHIGenericController.cc
 [SO Param] m5.objects.CHIGeneric, CHIGenericController -> ARM/params/CHIGenericController.hh
 [ TRACING]  -> ARM/debug/RubyCHIGeneric.cc
 [ TRACING]  -> ARM/debug/RubyCHIGeneric.hh
 [ TRACING]  -> ARM/debug/RubyCHIGenericVerbose.cc
 [     CXX] ARM/mem/ruby/CHAOSCHI/CHAOSCHI.py.cc -> .o
 [ TRACING]  -> ARM/debug/RubyCHIGenericVerbose.hh
 [SO Param] m5.objects.CHAOSCHI, CHAOSCHI -> ARM/python/_m5/param_CHAOSCHI.cc
 [ TRACING]  -> ARM/debug/CHAOSCHI.hh
 [ TRACING]  -> ARM/debug/CHAOSCHI.cc
 [     CXX] ARM/mem/CHAOSMem/CHAOSMem.py.cc -> .o
 [SO Param] m5.objects.CHAOSMem, CHAOSMem -> ARM/python/_m5/param_CHAOSMem.cc
 [SO Param] m5.objects.CHAOSMem, CHAOSMem -> ARM/params/CHAOSMem.hh
 [     CXX] ARM/mem/qos/QoSMemCtrl.py.cc -> .o
 [SO Param] m5.objects.QoSMemCtrl, QoSMemCtrl -> ARM/python/_m5/param_QoSMemCtrl.cc
 [ENUM STR] m5.objects.QoSMemCtrl, QoSQPolicy -> ARM/enums/QoSQPolicy.cc
 [     CXX] ARM/mem/qos/QoSMemSinkCtrl.py.cc -> .o
 [SO Param] m5.objects.QoSMemSinkCtrl, QoSMemSinkCtrl -> ARM/python/_m5/param_QoSMemSinkCtrl.cc
 [     CXX] ARM/mem/qos/QoSMemSinkInterface.py.cc -> .o
 [SO Param] m5.objects.QoSMemSinkCtrl, QoSMemSinkCtrl -> ARM/params/QoSMemSinkCtrl.hh
 [SO Param] m5.objects.QoSMemSinkInterface, QoSMemSinkInterface -> ARM/params/QoSMemSinkInterface.hh
 [SO Param] m5.objects.QoSMemSinkInterface, QoSMemSinkInterface -> ARM/python/_m5/param_QoSMemSinkInterface.cc
 [     CXX] ARM/mem/qos/QoSPolicy.py.cc -> .o
 [SO Param] m5.objects.QoSPolicy, QoSPolicy -> ARM/python/_m5/param_QoSPolicy.cc
 [SO Param] m5.objects.QoSPolicy, QoSFixedPriorityPolicy -> ARM/python/_m5/param_QoSFixedPriorityPolicy.cc
 [SO Param] m5.objects.QoSPolicy, QoSFixedPriorityPolicy -> ARM/params/QoSFixedPriorityPolicy.hh
 [SO Param] m5.objects.QoSPolicy, QoSPropFairPolicy -> ARM/python/_m5/param_QoSPropFairPolicy.cc
 [     CXX] ARM/mem/qos/QoSTurnaround.py.cc -> .o
 [SO Param] m5.objects.QoSTurnaround, QoSTurnaroundPolicy -> ARM/python/_m5/param_QoSTurnaroundPolicy.cc
 [SO Param] m5.objects.QoSTurnaround, QoSTurnaroundPolicyIdeal -> ARM/python/_m5/param_QoSTurnaroundPolicyIdeal.cc
 [SO Param] m5.objects.QoSPolicy, QoSPropFairPolicy -> ARM/params/QoSPropFairPolicy.hh
 [SO Param] m5.objects.QoSTurnaround, QoSTurnaroundPolicyIdeal -> ARM/params/QoSTurnaroundPolicyIdeal.hh
 [     CXX] ARM/base/Graphics.py.cc -> .o
 [ENUM STR] m5.objects.Graphics, ImageFormat -> ARM/enums/ImageFormat.cc
 [ENUMDECL] m5.objects.Graphics, ImageFormat -> ARM/enums/ImageFormat.hh
 [ TRACING]  -> ARM/debug/GDBAll.hh
 [ TRACING]  -> ARM/debug/GDBAcc.hh
 [ TRACING]  -> ARM/debug/GDBExtra.hh
 [ TRACING]  -> ARM/debug/GDBRead.hh
 [ TRACING]  -> ARM/debug/GDBRecv.hh
 [ TRACING]  -> ARM/debug/GDBSend.hh
 [ TRACING]  -> ARM/debug/GDBWrite.hh
 [ TRACING]  -> ARM/debug/FmtFlag.hh
 [ TRACING]  -> ARM/debug/FmtStackTrace.hh
 [ TRACING]  -> ARM/debug/Annotate.cc
 [ TRACING]  -> ARM/debug/AnnotateQ.cc
 [ TRACING]  -> ARM/debug/Annotate.hh
 [ TRACING]  -> ARM/debug/AnnotateQ.hh
 [ TRACING]  -> ARM/debug/AnnotateVerbose.cc
 [ TRACING]  -> ARM/debug/GDBAcc.cc
 [ TRACING]  -> ARM/debug/GDBExtra.cc
 [ TRACING]  -> ARM/debug/AnnotateVerbose.hh
 [ TRACING]  -> ARM/debug/GDBMisc.cc
 [ TRACING]  -> ARM/debug/GDBRead.cc
 [ TRACING]  -> ARM/debug/GDBRecv.cc
 [ TRACING]  -> ARM/debug/GDBSend.cc
 [ TRACING]  -> ARM/debug/GDBWrite.cc
 [ TRACING]  -> ARM/debug/SQL.cc
 [ TRACING]  -> ARM/debug/Stats.cc
 [ TRACING]  -> ARM/debug/StatEvents.cc
 [ TRACING]  -> ARM/debug/SQL.hh
 [ TRACING]  -> ARM/debug/Stats.hh
 [ TRACING]  -> ARM/debug/StatEvents.hh
 [ TRACING]  -> ARM/debug/GDBAll.cc
 [ TRACING]  -> ARM/debug/AnnotateAll.cc
 [ TRACING]  -> ARM/debug/FmtFlag.cc
 [ TRACING]  -> ARM/debug/FmtStackTrace.cc
 [ TRACING]  -> ARM/debug/AnnotateAll.hh
 [ TRACING]  -> ARM/debug/FmtTicksOff.cc
 [     CXX] ARM/base/filters/BloomFilters.py.cc -> .o
 [SO Param] m5.objects.BloomFilters, BloomFilterBase -> ARM/python/_m5/param_BloomFilterBase.cc
 [SO Param] m5.objects.BloomFilters, BloomFilterBlock -> ARM/python/_m5/param_BloomFilterBlock.cc
 [SO Param] m5.objects.BloomFilters, BloomFilterBase -> ARM/params/BloomFilterBase.hh
 [SO Param] m5.objects.BloomFilters, BloomFilterBlock -> ARM/params/BloomFilterBlock.hh
 [SO Param] m5.objects.BloomFilters, BloomFilterMultiBitSel -> ARM/python/_m5/param_BloomFilterMultiBitSel.cc
 [SO Param] m5.objects.BloomFilters, BloomFilterBulk -> ARM/python/_m5/param_BloomFilterBulk.cc
 [SO Param] m5.objects.BloomFilters, BloomFilterBulk -> ARM/params/BloomFilterBulk.hh
 [SO Param] m5.objects.BloomFilters, BloomFilterMultiBitSel -> ARM/params/BloomFilterMultiBitSel.hh
 [SO Param] m5.objects.BloomFilters, BloomFilterH3 -> ARM/python/_m5/param_BloomFilterH3.cc
 [SO Param] m5.objects.BloomFilters, BloomFilterMulti -> ARM/python/_m5/param_BloomFilterMulti.cc
 [SO Param] m5.objects.BloomFilters, BloomFilterH3 -> ARM/params/BloomFilterH3.hh
 [SO Param] m5.objects.BloomFilters, BloomFilterMulti -> ARM/params/BloomFilterMulti.hh
 [SO Param] m5.objects.BloomFilters, BloomFilterPerfect -> ARM/python/_m5/param_BloomFilterPerfect.cc
 [SO Param] m5.objects.BloomFilters, BloomFilterPerfect -> ARM/params/BloomFilterPerfect.hh
 [ TRACING]  -> ARM/debug/Loader.hh
 [     CXX] ARM/base/vnc/Vnc.py.cc -> .o
 [SO Param] m5.objects.Vnc, VncInput -> ARM/python/_m5/param_VncInput.cc
 [SO Param] m5.objects.Vnc, VncInput -> ARM/params/VncInput.hh
 [SO Param] m5.objects.Vnc, VncServer -> ARM/python/_m5/param_VncServer.cc
 [SO Param] m5.objects.Vnc, VncServer -> ARM/params/VncServer.hh
 [ TRACING]  -> ARM/debug/VNC.hh
 [ TRACING]  -> ARM/debug/VNC.cc
 [     CXX] ARM/systemc/Tlm.py.cc -> .o
 [     CXX] ARM/systemc/core/SystemC.py.cc -> .o
 [SO Param] m5.objects.SystemC, SystemC_Kernel -> ARM/python/_m5/param_SystemC_Kernel.cc
 [SO Param] m5.objects.SystemC, SystemC_Kernel -> ARM/params/SystemC_Kernel.hh
 [SO Param] m5.objects.SystemC, SystemC_ScObject -> ARM/python/_m5/param_SystemC_ScObject.cc
 [SO Param] m5.objects.SystemC, SystemC_ScModule -> ARM/python/_m5/param_SystemC_ScModule.cc
 [SO Param] m5.objects.SystemC, SystemC_ScObject -> ARM/params/SystemC_ScObject.hh
 [SO Param] m5.objects.SystemC, SystemC_ScModule -> ARM/params/SystemC_ScModule.hh
 [     CXX] ARM/systemc/python/systemc.py.cc -> .o
 [     CXX] ARM/systemc/python/tlm.py.cc -> .o
 [     CXX] ARM/systemc/tlm_bridge/TlmBridge.py.cc -> .o
 [SO Param] m5.objects.TlmBridge, Gem5ToTlmBridgeBase -> ARM/python/_m5/param_Gem5ToTlmBridgeBase.cc
 [SO Param] m5.objects.TlmBridge, Gem5ToTlmBridgeBase -> ARM/params/Gem5ToTlmBridgeBase.hh
 [SO Param] m5.objects.TlmBridge, TlmToGem5BridgeBase -> ARM/python/_m5/param_TlmToGem5BridgeBase.cc
 [SO Param] m5.objects.TlmBridge, TlmToGem5BridgeBase -> ARM/params/TlmToGem5BridgeBase.hh
 [SO Param] m5.objects.TlmBridge, Gem5ToTlmBridge32 -> ARM/python/_m5/param_Gem5ToTlmBridge32.cc
 [SO Param] m5.objects.TlmBridge, Gem5ToTlmBridge64 -> ARM/python/_m5/param_Gem5ToTlmBridge64.cc
 [SO Param] m5.objects.TlmBridge, Gem5ToTlmBridge32 -> ARM/params/Gem5ToTlmBridge32.hh
 [SO Param] m5.objects.TlmBridge, Gem5ToTlmBridge64 -> ARM/params/Gem5ToTlmBridge64.hh
 [SO Param] m5.objects.TlmBridge, Gem5ToTlmBridge128 -> ARM/python/_m5/param_Gem5ToTlmBridge128.cc
 [SO Param] m5.objects.TlmBridge, Gem5ToTlmBridge256 -> ARM/python/_m5/param_Gem5ToTlmBridge256.cc
 [SO Param] m5.objects.TlmBridge, Gem5ToTlmBridge128 -> ARM/params/Gem5ToTlmBridge128.hh
 [SO Param] m5.objects.TlmBridge, Gem5ToTlmBridge256 -> ARM/params/Gem5ToTlmBridge256.hh
 [SO Param] m5.objects.TlmBridge, Gem5ToTlmBridge512 -> ARM/python/_m5/param_Gem5ToTlmBridge512.cc
 [SO Param] m5.objects.TlmBridge, TlmToGem5Bridge32 -> ARM/python/_m5/param_TlmToGem5Bridge32.cc
 [SO Param] m5.objects.TlmBridge, Gem5ToTlmBridge512 -> ARM/params/Gem5ToTlmBridge512.hh
 [SO Param] m5.objects.TlmBridge, TlmToGem5Bridge32 -> ARM/params/TlmToGem5Bridge32.hh
 [SO Param] m5.objects.TlmBridge, TlmToGem5Bridge64 -> ARM/python/_m5/param_TlmToGem5Bridge64.cc
 [SO Param] m5.objects.TlmBridge, TlmToGem5Bridge128 -> ARM/python/_m5/param_TlmToGem5Bridge128.cc
 [SO Param] m5.objects.TlmBridge, TlmToGem5Bridge256 -> ARM/python/_m5/param_TlmToGem5Bridge256.cc
 [SO Param] m5.objects.TlmBridge, TlmToGem5Bridge64 -> ARM/params/TlmToGem5Bridge64.hh
 [SO Param] m5.objects.TlmBridge, TlmToGem5Bridge256 -> ARM/params/TlmToGem5Bridge256.hh
 [SO Param] m5.objects.TlmBridge, TlmToGem5Bridge128 -> ARM/params/TlmToGem5Bridge128.hh
 [SO Param] m5.objects.TlmBridge, TlmToGem5Bridge512 -> ARM/python/_m5/param_TlmToGem5Bridge512.cc
 [ TRACING]  -> ARM/debug/TlmBridge.hh
 [SO Param] m5.objects.TlmBridge, TlmToGem5Bridge512 -> ARM/params/TlmToGem5Bridge512.hh
 [ TRACING]  -> ARM/debug/TlmBridge.cc
 [     CXX] ARM/dev/Device.py.cc -> .o
 [SO Param] m5.objects.Device, PioDevice -> ARM/python/_m5/param_PioDevice.cc
 [SO Param] m5.objects.Device, BasicPioDevice -> ARM/python/_m5/param_BasicPioDevice.cc
 [SO Param] m5.objects.Device, DmaDevice -> ARM/python/_m5/param_DmaDevice.cc
 [SO Param] m5.objects.Device, PioDevice -> ARM/params/PioDevice.hh
 [SO Param] m5.objects.Device, BasicPioDevice -> ARM/params/BasicPioDevice.hh
 [SO Param] m5.objects.Device, DmaVirtDevice -> ARM/python/_m5/param_DmaVirtDevice.cc
 [SO Param] m5.objects.Device, DmaDevice -> ARM/params/DmaDevice.hh
 [SO Param] m5.objects.Device, IsaFake -> ARM/python/_m5/param_IsaFake.cc
 [ TRACING]  -> ARM/debug/IsaFake.hh
 [SO Param] m5.objects.Device, DmaVirtDevice -> ARM/params/DmaVirtDevice.hh
 [SO Param] m5.objects.Device, IsaFake -> ARM/params/IsaFake.hh
 [ TRACING]  -> ARM/debug/DMA.hh
 [ TRACING]  -> ARM/debug/IntPin.cc
 [ TRACING]  -> ARM/debug/IsaFake.cc
 [ TRACING]  -> ARM/debug/DMA.cc
 [     CXX] ARM/dev/Platform.py.cc -> .o
 [SO Param] m5.objects.Platform, Platform -> ARM/python/_m5/param_Platform.cc
 [SO Param] m5.objects.Platform, Platform -> ARM/params/Platform.hh
 [     CXX] ARM/dev/BadDevice.py.cc -> .o
 [SO Param] m5.objects.BadDevice, BadDevice -> ARM/python/_m5/param_BadDevice.cc
 [SO Param] m5.objects.BadDevice, BadDevice -> ARM/params/BadDevice.hh
 [ TRACING]  -> ARM/debug/Intel8254Timer.hh
 [ TRACING]  -> ARM/debug/MC146818.hh
 [ TRACING]  -> ARM/debug/Intel8254Timer.cc
 [ TRACING]  -> ARM/debug/MC146818.cc
 [     CXX] ARM/dev/i2c/I2C.py.cc -> .o
 [SO Param] m5.objects.I2C, I2CDevice -> ARM/python/_m5/param_I2CDevice.cc
 [SO Param] m5.objects.I2C, I2CDevice -> ARM/params/I2CDevice.hh
 [SO Param] m5.objects.I2C, I2CBus -> ARM/python/_m5/param_I2CBus.cc
 [SO Param] m5.objects.I2C, I2CBus -> ARM/params/I2CBus.hh
 [     CXX] ARM/dev/virtio/VirtIO.py.cc -> .o
 [SO Param] m5.objects.VirtIO, VirtIODeviceBase -> ARM/python/_m5/param_VirtIODeviceBase.cc
 [SO Param] m5.objects.VirtIO, VirtIODummyDevice -> ARM/python/_m5/param_VirtIODummyDevice.cc
 [SO Param] m5.objects.VirtIO, VirtIODeviceBase -> ARM/params/VirtIODeviceBase.hh
 [SO Param] m5.objects.VirtIO, PciVirtIO -> ARM/python/_m5/param_PciVirtIO.cc
 [SO Param] m5.objects.VirtIO, VirtIODummyDevice -> ARM/params/VirtIODummyDevice.hh
 [     CXX] ARM/dev/virtio/VirtIOConsole.py.cc -> .o
 [SO Param] m5.objects.VirtIO, PciVirtIO -> ARM/params/PciVirtIO.hh
 [SO Param] m5.objects.PciDevice, PciBar -> ARM/params/PciBar.hh
 [SO Param] m5.objects.PciDevice, PciBarNone -> ARM/params/PciBarNone.hh
 [SO Param] m5.objects.PciDevice, PciDevice -> ARM/params/PciDevice.hh
 [SO Param] m5.objects.PciDevice, PciEndpoint -> ARM/params/PciEndpoint.hh
 [SO Param] m5.objects.PciDevice, PciIoBar -> ARM/params/PciIoBar.hh
 [SO Param] m5.objects.PciDevice, PciLegacyIoBar -> ARM/params/PciLegacyIoBar.hh
 [SO Param] m5.objects.PciDevice, PciMemBar -> ARM/params/PciMemBar.hh
 [SO Param] m5.objects.PciDevice, PciMemUpperBar -> ARM/params/PciMemUpperBar.hh
 [SO Param] m5.objects.PciDevice, PciType1Device -> ARM/params/PciType1Device.hh
 [SO Param] m5.objects.PciUpstream, PciConfigError -> ARM/params/PciConfigError.hh
 [SO Param] m5.objects.PciUpstream, PciUpstream -> ARM/params/PciUpstream.hh
 [SO Param] m5.objects.PciUpstream, PciUpDownBridge -> ARM/params/PciUpDownBridge.hh
 [SO Param] m5.objects.VirtIOConsole, VirtIOConsole -> ARM/python/_m5/param_VirtIOConsole.cc
 [     CXX] ARM/dev/virtio/VirtIOBlock.py.cc -> .o
 [SO Param] m5.objects.VirtIOConsole, VirtIOConsole -> ARM/params/VirtIOConsole.hh
 [SO Param] m5.objects.Serial, SerialDevice -> ARM/params/SerialDevice.hh
 [SO Param] m5.objects.VirtIOBlock, VirtIOBlock -> ARM/python/_m5/param_VirtIOBlock.cc
 [SO Param] m5.objects.VirtIOBlock, VirtIOBlock -> ARM/params/VirtIOBlock.hh
 [SO Param] m5.objects.DiskImage, CowDiskImage -> ARM/params/CowDiskImage.hh
 [SO Param] m5.objects.DiskImage, DiskImage -> ARM/params/DiskImage.hh
 [SO Param] m5.objects.DiskImage, RawDiskImage -> ARM/params/RawDiskImage.hh
 [     CXX] ARM/dev/virtio/VirtIORng.py.cc -> .o
 [SO Param] m5.objects.VirtIORng, VirtIORng -> ARM/python/_m5/param_VirtIORng.cc
 [     CXX] ARM/dev/virtio/VirtIO9P.py.cc -> .o
 [SO Param] m5.objects.VirtIO9P, VirtIO9PBase -> ARM/python/_m5/param_VirtIO9PBase.cc
 [SO Param] m5.objects.VirtIORng, VirtIORng -> ARM/params/VirtIORng.hh
 [SO Param] m5.objects.VirtIO9P, VirtIO9PBase -> ARM/params/VirtIO9PBase.hh
 [SO Param] m5.objects.VirtIO9P, VirtIO9PProxy -> ARM/python/_m5/param_VirtIO9PProxy.cc
 [SO Param] m5.objects.VirtIO9P, VirtIO9PDiod -> ARM/python/_m5/param_VirtIO9PDiod.cc
 [SO Param] m5.objects.VirtIO9P, VirtIO9PProxy -> ARM/params/VirtIO9PProxy.hh
 [SO Param] m5.objects.VirtIO9P, VirtIO9PDiod -> ARM/params/VirtIO9PDiod.hh
 [SO Param] m5.objects.VirtIO9P, VirtIO9PSocket -> ARM/python/_m5/param_VirtIO9PSocket.cc
 [ TRACING]  -> ARM/debug/VIO.hh
 [ TRACING]  -> ARM/debug/VIOIface.hh
 [ TRACING]  -> ARM/debug/VIOConsole.hh
 [ TRACING]  -> ARM/debug/VIOBlock.hh
 [ TRACING]  -> ARM/debug/VIO9P.hh
 [ TRACING]  -> ARM/debug/VIO9PData.hh
 [SO Param] m5.objects.VirtIO9P, VirtIO9PSocket -> ARM/params/VirtIO9PSocket.hh
 [ TRACING]  -> ARM/debug/VIORng.hh
 [ TRACING]  -> ARM/debug/VIO.cc
 [ TRACING]  -> ARM/debug/VIORng.cc
 [ TRACING]  -> ARM/debug/VIOIface.cc
 [ TRACING]  -> ARM/debug/VIOConsole.cc
 [ TRACING]  -> ARM/debug/VIOBlock.cc
 [ TRACING]  -> ARM/debug/VIO9P.cc
 [ TRACING]  -> ARM/debug/VIO9PData.cc
 [     CXX] ARM/dev/qemu/QemuFwCfg.py.cc -> .o
 [SO Param] m5.objects.QemuFwCfg, QemuFwCfgItem -> ARM/python/_m5/param_QemuFwCfgItem.cc
 [SO Param] m5.objects.QemuFwCfg, QemuFwCfgItemBytes -> ARM/python/_m5/param_QemuFwCfgItemBytes.cc
 [SO Param] m5.objects.QemuFwCfg, QemuFwCfgItem -> ARM/params/QemuFwCfgItem.hh
 [SO Param] m5.objects.QemuFwCfg, QemuFwCfgItemBytes -> ARM/params/QemuFwCfgItemBytes.hh
 [SO Param] m5.objects.QemuFwCfg, QemuFwCfg -> ARM/params/QemuFwCfg.hh
 [SO Param] m5.objects.QemuFwCfg, QemuFwCfgIo -> ARM/params/QemuFwCfgIo.hh
 [SO Param] m5.objects.QemuFwCfg, QemuFwCfgItemFile -> ARM/params/QemuFwCfgItemFile.hh
 [SO Param] m5.objects.QemuFwCfg, QemuFwCfgItemString -> ARM/params/QemuFwCfgItemString.hh
 [SO Param] m5.objects.QemuFwCfg, QemuFwCfgMmio -> ARM/params/QemuFwCfgMmio.hh
 [SO Param] m5.objects.QemuFwCfg, QemuFwCfgItemFile -> ARM/python/_m5/param_QemuFwCfgItemFile.cc
 [SO Param] m5.objects.QemuFwCfg, QemuFwCfgItemString -> ARM/python/_m5/param_QemuFwCfgItemString.cc
 [SO Param] m5.objects.QemuFwCfg, QemuFwCfg -> ARM/python/_m5/param_QemuFwCfg.cc
 [SO Param] m5.objects.QemuFwCfg, QemuFwCfgIo -> ARM/python/_m5/param_QemuFwCfgIo.cc
 [SO Param] m5.objects.QemuFwCfg, QemuFwCfgMmio -> ARM/python/_m5/param_QemuFwCfgMmio.cc
 [ TRACING]  -> ARM/debug/QemuFwCfg.hh
 [ TRACING]  -> ARM/debug/QemuFwCfgVerbose.hh
 [ TRACING]  -> ARM/debug/QemuFwCfg.cc
 [ TRACING]  -> ARM/debug/QemuFwCfgVerbose.cc
 [     CXX] ARM/dev/ps2/PS2.py.cc -> .o
 [SO Param] m5.objects.PS2, PS2Device -> ARM/python/_m5/param_PS2Device.cc
 [SO Param] m5.objects.PS2, PS2Keyboard -> ARM/python/_m5/param_PS2Keyboard.cc
 [SO Param] m5.objects.PS2, PS2Mouse -> ARM/python/_m5/param_PS2Mouse.cc
 [SO Param] m5.objects.PS2, PS2Keyboard -> ARM/params/PS2Keyboard.hh
 [SO Param] m5.objects.PS2, PS2Device -> ARM/params/PS2Device.hh
 [SO Param] m5.objects.PS2, PS2Mouse -> ARM/params/PS2Mouse.hh
 [SO Param] m5.objects.PS2, PS2TouchKit -> ARM/python/_m5/param_PS2TouchKit.cc
 [ TRACING]  -> ARM/debug/PS2.hh
 [SO Param] m5.objects.PS2, PS2TouchKit -> ARM/params/PS2TouchKit.hh
 [ TRACING]  -> ARM/debug/PS2.cc
 [     CXX] ARM/dev/arm/AbstractNVM.py.cc -> .o
 [SO Param] m5.objects.AbstractNVM, AbstractNVM -> ARM/python/_m5/param_AbstractNVM.cc
 [     CXX] ARM/dev/arm/Display.py.cc -> .o
 [SO Param] m5.objects.AbstractNVM, AbstractNVM -> ARM/params/AbstractNVM.hh
 [SO Param] m5.objects.Display, Display -> ARM/python/_m5/param_Display.cc
 [     CXX] ARM/dev/arm/Doorbell.py.cc -> .o
 [SO Param] m5.objects.Display, Display -> ARM/params/Display.hh
 [SO Param] m5.objects.Doorbell, Doorbell -> ARM/python/_m5/param_Doorbell.cc
 [SO Param] m5.objects.Doorbell, Doorbell -> ARM/params/Doorbell.hh
 [     CXX] ARM/dev/arm/FlashDevice.py.cc -> .o
 [SO Param] m5.objects.FlashDevice, FlashDevice -> ARM/python/_m5/param_FlashDevice.cc
 [ENUMDECL] m5.objects.FlashDevice, DataDistribution -> ARM/enums/DataDistribution.hh
 [SO Param] m5.objects.FlashDevice, FlashDevice -> ARM/params/FlashDevice.hh
 [ TRACING]  -> ARM/debug/FlashDevice.hh
 [ENUM STR] m5.objects.FlashDevice, DataDistribution -> ARM/enums/DataDistribution.cc
 [     CXX] ARM/dev/arm/GenericTimer.py.cc -> .o
 [SO Param] m5.objects.GenericTimer, SystemCounter -> ARM/python/_m5/param_SystemCounter.cc
 [SO Param] m5.objects.GenericTimer, GenericTimer -> ARM/python/_m5/param_GenericTimer.cc
 [SO Param] m5.objects.GenericTimer, SystemCounter -> ARM/params/SystemCounter.hh
 [SO Param] m5.objects.GenericTimer, GenericTimer -> ARM/params/GenericTimer.hh
 [ENUMDECL] m5.objects.ArmSystem, ArmExtension -> ARM/enums/ArmExtension.hh
 [ENUMDECL] m5.objects.Gic, ArmInterruptType -> ARM/enums/ArmInterruptType.hh
 [ TRACING]  -> ARM/debug/DebugPrintf.hh
 [ENUMDECL] m5.objects.Workload, KernelPanicOopsBehaviour -> ARM/enums/KernelPanicOopsBehaviour.hh
 [SO Param] m5.objects.GenericTimer, GenericTimerFrame -> ARM/python/_m5/param_GenericTimerFrame.cc
 [SO Param] m5.objects.Gic, ArmPPI -> ARM/params/ArmPPI.hh
 [SO Param] m5.objects.GenericTimer, GenericTimerFrame -> ARM/params/GenericTimerFrame.hh
 [SO Param] m5.objects.ArmSystem, ArmSystem -> ARM/params/ArmSystem.hh
 [SO Param] m5.objects.Gic, ArmSPI -> ARM/params/ArmSPI.hh
 [SO Param] m5.objects.Gic, ArmInterruptPin -> ARM/params/ArmInterruptPin.hh
 [SO Param] m5.objects.ArmSystem, ArmRelease -> ARM/params/ArmRelease.hh
 [SO Param] m5.objects.ArmSemihosting, ArmSemihosting -> ARM/params/ArmSemihosting.hh
 [SO Param] m5.objects.GenericTimer, GenericTimerMem -> ARM/python/_m5/param_GenericTimerMem.cc
 [SO Param] m5.objects.BaseSemihosting, BaseSemihosting -> ARM/params/BaseSemihosting.hh
 [SO Param] m5.objects.GenericTimer, GenericTimerMem -> ARM/params/GenericTimerMem.hh
 [     CXX] ARM/dev/arm/Gic.py.cc -> .o
 [SO Param] m5.objects.Gic, BaseGic -> ARM/python/_m5/param_BaseGic.cc
 [SO Param] m5.objects.Gic, ArmInterruptPin -> ARM/python/_m5/param_ArmInterruptPin.cc
 [SO Param] m5.objects.Gic, BaseGic -> ARM/params/BaseGic.hh
 [SO Param] m5.objects.Gic, ArmSPI -> ARM/python/_m5/param_ArmSPI.cc
 [SO Param] m5.objects.Gic, ArmPPI -> ARM/python/_m5/param_ArmPPI.cc
 [SO Param] m5.objects.Gic, ArmSigInterruptPin -> ARM/python/_m5/param_ArmSigInterruptPin.cc
 [SO Param] m5.objects.Gic, GicV2 -> ARM/python/_m5/param_GicV2.cc
 [SO Param] m5.objects.Gic, ArmSigInterruptPin -> ARM/params/ArmSigInterruptPin.hh
 [SO Param] m5.objects.Gic, Gicv2mFrame -> ARM/python/_m5/param_Gicv2mFrame.cc
 [SO Param] m5.objects.Gic, Gicv2m -> ARM/python/_m5/param_Gicv2m.cc
 [SO Param] m5.objects.Gic, GicV2 -> ARM/params/GicV2.hh
 [ TRACING]  -> ARM/debug/Interrupt.hh
 [SO Param] m5.objects.Gic, Gicv2mFrame -> ARM/params/Gicv2mFrame.hh
 [ENUMDECL] m5.objects.ArmTLB, ArmLookupLevel -> ARM/enums/ArmLookupLevel.hh
 [SO Param] m5.objects.Gic, Gicv2m -> ARM/params/Gicv2m.hh
 [SO Param] m5.objects.ArmTLB, TLBIndexingPolicy -> ARM/params/TLBIndexingPolicy.hh
 [SO Param] m5.objects.ArmTLB, TLBSetAssociative -> ARM/params/TLBSetAssociative.hh
 [SO Param] m5.objects.Gic, VGic -> ARM/python/_m5/param_VGic.cc
 [SO Param] m5.objects.Gic, Gicv3Its -> ARM/python/_m5/param_Gicv3Its.cc
 [SO Param] m5.objects.Gic, Gicv3 -> ARM/python/_m5/param_Gicv3.cc
 [ENUM STR] m5.objects.Gic, ArmInterruptType -> ARM/enums/ArmInterruptType.cc
 [     CXX] ARM/dev/arm/Mpam.py.cc -> .o
 [SO Param] m5.objects.Gic, VGic -> ARM/params/VGic.hh
 [SO Param] m5.objects.Gic, Gicv3Its -> ARM/params/Gicv3Its.hh
 [SO Param] m5.objects.Gic, Gicv3 -> ARM/params/Gicv3.hh
 [SO Param] m5.objects.Mpam, MpamMSC -> ARM/python/_m5/param_MpamMSC.cc
 [     CXX] ARM/dev/arm/RealView.py.cc -> .o
 [SO Param] m5.objects.RealView, AmbaPioDevice -> ARM/python/_m5/param_AmbaPioDevice.cc
 [SO Param] m5.objects.RealView, AmbaIntDevice -> ARM/python/_m5/param_AmbaIntDevice.cc
 [SO Param] m5.objects.RealView, AmbaDmaDevice -> ARM/python/_m5/param_AmbaDmaDevice.cc
 [SO Param] m5.objects.Mpam, MpamMSC -> ARM/params/MpamMSC.hh
 [SO Param] m5.objects.RealView, AmbaPioDevice -> ARM/params/AmbaPioDevice.hh
 [SO Param] m5.objects.RealView, AmbaIntDevice -> ARM/params/AmbaIntDevice.hh
 [SO Param] m5.objects.RealView, AmbaDmaDevice -> ARM/params/AmbaDmaDevice.hh
 [SO Param] m5.objects.RealView, A9SCU -> ARM/python/_m5/param_A9SCU.cc
 [SO Param] m5.objects.RealView, GenericArmPciHost -> ARM/python/_m5/param_GenericArmPciHost.cc
 [SO Param] m5.objects.RealView, RealViewCtrl -> ARM/python/_m5/param_RealViewCtrl.cc
 [SO Param] m5.objects.RealView, A9SCU -> ARM/params/A9SCU.hh
 [SO Param] m5.objects.RealView, RealViewOsc -> ARM/python/_m5/param_RealViewOsc.cc
 [ENUMDECL] m5.objects.RealView, ArmPciIntRouting -> ARM/enums/ArmPciIntRouting.hh
 [SO Param] m5.objects.RealView, RealViewCtrl -> ARM/params/RealViewCtrl.hh
 [SO Param] m5.objects.RealView, GenericArmPciHost -> ARM/params/GenericArmPciHost.hh
 [SO Param] m5.objects.RealView, RealViewOsc -> ARM/params/RealViewOsc.hh
 [SO Param] m5.objects.PciHost, PciHost -> ARM/params/PciHost.hh
 [SO Param] m5.objects.RealView, RealViewTemperatureSensor -> ARM/python/_m5/param_RealViewTemperatureSensor.cc
 [SO Param] m5.objects.RealView, AmbaFake -> ARM/python/_m5/param_AmbaFake.cc
 [SO Param] m5.objects.PciHost, GenericPciHost -> ARM/params/GenericPciHost.hh
 [SO Param] m5.objects.RealView, Pl011 -> ARM/python/_m5/param_Pl011.cc
 [SO Param] m5.objects.RealView, RealViewTemperatureSensor -> ARM/params/RealViewTemperatureSensor.hh
 [SO Param] m5.objects.RealView, AmbaFake -> ARM/params/AmbaFake.hh
 [SO Param] m5.objects.RealView, Sp804 -> ARM/python/_m5/param_Sp804.cc
 [SO Param] m5.objects.RealView, Pl011 -> ARM/params/Pl011.hh
 [SO Param] m5.objects.Uart, Uart -> ARM/params/Uart.hh
 [SO Param] m5.objects.RealView, Sp805 -> ARM/python/_m5/param_Sp805.cc
 [SO Param] m5.objects.RealView, Sp804 -> ARM/params/Sp804.hh
 [SO Param] m5.objects.RealView, GenericWatchdog -> ARM/python/_m5/param_GenericWatchdog.cc
 [SO Param] m5.objects.RealView, CpuLocalTimer -> ARM/python/_m5/param_CpuLocalTimer.cc
 [SO Param] m5.objects.RealView, PL031 -> ARM/python/_m5/param_PL031.cc
 [SO Param] m5.objects.RealView, Sp805 -> ARM/params/Sp805.hh
 [SO Param] m5.objects.RealView, CpuLocalTimer -> ARM/params/CpuLocalTimer.hh
 [SO Param] m5.objects.RealView, GenericWatchdog -> ARM/params/GenericWatchdog.hh
 [SO Param] m5.objects.RealView, Pl050 -> ARM/python/_m5/param_Pl050.cc
 [SO Param] m5.objects.RealView, PL031 -> ARM/params/PL031.hh
 [SO Param] m5.objects.RealView, Pl111 -> ARM/python/_m5/param_Pl111.cc
 [SO Param] m5.objects.RealView, HDLcd -> ARM/python/_m5/param_HDLcd.cc
 [SO Param] m5.objects.RealView, FVPBasePwrCtrl -> ARM/python/_m5/param_FVPBasePwrCtrl.cc
 [SO Param] m5.objects.RealView, Pl050 -> ARM/params/Pl050.hh
 [SO Param] m5.objects.RealView, Pl111 -> ARM/params/Pl111.hh
 [SO Param] m5.objects.RealView, RealView -> ARM/python/_m5/param_RealView.cc
 [SO Param] m5.objects.RealView, HDLcd -> ARM/params/HDLcd.hh
 [SO Param] m5.objects.RealView, SysSecCtrl -> ARM/python/_m5/param_SysSecCtrl.cc
 [SO Param] m5.objects.RealView, FVPBasePwrCtrl -> ARM/params/FVPBasePwrCtrl.hh
 [ENUM STR] m5.objects.RealView, ArmPciIntRouting -> ARM/enums/ArmPciIntRouting.cc
 [SO Param] m5.objects.RealView, RealView -> ARM/params/RealView.hh
 [     CXX] ARM/dev/arm/SMMUv3.py.cc -> .o
 [SO Param] m5.objects.RealView, SysSecCtrl -> ARM/params/SysSecCtrl.hh
 [SO Param] m5.objects.SMMUv3, SMMUv3DeviceInterface -> ARM/python/_m5/param_SMMUv3DeviceInterface.cc
 [SO Param] m5.objects.SMMUv3, SMMUv3 -> ARM/python/_m5/param_SMMUv3.cc
 [     CXX] ARM/dev/arm/UFSHostDevice.py.cc -> .o
 [SO Param] m5.objects.SMMUv3, SMMUv3DeviceInterface -> ARM/params/SMMUv3DeviceInterface.hh
 [SO Param] m5.objects.UFSHostDevice, UFSHostDevice -> ARM/python/_m5/param_UFSHostDevice.cc
 [SO Param] m5.objects.SMMUv3, SMMUv3 -> ARM/params/SMMUv3.hh
 [     CXX] ARM/dev/arm/EnergyCtrl.py.cc -> .o
 [SO Param] m5.objects.UFSHostDevice, UFSHostDevice -> ARM/params/UFSHostDevice.hh
 [ TRACING]  -> ARM/debug/UFSHostDevice.hh
 [SO Param] m5.objects.EnergyCtrl, EnergyCtrl -> ARM/python/_m5/param_EnergyCtrl.cc
 [     CXX] ARM/dev/arm/NoMali.py.cc -> .o
 [SO Param] m5.objects.EnergyCtrl, EnergyCtrl -> ARM/params/EnergyCtrl.hh
 [ TRACING]  -> ARM/debug/DVFS.hh
 [SO Param] m5.objects.DVFSHandler, DVFSHandler -> ARM/params/DVFSHandler.hh
 [SO Param] m5.objects.NoMali, NoMaliGpu -> ARM/python/_m5/param_NoMaliGpu.cc
 [SO Param] m5.objects.NoMali, CustomNoMaliGpu -> ARM/python/_m5/param_CustomNoMaliGpu.cc
 [SO Param] m5.objects.NoMali, CustomNoMaliGpu -> ARM/params/CustomNoMaliGpu.hh
 [ENUMDECL] m5.objects.NoMali, NoMaliGpuType -> ARM/enums/NoMaliGpuType.hh
 [SO Param] m5.objects.NoMali, NoMaliGpu -> ARM/params/NoMaliGpu.hh
 [ENUM STR] m5.objects.NoMali, NoMaliGpuType -> ARM/enums/NoMaliGpuType.cc
 [     CXX] ARM/dev/arm/VirtIOMMIO.py.cc -> .o
 [SO Param] m5.objects.VirtIOMMIO, MmioVirtIO -> ARM/python/_m5/param_MmioVirtIO.cc
 [SO Param] m5.objects.VirtIOMMIO, MmioVirtIO -> ARM/params/MmioVirtIO.hh
 [ TRACING]  -> ARM/debug/AMBA.hh
 [ TRACING]  -> ARM/debug/GIC.hh
 [ TRACING]  -> ARM/debug/Timer.hh
 [ TRACING]  -> ARM/debug/IPI.hh
 [ TRACING]  -> ARM/debug/GICV2M.hh
 [ TRACING]  -> ARM/debug/ITS.hh
 [ TRACING]  -> ARM/debug/Uart.hh
 [ TRACING]  -> ARM/debug/PL111.hh
 [ TRACING]  -> ARM/debug/HDLcd.hh
 [ TRACING]  -> ARM/debug/Pl050.hh
 [ TRACING]  -> ARM/debug/SMMUv3.hh
 [ TRACING]  -> ARM/debug/SMMUv3Hazard.hh
 [ TRACING]  -> ARM/debug/Sp805.hh
 [ TRACING]  -> ARM/debug/NoMali.hh
 [ TRACING]  -> ARM/debug/RVCTRL.hh
 [ TRACING]  -> ARM/debug/VGIC.hh
 [ TRACING]  -> ARM/debug/EnergyCtrl.hh
 [ TRACING]  -> ARM/debug/FVPBasePwrCtrl.hh
 [ TRACING]  -> ARM/debug/AMBA.cc
 [ TRACING]  -> ARM/debug/FlashDevice.cc
 [ TRACING]  -> ARM/debug/HDLcd.cc
 [ TRACING]  -> ARM/debug/PL111.cc
 [ TRACING]  -> ARM/debug/GICV2M.cc
 [ TRACING]  -> ARM/debug/Pl050.cc
 [ TRACING]  -> ARM/debug/GIC.cc
 [ TRACING]  -> ARM/debug/ITS.cc
 [ TRACING]  -> ARM/debug/RVCTRL.cc
 [ TRACING]  -> ARM/debug/SMMUv3.cc
 [ TRACING]  -> ARM/debug/SMMUv3Hazard.cc
 [ TRACING]  -> ARM/debug/Sp805.cc
 [ TRACING]  -> ARM/debug/EnergyCtrl.cc
 [ TRACING]  -> ARM/debug/FVPBasePwrCtrl.cc
 [ TRACING]  -> ARM/debug/UFSHostDevice.cc
 [ TRACING]  -> ARM/debug/VGIC.cc
 [ TRACING]  -> ARM/debug/NoMali.cc
 [     CXX] ARM/dev/arm/css/MHU.py.cc -> .o
 [SO Param] m5.objects.MHU, MhuDoorbell -> ARM/python/_m5/param_MhuDoorbell.cc
 [SO Param] m5.objects.MHU, Scp2ApDoorbell -> ARM/python/_m5/param_Scp2ApDoorbell.cc
 [SO Param] m5.objects.MHU, MhuDoorbell -> ARM/params/MhuDoorbell.hh
 [SO Param] m5.objects.MHU, Scp2ApDoorbell -> ARM/params/Scp2ApDoorbell.hh
 [SO Param] m5.objects.MHU, Ap2ScpDoorbell -> ARM/python/_m5/param_Ap2ScpDoorbell.cc
 [SO Param] m5.objects.MHU, Ap2ScpDoorbell -> ARM/params/Ap2ScpDoorbell.hh
 [SO Param] m5.objects.MHU, MHU -> ARM/python/_m5/param_MHU.cc
 [     CXX] ARM/dev/arm/css/Scmi.py.cc -> .o
 [SO Param] m5.objects.MHU, MHU -> ARM/params/MHU.hh
 [SO Param] m5.objects.Scp, Scp -> ARM/params/Scp.hh
 [SO Param] m5.objects.Scmi, ScmiChannel -> ARM/python/_m5/param_ScmiChannel.cc
 [SO Param] m5.objects.Scmi, ScmiChannel -> ARM/params/ScmiChannel.hh
 [SO Param] m5.objects.Scmi, ScmiPlatform -> ARM/params/ScmiPlatform.hh
 [SO Param] m5.objects.Scmi, ScmiCommunication -> ARM/params/ScmiCommunication.hh
 [SO Param] m5.objects.Scmi, ScmiAgentChannel -> ARM/python/_m5/param_ScmiAgentChannel.cc
 [SO Param] m5.objects.Scmi, ScmiAgentChannel -> ARM/params/ScmiAgentChannel.hh
 [SO Param] m5.objects.Scmi, ScmiPlatformChannel -> ARM/params/ScmiPlatformChannel.hh
 [SO Param] m5.objects.Scmi, ScmiPlatformChannel -> ARM/python/_m5/param_ScmiPlatformChannel.cc
 [SO Param] m5.objects.Scmi, ScmiCommunication -> ARM/python/_m5/param_ScmiCommunication.cc
 [SO Param] m5.objects.Scmi, ScmiPlatform -> ARM/python/_m5/param_ScmiPlatform.cc
 [     CXX] ARM/dev/arm/css/Scp.py.cc -> .o
 [SO Param] m5.objects.Scp, Scp -> ARM/python/_m5/param_Scp.cc
 [ TRACING]  -> ARM/debug/MHU.hh
 [ TRACING]  -> ARM/debug/SCMI.hh
 [ TRACING]  -> ARM/debug/MHU.cc
 [ TRACING]  -> ARM/debug/SCMI.cc
 [     CXX] ARM/dev/storage/Ide.py.cc -> .o
 [SO Param] m5.objects.Ide, IdeDisk -> ARM/python/_m5/param_IdeDisk.cc
 [SO Param] m5.objects.Ide, IdeController -> ARM/python/_m5/param_IdeController.cc
 [ENUMDECL] m5.objects.Ide, IdeID -> ARM/enums/IdeID.hh
 [SO Param] m5.objects.Ide, IdeController -> ARM/params/IdeController.hh
 [SO Param] m5.objects.Ide, IdeDisk -> ARM/params/IdeDisk.hh
 [ENUM STR] m5.objects.Ide, IdeID -> ARM/enums/IdeID.cc
 [ TRACING]  -> ARM/debug/IdeCtrl.hh
 [ TRACING]  -> ARM/debug/IdeDisk.hh
 [ TRACING]  -> ARM/debug/IdeCtrl.cc
 [ TRACING]  -> ARM/debug/IdeDisk.cc
 [     CXX] ARM/dev/storage/DiskImage.py.cc -> .o
 [SO Param] m5.objects.DiskImage, DiskImage -> ARM/python/_m5/param_DiskImage.cc
 [SO Param] m5.objects.DiskImage, RawDiskImage -> ARM/python/_m5/param_RawDiskImage.cc
 [SO Param] m5.objects.DiskImage, CowDiskImage -> ARM/python/_m5/param_CowDiskImage.cc
 [     CXX] ARM/dev/storage/SimpleDisk.py.cc -> .o
 [SO Param] m5.objects.SimpleDisk, SimpleDisk -> ARM/python/_m5/param_SimpleDisk.cc
 [ TRACING]  -> ARM/debug/DiskImageRead.hh
 [ TRACING]  -> ARM/debug/DiskImageWrite.hh
 [ TRACING]  -> ARM/debug/SimpleDisk.hh
 [ TRACING]  -> ARM/debug/SimpleDiskData.hh
 [SO Param] m5.objects.SimpleDisk, SimpleDisk -> ARM/params/SimpleDisk.hh
 [ TRACING]  -> ARM/debug/DiskImageRead.cc
 [ TRACING]  -> ARM/debug/DiskImageWrite.cc
 [ TRACING]  -> ARM/debug/SimpleDisk.cc
 [ TRACING]  -> ARM/debug/SimpleDiskData.cc
 [ TRACING]  -> ARM/debug/DiskImageAll.cc
 [ TRACING]  -> ARM/debug/DiskImageAll.hh
 [ TRACING]  -> ARM/debug/IdeAll.cc
 [     CXX] ARM/dev/pci/PciDevice.py.cc -> .o
 [ TRACING]  -> ARM/debug/IdeAll.hh
 [SO Param] m5.objects.PciDevice, PciBar -> ARM/python/_m5/param_PciBar.cc
 [SO Param] m5.objects.PciDevice, PciBarNone -> ARM/python/_m5/param_PciBarNone.cc
 [SO Param] m5.objects.PciDevice, PciIoBar -> ARM/python/_m5/param_PciIoBar.cc
 [SO Param] m5.objects.PciDevice, PciLegacyIoBar -> ARM/python/_m5/param_PciLegacyIoBar.cc
 [SO Param] m5.objects.PciDevice, PciMemBar -> ARM/python/_m5/param_PciMemBar.cc
 [SO Param] m5.objects.PciDevice, PciMemUpperBar -> ARM/python/_m5/param_PciMemUpperBar.cc
 [SO Param] m5.objects.PciDevice, PciDevice -> ARM/python/_m5/param_PciDevice.cc
 [SO Param] m5.objects.PciDevice, PciEndpoint -> ARM/python/_m5/param_PciEndpoint.cc
 [SO Param] m5.objects.PciDevice, PciType1Device -> ARM/python/_m5/param_PciType1Device.cc
 [ TRACING]  -> ARM/debug/PciDevice.hh
 [ TRACING]  -> ARM/debug/PciDevice.cc
 [     CXX] ARM/dev/pci/PciUpstream.py.cc -> .o
 [SO Param] m5.objects.PciUpstream, PciUpstream -> ARM/python/_m5/param_PciUpstream.cc
 [SO Param] m5.objects.PciUpstream, PciUpDownBridge -> ARM/python/_m5/param_PciUpDownBridge.cc
 [SO Param] m5.objects.PciUpstream, PciBus -> ARM/python/_m5/param_PciBus.cc
 [SO Param] m5.objects.PciUpstream, PciConfigError -> ARM/python/_m5/param_PciConfigError.cc
 [SO Param] m5.objects.PciUpstream, PciBus -> ARM/params/PciBus.hh
 [ TRACING]  -> ARM/debug/PciUpstream.hh
 [ TRACING]  -> ARM/debug/PciUpstream.cc
 [     CXX] ARM/dev/pci/PciHost.py.cc -> .o
 [SO Param] m5.objects.PciHost, PciHost -> ARM/python/_m5/param_PciHost.cc
 [SO Param] m5.objects.PciHost, GenericPciHost -> ARM/python/_m5/param_GenericPciHost.cc
 [ TRACING]  -> ARM/debug/PciHost.hh
 [ TRACING]  -> ARM/debug/PciHost.cc
 [     CXX] ARM/dev/pci/CopyEngine.py.cc -> .o
 [SO Param] m5.objects.CopyEngine, CopyEngine -> ARM/python/_m5/param_CopyEngine.cc
 [SO Param] m5.objects.CopyEngine, CopyEngine -> ARM/params/CopyEngine.hh
 [ TRACING]  -> ARM/debug/DMACopyEngine.hh
 [ TRACING]  -> ARM/debug/DMACopyEngine.cc
 [     CXX] ARM/dev/net/Ethernet.py.cc -> .o
 [SO Param] m5.objects.Ethernet, EtherLink -> ARM/python/_m5/param_EtherLink.cc
 [SO Param] m5.objects.Ethernet, DistEtherLink -> ARM/python/_m5/param_DistEtherLink.cc
 [SO Param] m5.objects.Ethernet, EtherBus -> ARM/python/_m5/param_EtherBus.cc
 [SO Param] m5.objects.Ethernet, EtherLink -> ARM/params/EtherLink.hh
 [SO Param] m5.objects.Ethernet, DistEtherLink -> ARM/params/DistEtherLink.hh
 [SO Param] m5.objects.Ethernet, EtherBus -> ARM/params/EtherBus.hh
 [SO Param] m5.objects.Ethernet, EtherDump -> ARM/params/EtherDump.hh
 [SO Param] m5.objects.Ethernet, EtherSwitch -> ARM/python/_m5/param_EtherSwitch.cc
 [SO Param] m5.objects.Ethernet, EtherTapBase -> ARM/python/_m5/param_EtherTapBase.cc
 [SO Param] m5.objects.Ethernet, EtherTapStub -> ARM/python/_m5/param_EtherTapStub.cc
 [SO Param] m5.objects.Ethernet, EtherSwitch -> ARM/params/EtherSwitch.hh
 [SO Param] m5.objects.Ethernet, EtherTapBase -> ARM/params/EtherTapBase.hh
 [SO Param] m5.objects.Ethernet, EtherTapStub -> ARM/params/EtherTapStub.hh
 [SO Param] m5.objects.Ethernet, EtherTap -> ARM/params/EtherTap.hh
 [SO Param] m5.objects.Ethernet, EtherDump -> ARM/python/_m5/param_EtherDump.cc
 [SO Param] m5.objects.Ethernet, EtherDevice -> ARM/python/_m5/param_EtherDevice.cc
 [SO Param] m5.objects.Ethernet, IGbE -> ARM/python/_m5/param_IGbE.cc
 [SO Param] m5.objects.Ethernet, EtherDevBase -> ARM/python/_m5/param_EtherDevBase.cc
 [SO Param] m5.objects.Ethernet, NSGigE -> ARM/python/_m5/param_NSGigE.cc
 [SO Param] m5.objects.Ethernet, IGbE -> ARM/params/IGbE.hh
 [SO Param] m5.objects.Ethernet, EtherDevice -> ARM/params/EtherDevice.hh
 [SO Param] m5.objects.Ethernet, EtherDevBase -> ARM/params/EtherDevBase.hh
 [SO Param] m5.objects.Ethernet, NSGigE -> ARM/params/NSGigE.hh
 [ TRACING]  -> ARM/debug/EthernetDesc.hh
 [ TRACING]  -> ARM/debug/EthernetIntr.hh
 [SO Param] m5.objects.Ethernet, Sinic -> ARM/python/_m5/param_Sinic.cc
 [SO Param] m5.objects.Ethernet, EtherTap -> ARM/python/_m5/param_EtherTap.cc
 [ TRACING]  -> ARM/debug/Ethernet.hh
 [ TRACING]  -> ARM/debug/EthernetData.hh
 [ TRACING]  -> ARM/debug/EthernetAll.hh
 [ TRACING]  -> ARM/debug/EthernetCksum.hh
 [ TRACING]  -> ARM/debug/EthernetDMA.hh
 [ TRACING]  -> ARM/debug/EthernetEEPROM.hh
 [SO Param] m5.objects.Ethernet, Sinic -> ARM/params/Sinic.hh
 [ TRACING]  -> ARM/debug/EthernetPIO.hh
 [ TRACING]  -> ARM/debug/EthernetSM.hh
 [ TRACING]  -> ARM/debug/Ethernet.cc
 [ TRACING]  -> ARM/debug/EthernetCksum.cc
 [ TRACING]  -> ARM/debug/EthernetDMA.cc
 [ TRACING]  -> ARM/debug/EthernetData.cc
 [ TRACING]  -> ARM/debug/EthernetDesc.cc
 [ TRACING]  -> ARM/debug/EthernetEEPROM.cc
 [ TRACING]  -> ARM/debug/EthernetIntr.cc
 [ TRACING]  -> ARM/debug/EthernetPIO.cc
 [ TRACING]  -> ARM/debug/EthernetSM.cc
 [ TRACING]  -> ARM/debug/DistEthernet.hh
 [ TRACING]  -> ARM/debug/DistEthernetPkt.hh
 [ TRACING]  -> ARM/debug/DistEthernetCmd.hh
 [ TRACING]  -> ARM/debug/DistEthernet.cc
 [ TRACING]  -> ARM/debug/DistEthernetPkt.cc
 [ TRACING]  -> ARM/debug/DistEthernetCmd.cc
 [ TRACING]  -> ARM/debug/EthernetAll.cc
 [ TRACING]  -> ARM/debug/EthernetNoData.cc
 [     CXX] ARM/dev/serial/Serial.py.cc -> .o
 [SO Param] m5.objects.Serial, SerialDevice -> ARM/python/_m5/param_SerialDevice.cc
 [ TRACING]  -> ARM/debug/EthernetNoData.hh
 [SO Param] m5.objects.Serial, SerialNullDevice -> ARM/python/_m5/param_SerialNullDevice.cc
 [     CXX] ARM/dev/serial/Terminal.py.cc -> .o
 [SO Param] m5.objects.Terminal, Terminal -> ARM/python/_m5/param_Terminal.cc
 [SO Param] m5.objects.Serial, SerialNullDevice -> ARM/params/SerialNullDevice.hh
 [ENUMDECL] m5.objects.Terminal, TerminalDump -> ARM/enums/TerminalDump.hh
 [SO Param] m5.objects.Terminal, Terminal -> ARM/params/Terminal.hh
 [ENUM STR] m5.objects.Terminal, TerminalDump -> ARM/enums/TerminalDump.cc
 [     CXX] ARM/dev/serial/Uart.py.cc -> .o
 [SO Param] m5.objects.Uart, Uart -> ARM/python/_m5/param_Uart.cc
 [SO Param] m5.objects.Uart, SimpleUart -> ARM/python/_m5/param_SimpleUart.cc
 [SO Param] m5.objects.Uart, Uart8250 -> ARM/python/_m5/param_Uart8250.cc
 [SO Param] m5.objects.Uart, SimpleUart -> ARM/params/SimpleUart.hh
 [ TRACING]  -> ARM/debug/Terminal.hh
 [SO Param] m5.objects.Uart, Uart8250 -> ARM/params/Uart8250.hh
 [ TRACING]  -> ARM/debug/TerminalVerbose.hh
 [ TRACING]  -> ARM/debug/Terminal.cc
 [ TRACING]  -> ARM/debug/TerminalVerbose.cc
 [ TRACING]  -> ARM/debug/Uart.cc
 [ TRACING]  -> ARM/debug/IntRegs.cc
 [ TRACING]  -> ARM/debug/FloatRegs.cc
 [ TRACING]  -> ARM/debug/VecRegs.cc
 [ TRACING]  -> ARM/debug/VecPredRegs.cc
 [ TRACING]  -> ARM/debug/MatRegs.cc
 [ TRACING]  -> ARM/debug/CCRegs.cc
 [ TRACING]  -> ARM/debug/MiscRegs.cc
 [ TRACING]  -> ARM/debug/Registers.cc
 [ TRACING]  -> ARM/debug/Decoder.cc
 [ TRACING]  -> ARM/debug/MiscRegs.hh
 [ TRACING]  -> ARM/debug/Registers.hh
 [ TRACING]  -> ARM/debug/Faults.cc
 [ TRACING]  -> ARM/debug/TLBVerbose.cc
 [SO Param] m5.objects.ArmDecoder, ArmDecoder -> ARM/params/ArmDecoder.hh
 [ TRACING]  -> ARM/debug/Faults.hh
 [ TRACING]  -> ARM/debug/TLBVerbose.hh
 [ TRACING]  -> ARM/debug/ArmTme.hh
 [SO Param] m5.objects.ArmInterrupts, ArmInterrupts -> ARM/params/ArmInterrupts.hh
 [ TRACING]  -> ARM/debug/Arm.hh
 [SO Param] m5.objects.ArmISA, ArmISA -> ARM/params/ArmISA.hh
 [SO Param] m5.objects.CHAOSArmSysReg, CHAOSArmSysReg -> ARM/params/CHAOSArmSysReg.hh
 [SO Param] m5.objects.CHAOSExMon, CHAOSExMon -> ARM/params/CHAOSExMon.hh
 [ TRACING]  -> ARM/debug/PMUVerbose.hh
 [ENUMDECL] m5.objects.ArmPMU, EventTypeId -> ARM/enums/EventTypeId.hh
 [ TRACING]  -> ARM/debug/SyscallBase.hh
 [ TRACING]  -> ARM/debug/PseudoInst.hh
 [SO Param] m5.objects.ArmSeWorkload, ArmEmuLinux -> ARM/params/ArmEmuLinux.hh
 [SO Param] m5.objects.ArmSeWorkload, ArmSEWorkload -> ARM/params/ArmSEWorkload.hh
 [SO Param] m5.objects.Workload, SEWorkload -> ARM/params/SEWorkload.hh
 [SO Param] m5.objects.ArmPMU, ArmPMU -> ARM/params/ArmPMU.hh
 [SO Param] m5.objects.ArmFsWorkload, ArmFsLinux -> ARM/params/ArmFsLinux.hh
 [SO Param] m5.objects.Workload, KernelWorkload -> ARM/params/KernelWorkload.hh
 [SO Param] m5.objects.ArmFsWorkload, ArmFsFreebsd -> ARM/params/ArmFsFreebsd.hh
 [     CXX] src/arch/arm/isa.cc -> ARM/arch/arm/isa.o
 [SO Param] m5.objects.ArmSeWorkload, ArmEmuFreebsd -> ARM/params/ArmEmuFreebsd.hh
 [SO Param] m5.objects.ArmFsWorkload, ArmFsWorkload -> ARM/params/ArmFsWorkload.hh
 [SO Param] m5.objects.ArmMMU, ArmMMU -> ARM/params/ArmMMU.hh
 [ TRACING]  -> ARM/debug/MPAM.hh
 [ENUMDECL] m5.objects.ArmFsWorkload, ArmMachineType -> ARM/enums/ArmMachineType.hh
 [SO Param] m5.objects.ArmNativeTrace, ArmNativeTrace -> ARM/params/ArmNativeTrace.hh
 [SO Param] m5.objects.ArmTLB, ArmTLB -> ARM/params/ArmTLB.hh
 [SO Param] m5.objects.ArmMMU, ArmTableWalker -> ARM/params/ArmTableWalker.hh
 [ TRACING]  -> ARM/debug/Semihosting.hh
 [ TRACING]  -> ARM/debug/PageTableWalker.hh
 [ TRACING]  -> ARM/debug/TLB.hh
 [SO Param] m5.objects.ArmMMU, ArmWalkUnit -> ARM/params/ArmWalkUnit.hh
 [SO Param] m5.objects.CHAOSPTW, CHAOSPTW -> ARM/params/CHAOSPTW.hh
 [SO Param] m5.objects.CHAOSArmTLB, CHAOSArmTLB -> ARM/params/CHAOSArmTLB.hh
 [     CXX] ARM/arch/arm/ArmDecoder.py.cc -> .o
 [SO Param] m5.objects.ArmDecoder, ArmDecoder -> ARM/python/_m5/param_ArmDecoder.cc
 [     CXX] ARM/arch/arm/ArmFsWorkload.py.cc -> .o
 [     CXX] src/arch/arm/tlb.cc -> ARM/arch/arm/tlb.o
 [SO Param] m5.objects.ArmFsWorkload, ArmFsWorkload -> ARM/python/_m5/param_ArmFsWorkload.cc
 [SO Param] m5.objects.ArmFsWorkload, ArmFsLinux -> ARM/python/_m5/param_ArmFsLinux.cc
 [SO Param] m5.objects.ArmFsWorkload, ArmFsFreebsd -> ARM/python/_m5/param_ArmFsFreebsd.cc
 [ENUM STR] m5.objects.ArmFsWorkload, ArmMachineType -> ARM/enums/ArmMachineType.cc
 [     CXX] ARM/arch/arm/ArmInterrupts.py.cc -> .o
 [SO Param] m5.objects.ArmInterrupts, ArmInterrupts -> ARM/python/_m5/param_ArmInterrupts.cc
 [     CXX] ARM/arch/arm/ArmISA.py.cc -> .o
 [SO Param] m5.objects.ArmISA, ArmISA -> ARM/python/_m5/param_ArmISA.cc
 [ENUM STR] m5.objects.ArmISA, DecoderFlavor -> ARM/enums/DecoderFlavor.cc
 [     CXX] ARM/arch/arm/ArmMMU.py.cc -> .o
 [SO Param] m5.objects.ArmMMU, ArmTableWalker -> ARM/python/_m5/param_ArmTableWalker.cc
 [SO Param] m5.objects.ArmMMU, ArmWalkUnit -> ARM/python/_m5/param_ArmWalkUnit.cc
 [SO Param] m5.objects.ArmMMU, ArmMMU -> ARM/python/_m5/param_ArmMMU.cc
 [     CXX] ARM/arch/arm/ArmNativeTrace.py.cc -> .o
 [SO Param] m5.objects.ArmNativeTrace, ArmNativeTrace -> ARM/python/_m5/param_ArmNativeTrace.cc
 [     CXX] ARM/arch/arm/ArmSemihosting.py.cc -> .o
 [SO Param] m5.objects.ArmSemihosting, ArmSemihosting -> ARM/python/_m5/param_ArmSemihosting.cc
 [     CXX] ARM/arch/arm/ArmSeWorkload.py.cc -> .o
 [SO Param] m5.objects.ArmSeWorkload, ArmSEWorkload -> ARM/python/_m5/param_ArmSEWorkload.cc
 [SO Param] m5.objects.ArmSeWorkload, ArmEmuLinux -> ARM/python/_m5/param_ArmEmuLinux.cc
 [SO Param] m5.objects.ArmSeWorkload, ArmEmuFreebsd -> ARM/python/_m5/param_ArmEmuFreebsd.cc
 [     CXX] ARM/arch/arm/ArmSystem.py.cc -> .o
 [SO Param] m5.objects.ArmSystem, ArmSystem -> ARM/python/_m5/param_ArmSystem.cc
 [SO Param] m5.objects.ArmSystem, ArmRelease -> ARM/python/_m5/param_ArmRelease.cc
 [ENUM STR] m5.objects.ArmSystem, ArmExtension -> ARM/enums/ArmExtension.cc
 [     CXX] ARM/arch/arm/ArmTLB.py.cc -> .o
 [SO Param] m5.objects.ArmTLB, ArmTLB -> ARM/python/_m5/param_ArmTLB.cc
 [SO Param] m5.objects.ArmTLB, TLBIndexingPolicy -> ARM/python/_m5/param_TLBIndexingPolicy.cc
 [SO Param] m5.objects.ArmTLB, TLBSetAssociative -> ARM/python/_m5/param_TLBSetAssociative.cc
 [ENUM STR] m5.objects.ArmTLB, ArmLookupLevel -> ARM/enums/ArmLookupLevel.cc
 [     CXX] ARM/arch/arm/ArmPMU.py.cc -> .o
 [SO Param] m5.objects.ArmPMU, ArmPMU -> ARM/python/_m5/param_ArmPMU.cc
 [ENUM STR] m5.objects.ArmPMU, EventTypeId -> ARM/enums/EventTypeId.cc
 [     CXX] ARM/arch/arm/ArmCPU.py.cc -> .o
 [ TRACING]  -> ARM/debug/Arm.cc
 [ TRACING]  -> ARM/debug/ArmTme.cc
 [ TRACING]  -> ARM/debug/MPAM.cc
 [ TRACING]  -> ARM/debug/PMUVerbose.cc
 [     CXX] ARM/arch/arm/CHAOSExMon/CHAOSExMon.py.cc -> .o
 [SO Param] m5.objects.CHAOSExMon, CHAOSExMon -> ARM/python/_m5/param_CHAOSExMon.cc
 [     CXX] ARM/python/_m5/param_CHAOSExMon.cc -> .o
 [ TRACING]  -> ARM/debug/CHAOSExMon.hh
 [     CXX] src/arch/arm/CHAOSExMon/CHAOSExMon.cc -> ARM/arch/arm/CHAOSExMon/CHAOSExMon.o
 [ TRACING]  -> ARM/debug/CHAOSExMon.cc
 [     CXX] ARM/arch/arm/kvm/KvmGic.py.cc -> .o
 [SO Param] m5.objects.KvmGic, MuxingKvmGicV2 -> ARM/python/_m5/param_MuxingKvmGicV2.cc
 [SO Param] m5.objects.KvmGic, MuxingKvmGicV2 -> ARM/params/MuxingKvmGicV2.hh
 [SO Param] m5.objects.KvmGic, MuxingKvmGicV3 -> ARM/params/MuxingKvmGicV3.hh
 [SO Param] m5.objects.KvmGic, MuxingKvmGicV3 -> ARM/python/_m5/param_MuxingKvmGicV3.cc
 [     CXX] ARM/arch/arm/kvm/BaseArmKvmCPU.py.cc -> .o
 [SO Param] m5.objects.BaseArmKvmCPU, BaseArmKvmCPU -> ARM/python/_m5/param_BaseArmKvmCPU.cc
 [SO Param] m5.objects.BaseArmKvmCPU, BaseArmKvmCPU -> ARM/params/BaseArmKvmCPU.hh
 [     CXX] ARM/arch/arm/kvm/ArmV8KvmCPU.py.cc -> .o
 [SO Param] m5.objects.ArmV8KvmCPU, ArmV8KvmCPU -> ARM/python/_m5/param_ArmV8KvmCPU.cc
 [SO Param] m5.objects.ArmV8KvmCPU, ArmV8KvmCPU -> ARM/params/ArmV8KvmCPU.hh
 [     CXX] ARM/arch/arm/CHAOSPTW/CHAOSPTW.py.cc -> .o
 [SO Param] m5.objects.CHAOSPTW, CHAOSPTW -> ARM/python/_m5/param_CHAOSPTW.cc
 [ TRACING]  -> ARM/debug/CHAOSPTW.hh
 [ TRACING]  -> ARM/debug/CHAOSPTW.cc
 [     CXX] ARM/arch/arm/CHAOSArmTLB/CHAOSArmTLB.py.cc -> .o
 [SO Param] m5.objects.CHAOSArmTLB, CHAOSArmTLB -> ARM/python/_m5/param_CHAOSArmTLB.cc
 [     CXX] ARM/python/_m5/param_CHAOSArmTLB.cc -> .o
 [     CXX] src/arch/arm/CHAOSArmTLB/CHAOSArmTLB.cc -> ARM/arch/arm/CHAOSArmTLB/CHAOSArmTLB.o
 [     CXX] ARM/arch/arm/tracers/TarmacTrace.py.cc -> .o
 [SO Param] m5.objects.TarmacTrace, TarmacParser -> ARM/python/_m5/param_TarmacParser.cc
 [SO Param] m5.objects.TarmacTrace, TarmacParser -> ARM/params/TarmacParser.hh
 [SO Param] m5.objects.TarmacTrace, TarmacTracer -> ARM/python/_m5/param_TarmacTracer.cc
 [ENUM STR] m5.objects.TarmacTrace, TarmacDump -> ARM/enums/TarmacDump.cc
 [ENUMDECL] m5.objects.TarmacTrace, TarmacDump -> ARM/enums/TarmacDump.hh
 [SO Param] m5.objects.TarmacTrace, TarmacTracer -> ARM/params/TarmacTracer.hh
 [     CXX] ARM/arch/arm/CHAOSArmSysReg/CHAOSArmSysReg.py.cc -> .o
 [SO Param] m5.objects.CHAOSArmSysReg, CHAOSArmSysReg -> ARM/python/_m5/param_CHAOSArmSysReg.cc
 [     CXX] ARM/arch/generic/BaseSemihosting.py.cc -> .o
 [SO Param] m5.objects.BaseSemihosting, BaseSemihosting -> ARM/python/_m5/param_BaseSemihosting.cc
 [ TRACING]  -> ARM/debug/Semihosting.cc
 [     CXX] ARM/arch/generic/BaseInterrupts.py.cc -> .o
 [SO Param] m5.objects.BaseInterrupts, BaseInterrupts -> ARM/python/_m5/param_BaseInterrupts.cc
 [     CXX] ARM/arch/generic/BaseISA.py.cc -> .o
 [SO Param] m5.objects.BaseISA, BaseISA -> ARM/python/_m5/param_BaseISA.cc
 [     CXX] ARM/arch/generic/BaseMMU.py.cc -> .o
 [SO Param] m5.objects.BaseMMU, BaseMMU -> ARM/python/_m5/param_BaseMMU.cc
 [     CXX] ARM/arch/generic/BaseTLB.py.cc -> .o
 [SO Param] m5.objects.BaseTLB, BaseTLB -> ARM/python/_m5/param_BaseTLB.cc
 [ENUM STR] m5.objects.BaseTLB, TypeTLB -> ARM/enums/TypeTLB.cc
 [     CXX] ARM/arch/generic/InstDecoder.py.cc -> .o
 [SO Param] m5.objects.InstDecoder, InstDecoder -> ARM/python/_m5/param_InstDecoder.cc
 [ TRACING]  -> ARM/debug/PageTableWalker.cc
 [ TRACING]  -> ARM/debug/TLB.cc
 [     CXX] ARM/learning_gem5/part2/SimpleObject.py.cc -> .o
 [SO Param] m5.objects.SimpleObject, SimpleObject -> ARM/python/_m5/param_SimpleObject.cc
 [SO Param] m5.objects.SimpleObject, SimpleObject -> ARM/params/SimpleObject.hh
 [     CXX] ARM/learning_gem5/part2/HelloObject.py.cc -> .o
 [SO Param] m5.objects.HelloObject, HelloObject -> ARM/python/_m5/param_HelloObject.cc
 [SO Param] m5.objects.HelloObject, GoodbyeObject -> ARM/python/_m5/param_GoodbyeObject.cc
 [     CXX] ARM/learning_gem5/part2/SimpleMemobj.py.cc -> .o
 [SO Param] m5.objects.HelloObject, HelloObject -> ARM/params/HelloObject.hh
 [SO Param] m5.objects.HelloObject, GoodbyeObject -> ARM/params/GoodbyeObject.hh
 [SO Param] m5.objects.SimpleMemobj, SimpleMemobj -> ARM/python/_m5/param_SimpleMemobj.cc
 [     CXX] ARM/learning_gem5/part2/SimpleCache.py.cc -> .o
 [SO Param] m5.objects.SimpleMemobj, SimpleMemobj -> ARM/params/SimpleMemobj.hh
 [SO Param] m5.objects.SimpleCache, SimpleCache -> ARM/python/_m5/param_SimpleCache.cc
 [ TRACING]  -> ARM/debug/HelloExample.hh
 [ TRACING]  -> ARM/debug/SimpleMemobj.hh
 [ TRACING]  -> ARM/debug/SimpleCache.hh
 [SO Param] m5.objects.SimpleCache, SimpleCache -> ARM/params/SimpleCache.hh
 [ TRACING]  -> ARM/debug/HelloExample.cc
 [ TRACING]  -> ARM/debug/SimpleMemobj.cc
 [ TRACING]  -> ARM/debug/SimpleCache.cc
 [     CXX] ARM/python/gem5/__init__.py.cc -> .o
 [     CXX] ARM/python/gem5/coherence_protocol.py.cc -> .o
 [     CXX] ARM/python/gem5/isas.py.cc -> .o
 [     CXX] ARM/python/gem5/runtime.py.cc -> .o
 [     CXX] ARM/python/gem5/simulate/__init__.py.cc -> .o
 [     CXX] ARM/python/gem5/simulate/simulator.py.cc -> .o
 [     CXX] ARM/python/gem5/simulate/exit_event.py.cc -> .o
 [     CXX] ARM/python/gem5/simulate/exit_event_generators.py.cc -> .o
 [     CXX] ARM/python/gem5/simulate/exit_handler.py.cc -> .o
 [     CXX] ARM/python/gem5/components/__init__.py.cc -> .o
 [     CXX] ARM/python/gem5/components/boards/__init__.py.cc -> .o
 [     CXX] ARM/python/gem5/components/boards/abstract_board.py.cc -> .o
 [     CXX] ARM/python/gem5/components/boards/abstract_system_board.py.cc -> .o
 [     CXX] ARM/python/gem5/components/boards/mem_mode.py.cc -> .o
 [     CXX] ARM/python/gem5/components/boards/riscv_board.py.cc -> .o
 [     CXX] ARM/python/gem5/components/boards/experimental/__init__.py.cc -> .o
 [     CXX] ARM/python/gem5/components/boards/experimental/lupv_board.py.cc -> .o
 [     CXX] ARM/python/gem5/components/boards/simple_board.py.cc -> .o
 [     CXX] ARM/python/gem5/components/boards/test_board.py.cc -> .o
 [     CXX] ARM/python/gem5/components/boards/x86_board.py.cc -> .o
 [     CXX] ARM/python/gem5/components/boards/arm_board.py.cc -> .o
 [     CXX] ARM/python/gem5/components/boards/kernel_disk_workload.py.cc -> .o
 [     CXX] ARM/python/gem5/components/boards/se_binary_workload.py.cc -> .o
 [     CXX] ARM/python/gem5/components/cachehierarchies/__init__.py.cc -> .o
 [     CXX] ARM/python/gem5/components/cachehierarchies/abstract_cache_hierarchy.py.cc -> .o
 [     CXX] ARM/python/gem5/components/cachehierarchies/abstract_two_level_cache_hierarchy.py.cc -> .o
 [     CXX] ARM/python/gem5/components/cachehierarchies/abstract_three_level_cache_hierarchy.py.cc -> .o
 [     CXX] ARM/python/gem5/components/cachehierarchies/chi/__init__.py.cc -> .o
 [     CXX] ARM/python/gem5/components/cachehierarchies/chi/private_l1_cache_hierarchy.py.cc -> .o
 [     CXX] ARM/python/gem5/components/cachehierarchies/chi/private_l1_private_l2_cache_hierarchy.py.cc -> .o
 [     CXX] ARM/python/gem5/components/cachehierarchies/chi/nodes/__init__.py.cc -> .o
 [     CXX] ARM/python/gem5/components/cachehierarchies/chi/nodes/abstract_node.py.cc -> .o
 [     CXX] ARM/python/gem5/components/cachehierarchies/chi/nodes/directory.py.cc -> .o
 [     CXX] ARM/python/gem5/components/cachehierarchies/chi/nodes/dma_requestor.py.cc -> .o
 [     CXX] ARM/python/gem5/components/cachehierarchies/chi/nodes/l1_cache.py.cc -> .o
 [     CXX] ARM/python/gem5/components/cachehierarchies/chi/nodes/l2_cache.py.cc -> .o
 [     CXX] ARM/python/gem5/components/cachehierarchies/chi/nodes/memory_controller.py.cc -> .o
 [     CXX] ARM/python/gem5/components/cachehierarchies/classic/__init__.py.cc -> .o
 [     CXX] ARM/python/gem5/components/cachehierarchies/classic/abstract_classic_cache_hierarchy.py.cc -> .o
 [     CXX] ARM/python/gem5/components/cachehierarchies/classic/no_cache.py.cc -> .o
 [     CXX] ARM/python/gem5/components/cachehierarchies/classic/private_l1_cache_hierarchy.py.cc -> .o
 [     CXX] ARM/python/gem5/components/cachehierarchies/classic/private_l1_walk_cache_hierarchy.py.cc -> .o
 [     CXX] ARM/python/gem5/components/cachehierarchies/classic/private_l1_private_l2_cache_hierarchy.py.cc -> .o
 [     CXX] ARM/python/gem5/components/cachehierarchies/classic/two_level_fdp_cache_hierarchy.py.cc -> .o
 [     CXX] ARM/python/gem5/components/cachehierarchies/classic/private_l1_private_l2_walk_cache_hierarchy.py.cc -> .o
 [     CXX] ARM/python/gem5/components/cachehierarchies/classic/private_l1_shared_l2_cache_hierarchy.py.cc -> .o
 [     CXX] ARM/python/gem5/components/cachehierarchies/classic/private_l1_shared_l2_walk_cache_hierarchy.py.cc -> .o
 [     CXX] ARM/python/gem5/components/cachehierarchies/classic/caches/__init__.py.cc -> .o
 [     CXX] ARM/python/gem5/components/cachehierarchies/classic/caches/l1dcache.py.cc -> .o
 [     CXX] ARM/python/gem5/components/cachehierarchies/classic/caches/l1icache.py.cc -> .o
 [     CXX] ARM/python/gem5/components/cachehierarchies/classic/caches/l2cache.py.cc -> .o
 [     CXX] ARM/python/gem5/components/cachehierarchies/classic/caches/mmu_cache.py.cc -> .o
 [     CXX] ARM/python/gem5/components/cachehierarchies/ruby/__init__.py.cc -> .o
 [     CXX] ARM/python/gem5/components/cachehierarchies/ruby/abstract_ruby_cache_hierarchy.py.cc -> .o
 [     CXX] ARM/python/gem5/components/cachehierarchies/ruby/mesi_two_level_cache_hierarchy.py.cc -> .o
 [     CXX] ARM/python/gem5/components/cachehierarchies/ruby/mesi_three_level_cache_hierarchy.py.cc -> .o
 [     CXX] ARM/python/gem5/components/cachehierarchies/ruby/mi_example_cache_hierarchy.py.cc -> .o
 [     CXX] ARM/python/gem5/components/cachehierarchies/ruby/caches/__init__.py.cc -> .o
 [     CXX] ARM/python/gem5/components/cachehierarchies/ruby/caches/mesi_two_level/__init__.py.cc -> .o
 [     CXX] ARM/python/gem5/components/cachehierarchies/ruby/caches/mesi_two_level/directory.py.cc -> .o
 [     CXX] ARM/python/gem5/components/cachehierarchies/ruby/caches/mesi_two_level/dma_controller.py.cc -> .o
 [     CXX] ARM/python/gem5/components/cachehierarchies/ruby/caches/mesi_two_level/l1_cache.py.cc -> .o
 [     CXX] ARM/python/gem5/components/cachehierarchies/ruby/caches/mesi_two_level/l2_cache.py.cc -> .o
 [     CXX] ARM/python/gem5/components/cachehierarchies/ruby/caches/mesi_three_level/__init__.py.cc -> .o
 [     CXX] ARM/python/gem5/components/cachehierarchies/ruby/caches/mesi_three_level/directory.py.cc -> .o
 [     CXX] ARM/python/gem5/components/cachehierarchies/ruby/caches/mesi_three_level/dma_controller.py.cc -> .o
 [     CXX] ARM/python/gem5/components/cachehierarchies/ruby/caches/mesi_three_level/l1_cache.py.cc -> .o
 [     CXX] ARM/python/gem5/components/cachehierarchies/ruby/caches/mesi_three_level/l2_cache.py.cc -> .o
 [     CXX] ARM/python/gem5/components/cachehierarchies/ruby/caches/mesi_three_level/l3_cache.py.cc -> .o
 [     CXX] ARM/python/gem5/components/cachehierarchies/ruby/caches/prebuilt/__init__.py.cc -> .o
 [     CXX] ARM/python/gem5/components/cachehierarchies/ruby/caches/prebuilt/octopi_cache/__init__.py.cc -> .o
 [     CXX] ARM/python/gem5/components/cachehierarchies/ruby/caches/prebuilt/octopi_cache/octopi.py.cc -> .o
 [     CXX] ARM/python/gem5/components/cachehierarchies/ruby/caches/prebuilt/octopi_cache/core_complex.py.cc -> .o
 [     CXX] ARM/python/gem5/components/cachehierarchies/ruby/caches/prebuilt/octopi_cache/octopi_network.py.cc -> .o
 [     CXX] ARM/python/gem5/components/cachehierarchies/ruby/caches/prebuilt/octopi_cache/ruby_network_components.py.cc -> .o
 [     CXX] ARM/python/gem5/components/cachehierarchies/ruby/caches/mi_example/__init__.py.cc -> .o
 [     CXX] ARM/python/gem5/components/cachehierarchies/ruby/caches/mi_example/directory.py.cc -> .o
 [     CXX] ARM/python/gem5/components/cachehierarchies/ruby/caches/mi_example/dma_controller.py.cc -> .o
 [     CXX] ARM/python/gem5/components/cachehierarchies/ruby/caches/mi_example/l1_cache.py.cc -> .o
 [     CXX] ARM/python/gem5/components/cachehierarchies/ruby/caches/viper/__init__.py.cc -> .o
 [     CXX] ARM/python/gem5/components/cachehierarchies/ruby/caches/viper/corepair_cache.py.cc -> .o
 [     CXX] ARM/python/gem5/components/cachehierarchies/ruby/caches/viper/directory.py.cc -> .o
 [     CXX] ARM/python/gem5/components/cachehierarchies/ruby/caches/viper/dma_controller.py.cc -> .o
 [     CXX] ARM/python/gem5/components/cachehierarchies/ruby/caches/viper/tcp.py.cc -> .o
 [     CXX] ARM/python/gem5/components/cachehierarchies/ruby/caches/viper/sqc.py.cc -> .o
 [     CXX] ARM/python/gem5/components/cachehierarchies/ruby/caches/viper/tcc.py.cc -> .o
 [     CXX] ARM/python/gem5/components/cachehierarchies/ruby/topologies/__init__.py.cc -> .o
 [     CXX] ARM/python/gem5/components/cachehierarchies/ruby/topologies/simple_pt2pt.py.cc -> .o
 [     CXX] ARM/python/gem5/components/devices/__init__.py.cc -> .o
 [     CXX] ARM/python/gem5/components/devices/gpus/__init__.py.cc -> .o
 [     CXX] ARM/python/gem5/components/devices/gpus/amdgpu.py.cc -> .o
 [     CXX] ARM/python/gem5/components/devices/gpus/viper_shader.py.cc -> .o
 [     CXX] ARM/python/gem5/components/memory/__init__.py.cc -> .o
 [     CXX] ARM/python/gem5/components/memory/abstract_memory_system.py.cc -> .o
 [     CXX] ARM/python/gem5/components/memory/dramsim_3.py.cc -> .o
 [     CXX] ARM/python/gem5/components/memory/simple.py.cc -> .o
 [     CXX] ARM/python/gem5/components/memory/memory.py.cc -> .o
 [     CXX] ARM/python/gem5/components/memory/single_channel.py.cc -> .o
 [     CXX] ARM/python/gem5/components/memory/multi_channel.py.cc -> .o
 [     CXX] ARM/python/gem5/components/memory/hbm.py.cc -> .o
 [     CXX] ARM/python/gem5/components/memory/dram_interfaces/__init__.py.cc -> .o
 [     CXX] ARM/python/gem5/components/memory/dram_interfaces/ddr3.py.cc -> .o
 [     CXX] ARM/python/gem5/components/memory/dram_interfaces/ddr4.py.cc -> .o
 [     CXX] ARM/python/gem5/components/memory/dram_interfaces/ddr5.py.cc -> .o
 [     CXX] ARM/python/gem5/components/memory/dram_interfaces/gddr.py.cc -> .o
 [     CXX] ARM/python/gem5/components/memory/dram_interfaces/hbm.py.cc -> .o
 [     CXX] ARM/python/gem5/components/memory/dram_interfaces/hmc.py.cc -> .o
 [     CXX] ARM/python/gem5/components/memory/dram_interfaces/lpddr2.py.cc -> .o
 [     CXX] ARM/python/gem5/components/memory/dram_interfaces/lpddr3.py.cc -> .o
 [     CXX] ARM/python/gem5/components/memory/dram_interfaces/lpddr5.py.cc -> .o
 [     CXX] ARM/python/gem5/components/memory/dram_interfaces/wideio.py.cc -> .o
 [     CXX] ARM/python/gem5/components/processors/__init__.py.cc -> .o
 [     CXX] ARM/python/gem5/components/processors/abstract_core.py.cc -> .o
 [     CXX] ARM/python/gem5/components/processors/abstract_generator_core.py.cc -> .o
 [     CXX] ARM/python/gem5/components/processors/abstract_generator.py.cc -> .o
 [     CXX] ARM/python/gem5/components/processors/abstract_processor.py.cc -> .o
 [     CXX] ARM/python/gem5/components/processors/complex_generator_core.py.cc -> .o
 [     CXX] ARM/python/gem5/components/processors/complex_generator.py.cc -> .o
 [     CXX] ARM/python/gem5/components/processors/cpu_types.py.cc -> .o
 [     CXX] ARM/python/gem5/components/processors/gups_generator_core.py.cc -> .o
 [     CXX] ARM/python/gem5/components/processors/gups_generator.py.cc -> .o
 [     CXX] ARM/python/gem5/components/processors/gups_generator_ep.py.cc -> .o
 [     CXX] ARM/python/gem5/components/processors/gups_generator_par.py.cc -> .o
 [     CXX] ARM/python/gem5/components/processors/linear_generator_core.py.cc -> .o
 [     CXX] ARM/python/gem5/components/processors/linear_generator.py.cc -> .o
 [     CXX] ARM/python/gem5/components/processors/strided_generator_core.py.cc -> .o
 [     CXX] ARM/python/gem5/components/processors/strided_generator.py.cc -> .o
 [     CXX] ARM/python/gem5/components/processors/random_generator_core.py.cc -> .o
 [     CXX] ARM/python/gem5/components/processors/random_generator.py.cc -> .o
 [     CXX] ARM/python/gem5/components/processors/spatter_gen/__init__.py.cc -> .o
 [     CXX] ARM/python/gem5/components/processors/spatter_gen/spatter_generator_core.py.cc -> .o
 [     CXX] ARM/python/gem5/components/processors/spatter_gen/spatter_generator.py.cc -> .o
 [     CXX] ARM/python/gem5/components/processors/spatter_gen/spatter_kernel.py.cc -> .o
 [     CXX] ARM/python/gem5/components/processors/simple_core.py.cc -> .o
 [     CXX] ARM/python/gem5/components/processors/base_cpu_core.py.cc -> .o
 [     CXX] ARM/python/gem5/components/processors/simple_processor.py.cc -> .o
 [     CXX] ARM/python/gem5/components/processors/decoupled_processor.py.cc -> .o
 [     CXX] ARM/python/gem5/components/processors/base_cpu_processor.py.cc -> .o
 [     CXX] ARM/python/gem5/components/processors/simple_switchable_processor.py.cc -> .o
 [     CXX] ARM/python/gem5/components/processors/switchable_processor.py.cc -> .o
 [     CXX] ARM/python/gem5/utils/simpoint.py.cc -> .o
 [     CXX] ARM/python/gem5/components/processors/traffic_generator_core.py.cc -> .o
 [     CXX] ARM/python/gem5/components/processors/traffic_generator.py.cc -> .o
 [     CXX] ARM/python/gem5/prebuilt/__init__.py.cc -> .o
 [     CXX] ARM/python/gem5/prebuilt/demo/__init__.py.cc -> .o
 [     CXX] ARM/python/gem5/prebuilt/demo/x86_demo_board.py.cc -> .o
 [     CXX] ARM/python/gem5/prebuilt/demo/riscv_demo_board.py.cc -> .o
 [     CXX] ARM/python/gem5/prebuilt/demo/arm_demo_board.py.cc -> .o
 [     CXX] ARM/python/gem5/prebuilt/riscvmatched/__init__.py.cc -> .o
 [     CXX] ARM/python/gem5/prebuilt/riscvmatched/riscvmatched_board.py.cc -> .o
 [     CXX] ARM/python/gem5/prebuilt/riscvmatched/riscvmatched_cache.py.cc -> .o
 [     CXX] ARM/python/gem5/prebuilt/riscvmatched/riscvmatched_processor.py.cc -> .o
 [     CXX] ARM/python/gem5/prebuilt/riscvmatched/riscvmatched_core.py.cc -> .o
 [     CXX] ARM/python/gem5/prebuilt/viper/__init__.py.cc -> .o
 [     CXX] ARM/python/gem5/prebuilt/viper/board.py.cc -> .o
 [     CXX] ARM/python/gem5/prebuilt/viper/cpu_cache_hierarchy.py.cc -> .o
 [     CXX] ARM/python/gem5/prebuilt/viper/gpu_cache_hierarchy.py.cc -> .o
 [     CXX] ARM/python/gem5/prebuilt/viper/viper_network.py.cc -> .o
 [     CXX] ARM/python/gem5/resources/__init__.py.cc -> .o
 [     CXX] ARM/python/gem5/resources/client.py.cc -> .o
 [     CXX] ARM/python/gem5/resources/downloader.py.cc -> .o
 [     CXX] ARM/python/gem5/resources/md5_utils.py.cc -> .o
 [     CXX] ARM/python/gem5/resources/resource.py.cc -> .o
 [     CXX] ARM/python/gem5/resources/workload.py.cc -> .o
 [     CXX] ARM/python/gem5/resources/looppoint.py.cc -> .o
 [     CXX] ARM/python/gem5/resources/elfie.py.cc -> .o
 [     CXX] ARM/python/gem5/resources/client_api/__init__.py.cc -> .o
 [     CXX] ARM/python/gem5/resources/client_api/jsonclient.py.cc -> .o
 [     CXX] ARM/python/gem5/resources/client_api/azure_functions_client.py.cc -> .o
 [     CXX] ARM/python/gem5/resources/client_api/abstract_client.py.cc -> .o
 [     CXX] ARM/python/gem5/resources/client_api/client_query.py.cc -> .o
 [     CXX] ARM/python/gem5/gem5_default_config.py.cc -> .o
 [     CXX] ARM/python/gem5/utils/__init__.py.cc -> .o
 [     CXX] ARM/python/gem5/utils/filelock.py.cc -> .o
 [     CXX] ARM/python/gem5/utils/override.py.cc -> .o
 [     CXX] ARM/python/gem5/utils/progress_bar.py.cc -> .o
 [     CXX] ARM/python/gem5/utils/requires.py.cc -> .o
 [     CXX] ARM/python/gem5/utils/socks_ssl_context.py.cc -> .o
 [     CXX] ARM/python/gem5/utils/multisim/__init__.py.cc -> .o
 [     CXX] ARM/python/gem5/utils/multisim/multisim.py.cc -> .o
 [     CXX] ARM/python/gem5/utils/multisim/__main__.py.cc -> .o
 [     CXX] ARM/python/gem5/utils/multiprocessing/__init__.py.cc -> .o
 [     CXX] ARM/python/gem5/utils/multiprocessing/_command_line.py.cc -> .o
 [     CXX] ARM/python/gem5/utils/multiprocessing/context.py.cc -> .o
 [     CXX] ARM/python/gem5/utils/multiprocessing/popen_spawn_gem5.py.cc -> .o
 [     CXX] ARM/python/importer.py.cc -> .o
 [     CXX] ARM/python/m5/__init__.py.cc -> .o
 [     CXX] ARM/python/m5/SimObject.py.cc -> .o
 [     CXX] ARM/python/m5/citations.py.cc -> .o
 [     CXX] ARM/python/m5/core.py.cc -> .o
 [     CXX] ARM/python/m5/debug.py.cc -> .o
 [     CXX] ARM/python/m5/event.py.cc -> .o
 [     CXX] ARM/python/m5/main.py.cc -> .o
 [     CXX] ARM/python/m5/options.py.cc -> .o
 [     CXX] ARM/python/m5/proxy.py.cc -> .o
 [     CXX] ARM/python/m5/simulate.py.cc -> .o
 [     CXX] ARM/python/m5/ticks.py.cc -> .o
 [     CXX] ARM/python/m5/trace.py.cc -> .o
 [     CXX] ARM/python/m5/objects/__init__.py.cc -> .o
 [     CXX] ARM/python/m5/params/__init__.py.cc -> .o
 [     CXX] ARM/python/m5/params/base_params.py.cc -> .o
 [     CXX] ARM/python/m5/params/deprecated_params.py.cc -> .o
 [     CXX] ARM/python/m5/params/enum_params.py.cc -> .o
 [     CXX] ARM/python/m5/params/network_params.py.cc -> .o
 [     CXX] ARM/python/m5/params/null_params.py.cc -> .o
 [     CXX] ARM/python/m5/params/pin_params.py.cc -> .o
 [     CXX] ARM/python/m5/params/param_types.py.cc -> .o
 [     CXX] ARM/python/m5/params/port_params.py.cc -> .o
 [     CXX] ARM/python/m5/params/power_params.py.cc -> .o
 [     CXX] ARM/python/m5/params/time_params.py.cc -> .o
 [     CXX] ARM/python/m5/stats/__init__.py.cc -> .o
 [     CXX] ARM/python/m5/util/__init__.py.cc -> .o
 [     CXX] ARM/python/m5/util/attrdict.py.cc -> .o
 [     CXX] ARM/python/m5/util/convert.py.cc -> .o
 [     CXX] ARM/python/m5/util/dot_writer.py.cc -> .o
 [     CXX] ARM/python/m5/util/dot_writer_ruby.py.cc -> .o
 [     CXX] ARM/python/m5/util/fdthelper.py.cc -> .o
 [     CXX] ARM/python/m5/util/multidict.py.cc -> .o
 [     CXX] ARM/python/m5/util/pybind.py.cc -> .o
 [     CXX] ARM/python/m5/util/terminal.py.cc -> .o
 [     CXX] ARM/python/m5/util/terminal_formatter.py.cc -> .o
 [     CXX] ARM/python/m5/ext/__init__.py.cc -> .o
 [     CXX] ARM/python/m5/ext/pyfdt/pyfdt.py.cc -> .o
 [     CXX] ARM/python/m5/ext/pyfdt/__init__.py.cc -> .o
 [     CXX] ARM/python/m5/ext/pystats/__init__.py.cc -> .o
 [     CXX] ARM/python/m5/ext/pystats/serializable_stat.py.cc -> .o
 [     CXX] ARM/python/m5/ext/pystats/abstract_stat.py.cc -> .o
 [     CXX] ARM/python/m5/ext/pystats/group.py.cc -> .o
 [     CXX] ARM/python/m5/ext/pystats/simstat.py.cc -> .o
 [     CXX] ARM/python/m5/ext/pystats/statistic.py.cc -> .o
 [     CXX] ARM/python/m5/ext/pystats/storagetype.py.cc -> .o
 [     CXX] ARM/python/m5/ext/pystats/timeconversion.py.cc -> .o
 [     CXX] ARM/python/m5/ext/pystats/jsonloader.py.cc -> .o
 [     CXX] ARM/python/m5/stats/gem5stats.py.cc -> .o
 [     CXX] ARM/python/m5/objects/SimObject.py.cc -> .o
 [SO Param] m5.objects.SimObject, SimObject -> ARM/python/_m5/param_SimObject.cc
 [ENUM STR] m5.objects.SimObject, ByteOrder -> ARM/enums/ByteOrder.cc
 [ TRACING]  -> ARM/debug/DebugPrintf.cc
 [ TRACING]  -> ARM/debug/Printf.cc
 [ TRACING]  -> ARM/debug/Printf.hh
 [     CXX] ARM/sst/OutgoingRequestBridge.py.cc -> .o
 [SO Param] m5.objects.OutgoingRequestBridge, OutgoingRequestBridge -> ARM/python/_m5/param_OutgoingRequestBridge.cc
 [SO Param] m5.objects.OutgoingRequestBridge, OutgoingRequestBridge -> ARM/params/OutgoingRequestBridge.hh
 [     CXX] ARM/sim/ClockedObject.py.cc -> .o
 [SO Param] m5.objects.ClockedObject, ClockedObject -> ARM/python/_m5/param_ClockedObject.cc
 [     CXX] ARM/sim/TickedObject.py.cc -> .o
 [SO Param] m5.objects.TickedObject, TickedObject -> ARM/python/_m5/param_TickedObject.cc
 [SO Param] m5.objects.TickedObject, TickedObject -> ARM/params/TickedObject.hh
 [     CXX] ARM/sim/Workload.py.cc -> .o
 [SO Param] m5.objects.Workload, Workload -> ARM/python/_m5/param_Workload.cc
 [SO Param] m5.objects.Workload, StubWorkload -> ARM/python/_m5/param_StubWorkload.cc
 [SO Param] m5.objects.Workload, KernelWorkload -> ARM/python/_m5/param_KernelWorkload.cc
 [SO Param] m5.objects.Workload, SEWorkload -> ARM/python/_m5/param_SEWorkload.cc
 [ENUM STR] m5.objects.Workload, KernelPanicOopsBehaviour -> ARM/enums/KernelPanicOopsBehaviour.cc
 [     CXX] ARM/sim/Root.py.cc -> .o
 [SO Param] m5.objects.Root, Root -> ARM/python/_m5/param_Root.cc
 [     CXX] ARM/sim/ClockDomain.py.cc -> .o
 [SO Param] m5.objects.ClockDomain, ClockDomain -> ARM/python/_m5/param_ClockDomain.cc
 [SO Param] m5.objects.ClockDomain, SrcClockDomain -> ARM/python/_m5/param_SrcClockDomain.cc
 [SO Param] m5.objects.ClockDomain, DerivedClockDomain -> ARM/python/_m5/param_DerivedClockDomain.cc
 [     CXX] ARM/sim/VoltageDomain.py.cc -> .o
 [SO Param] m5.objects.VoltageDomain, VoltageDomain -> ARM/python/_m5/param_VoltageDomain.cc
 [     CXX] ARM/sim/System.py.cc -> .o
 [SO Param] m5.objects.System, System -> ARM/python/_m5/param_System.cc
 [ENUM STR] m5.objects.System, MemoryMode -> ARM/enums/MemoryMode.cc
 [     CXX] ARM/sim/DVFSHandler.py.cc -> .o
 [SO Param] m5.objects.DVFSHandler, DVFSHandler -> ARM/python/_m5/param_DVFSHandler.cc
 [     CXX] ARM/sim/SubSystem.py.cc -> .o
 [SO Param] m5.objects.SubSystem, SubSystem -> ARM/python/_m5/param_SubSystem.cc
 [     CXX] ARM/sim/RedirectPath.py.cc -> .o
 [SO Param] m5.objects.RedirectPath, RedirectPath -> ARM/python/_m5/param_RedirectPath.cc
 [     CXX] ARM/sim/PowerState.py.cc -> .o
 [SO Param] m5.objects.PowerState, PowerState -> ARM/python/_m5/param_PowerState.cc
 [ENUM STR] m5.objects.PowerState, PwrState -> ARM/enums/PwrState.cc
 [     CXX] ARM/sim/PowerDomain.py.cc -> .o
 [SO Param] m5.objects.PowerDomain, PowerDomain -> ARM/python/_m5/param_PowerDomain.cc
 [SO Param] m5.objects.PowerDomain, PowerDomain -> ARM/params/PowerDomain.hh
 [     CXX] ARM/sim/SignalPort.py.cc -> .o
 [VER TAGS]  -> ARM/sim/tags.cc
 [ TRACING]  -> ARM/debug/CxxConfig.hh
 [ TRACING]  -> ARM/debug/ExternalSignal.hh
 [ TRACING]  -> ARM/debug/TimeSync.hh
 [ TRACING]  -> ARM/debug/EnteringEventQueue.hh
 [ TRACING]  -> ARM/debug/ClockDomain.hh
 [ TRACING]  -> ARM/debug/VoltageDomain.hh
 [ TRACING]  -> ARM/debug/WorkItems.hh
 [ TRACING]  -> ARM/debug/PowerDomain.hh
 [     CXX] ARM/sim/InstTracer.py.cc -> .o
 [SO Param] m5.objects.InstTracer, InstTracer -> ARM/python/_m5/param_InstTracer.cc
 [SO Param] m5.objects.InstTracer, InstDisassembler -> ARM/python/_m5/param_InstDisassembler.cc
 [     CXX] ARM/sim/Process.py.cc -> .o
 [SO Param] m5.objects.Process, Process -> ARM/python/_m5/param_Process.cc
 [SO Param] m5.objects.Process, EmulatedDriver -> ARM/python/_m5/param_EmulatedDriver.cc
 [ TRACING]  -> ARM/debug/Checkpoint.cc
 [ TRACING]  -> ARM/debug/Config.cc
 [ TRACING]  -> ARM/debug/CxxConfig.cc
 [ TRACING]  -> ARM/debug/Drain.cc
 [ TRACING]  -> ARM/debug/Event.cc
 [ TRACING]  -> ARM/debug/ExternalSignal.cc
 [ TRACING]  -> ARM/debug/Flow.cc
 [ TRACING]  -> ARM/debug/IPI.cc
 [ TRACING]  -> ARM/debug/Flow.hh
 [ TRACING]  -> ARM/debug/IPR.cc
 [ TRACING]  -> ARM/debug/Interrupt.cc
 [ TRACING]  -> ARM/debug/IPR.hh
 [ TRACING]  -> ARM/debug/Loader.cc
 [ TRACING]  -> ARM/debug/PseudoInst.cc
 [ TRACING]  -> ARM/debug/Stack.cc
 [ TRACING]  -> ARM/debug/SyscallBase.cc
 [ TRACING]  -> ARM/debug/SyscallVerbose.cc
 [ TRACING]  -> ARM/debug/TimeSync.cc
 [ TRACING]  -> ARM/debug/Thread.cc
 [ TRACING]  -> ARM/debug/Timer.cc
 [ TRACING]  -> ARM/debug/VtoPhys.cc
 [ TRACING]  -> ARM/debug/WorkItems.cc
 [ TRACING]  -> ARM/debug/ClockDomain.cc
 [ TRACING]  -> ARM/debug/VtoPhys.hh
 [ TRACING]  -> ARM/debug/VoltageDomain.cc
 [ TRACING]  -> ARM/debug/DVFS.cc
 [ TRACING]  -> ARM/debug/Vma.cc
 [ TRACING]  -> ARM/debug/PowerDomain.cc
 [ TRACING]  -> ARM/debug/EnteringEventQueue.cc
 [ TRACING]  -> ARM/debug/SyscallAll.cc
 [     CXX] ARM/sim/power/MathExprPowerModel.py.cc -> .o
 [SO Param] m5.objects.MathExprPowerModel, MathExprPowerModel -> ARM/python/_m5/param_MathExprPowerModel.cc
 [ TRACING]  -> ARM/debug/SyscallAll.hh
 [     CXX] ARM/sim/power/PowerModel.py.cc -> .o
 [SO Param] m5.objects.MathExprPowerModel, MathExprPowerModel -> ARM/params/MathExprPowerModel.hh
 [SO Param] m5.objects.PowerModel, PowerModel -> ARM/python/_m5/param_PowerModel.cc
 [ENUM STR] m5.objects.PowerModel, PMType -> ARM/enums/PMType.cc
 [     CXX] ARM/sim/power/PowerModelState.py.cc -> .o
 [SO Param] m5.objects.PowerModelState, PowerModelState -> ARM/python/_m5/param_PowerModelState.cc
 [     CXX] ARM/sim/power/ThermalDomain.py.cc -> .o
 [SO Param] m5.objects.ThermalDomain, ThermalDomain -> ARM/python/_m5/param_ThermalDomain.cc
 [     CXX] ARM/sim/power/ThermalModel.py.cc -> .o
 [SO Param] m5.objects.ThermalModel, ThermalNode -> ARM/python/_m5/param_ThermalNode.cc
 [SO Param] m5.objects.ThermalModel, ThermalNode -> ARM/params/ThermalNode.hh
 [SO Param] m5.objects.ThermalModel, ThermalResistor -> ARM/python/_m5/param_ThermalResistor.cc
 [SO Param] m5.objects.ThermalModel, ThermalResistor -> ARM/params/ThermalResistor.hh
 [SO Param] m5.objects.ThermalModel, ThermalCapacitor -> ARM/python/_m5/param_ThermalCapacitor.cc
 [SO Param] m5.objects.ThermalModel, ThermalCapacitor -> ARM/params/ThermalCapacitor.hh
 [SO Param] m5.objects.ThermalModel, ThermalReference -> ARM/python/_m5/param_ThermalReference.cc
 [SO Param] m5.objects.ThermalModel, ThermalModel -> ARM/python/_m5/param_ThermalModel.cc
 [SO Param] m5.objects.ThermalModel, ThermalReference -> ARM/params/ThermalReference.hh
 [ TRACING]  -> ARM/debug/ThermalDomain.hh
 [ TRACING]  -> ARM/debug/ThermalDomain.cc
 [     CXX] ARM/sim/probe/Probe.py.cc -> .o
 [SO Param] m5.objects.Probe, ProbeListenerObject -> ARM/python/_m5/param_ProbeListenerObject.cc
 [ TRACING]  -> ARM/debug/ProbeVerbose.hh
 [ TRACING]  -> ARM/debug/ProbeVerbose.cc
 [     CXX] ARM/python/m5/defines.py.cc -> .o
 [     CXX] ARM/python/m5/info.py.cc -> .o
 [     CXX] src/base/date.cc -> ARM/base/date.o
 [    LINK]  -> ARM/gem5.opt
scons: done building targets.
*** Summary of Warnings ***
Warning: Header file <capstone/capstone.h> not found.
         This host has no capstone library installed.
Warning: Header file <png.h> not found.
         This host has no libpng library.
         Disabling support for PNG framebuffers.
Warning: Couldn't find HDF5 C++ libraries. Disabling HDF5 support.
