
crash 8.0.4-17.oe2403sp4
Copyright (C) 2002-2022  Red Hat, Inc.
Copyright (C) 2004, 2005, 2006, 2010  IBM Corporation
Copyright (C) 1999-2006  Hewlett-Packard Co
Copyright (C) 2005, 2006, 2011, 2012  Fujitsu Limited
Copyright (C) 2006, 2007  VA Linux Systems Japan K.K.
Copyright (C) 2005, 2011, 2020-2022  NEC Corporation
Copyright (C) 1999, 2002, 2007  Silicon Graphics, Inc.
Copyright (C) 1999, 2000, 2001, 2002  Mission Critical Linux, Inc.
Copyright (C) 2015, 2021  VMware, Inc.
This program is free software, covered by the GNU General Public License,
and you are welcome to change it and/or distribute copies of it under
certain conditions.  Enter "help copying" to see the conditions.
This program has absolutely no warranty.  Enter "help warranty" for details.
 
NOTE: stdin: not a tty

GNU gdb (GDB) 10.2
Copyright (C) 2021 Free Software Foundation, Inc.
License GPLv3+: GNU GPL version 3 or later <http://gnu.org/licenses/gpl.html>
This is free software: you are free to change and redistribute it.
There is NO WARRANTY, to the extent permitted by law.
Type "show copying" and "show warranty" for details.
This GDB was configured as "aarch64-unknown-linux-gnu".
Type "show configuration" for configuration details.
Find the GDB manual and other documentation resources online at:
    <http://www.gnu.org/software/gdb/documentation/>.

For help, type "help".
Type "apropos word" to search for commands related to "word"...

crash: seek error: kernel virtual address: ffff800080000058  type: "IRQ stack pointer"
crash: seek error: kernel virtual address: ffff800080022058  type: "IRQ stack pointer"
crash: seek error: kernel virtual address: ffff800080044058  type: "IRQ stack pointer"
crash: seek error: kernel virtual address: ffff800080066058  type: "IRQ stack pointer"
crash: seek error: kernel virtual address: ffff800080088058  type: "IRQ stack pointer"
crash: seek error: kernel virtual address: ffff8000800aa058  type: "IRQ stack pointer"
crash: seek error: kernel virtual address: ffff8000800cc058  type: "IRQ stack pointer"
crash: seek error: kernel virtual address: ffff8000800ee058  type: "IRQ stack pointer"
crash: seek error: kernel virtual address: ffff800080110058  type: "IRQ stack pointer"
crash: seek error: kernel virtual address: ffff800080132058  type: "IRQ stack pointer"
crash: seek error: kernel virtual address: ffff800080154058  type: "IRQ stack pointer"
crash: seek error: kernel virtual address: ffff800080176058  type: "IRQ stack pointer"
crash: seek error: kernel virtual address: ffff800080198058  type: "IRQ stack pointer"
crash: seek error: kernel virtual address: ffff8000801ba058  type: "IRQ stack pointer"
crash: seek error: kernel virtual address: ffff8000801dc058  type: "IRQ stack pointer"
crash: seek error: kernel virtual address: ffff8000801fe058  type: "IRQ stack pointer"
crash: seek error: kernel virtual address: ffff800080220058  type: "IRQ stack pointer"
crash: seek error: kernel virtual address: ffff800080242058  type: "IRQ stack pointer"
crash: seek error: kernel virtual address: ffff800080264058  type: "IRQ stack pointer"
crash: seek error: kernel virtual address: ffff800080286058  type: "IRQ stack pointer"
crash: seek error: kernel virtual address: ffff8000802a8058  type: "IRQ stack pointer"
crash: seek error: kernel virtual address: ffff8000802ca058  type: "IRQ stack pointer"
crash: seek error: kernel virtual address: ffff8000802ec058  type: "IRQ stack pointer"
crash: seek error: kernel virtual address: ffff80008030e058  type: "IRQ stack pointer"
crash: seek error: kernel virtual address: ffff800080330058  type: "IRQ stack pointer"
crash: seek error: kernel virtual address: ffff800080352058  type: "IRQ stack pointer"
crash: seek error: kernel virtual address: ffff800080374058  type: "IRQ stack pointer"
crash: seek error: kernel virtual address: ffff800080396058  type: "IRQ stack pointer"
crash: seek error: kernel virtual address: ffff8000803b8058  type: "IRQ stack pointer"
crash: seek error: kernel virtual address: ffff8000803da058  type: "IRQ stack pointer"
crash: seek error: kernel virtual address: ffff8000803fc058  type: "IRQ stack pointer"
crash: seek error: kernel virtual address: ffff80008041e058  type: "IRQ stack pointer"
crash: seek error: kernel virtual address: ffff800080440058  type: "IRQ stack pointer"
crash: seek error: kernel virtual address: ffff800080462058  type: "IRQ stack pointer"
crash: seek error: kernel virtual address: ffff800080484058  type: "IRQ stack pointer"
crash: seek error: kernel virtual address: ffff8000804a6058  type: "IRQ stack pointer"
crash: seek error: kernel virtual address: ffff8000804c8058  type: "IRQ stack pointer"
crash: seek error: kernel virtual address: ffff8000804ea058  type: "IRQ stack pointer"
crash: seek error: kernel virtual address: ffff80008050c058  type: "IRQ stack pointer"
crash: seek error: kernel virtual address: ffff80008052e058  type: "IRQ stack pointer"
crash: seek error: kernel virtual address: ffff800080550058  type: "IRQ stack pointer"
crash: seek error: kernel virtual address: ffff800080572058  type: "IRQ stack pointer"
crash: seek error: kernel virtual address: ffff800080594058  type: "IRQ stack pointer"
crash: seek error: kernel virtual address: ffff8000805b6058  type: "IRQ stack pointer"
crash: seek error: kernel virtual address: ffff8000805d8058  type: "IRQ stack pointer"
crash: seek error: kernel virtual address: ffff8000805fa058  type: "IRQ stack pointer"
crash: seek error: kernel virtual address: ffff80008061c058  type: "IRQ stack pointer"
crash: seek error: kernel virtual address: ffff80008063e058  type: "IRQ stack pointer"
crash: seek error: kernel virtual address: ffff800080660058  type: "IRQ stack pointer"
crash: seek error: kernel virtual address: ffff800080682058  type: "IRQ stack pointer"
crash: seek error: kernel virtual address: ffff8000806a4058  type: "IRQ stack pointer"
crash: seek error: kernel virtual address: ffff8000806c6058  type: "IRQ stack pointer"
crash: seek error: kernel virtual address: ffff8000806e8058  type: "IRQ stack pointer"
crash: seek error: kernel virtual address: ffff80008070a058  type: "IRQ stack pointer"
crash: seek error: kernel virtual address: ffff80008072c058  type: "IRQ stack pointer"
crash: seek error: kernel virtual address: ffff80008074e058  type: "IRQ stack pointer"
crash: seek error: kernel virtual address: ffff800080770058  type: "IRQ stack pointer"
crash: seek error: kernel virtual address: ffff800080792058  type: "IRQ stack pointer"
crash: seek error: kernel virtual address: ffff8000807b4058  type: "IRQ stack pointer"
crash: seek error: kernel virtual address: ffff8000807d6058  type: "IRQ stack pointer"
crash: seek error: kernel virtual address: ffff8000807f8058  type: "IRQ stack pointer"
crash: seek error: kernel virtual address: ffff80008081a058  type: "IRQ stack pointer"
crash: seek error: kernel virtual address: ffff80008083c058  type: "IRQ stack pointer"
crash: seek error: kernel virtual address: ffff80008085e058  type: "IRQ stack pointer"
crash: seek error: kernel virtual address: ffff800080880058  type: "IRQ stack pointer"
crash: seek error: kernel virtual address: ffff8000808a2058  type: "IRQ stack pointer"
crash: seek error: kernel virtual address: ffff8000808c4058  type: "IRQ stack pointer"
crash: seek error: kernel virtual address: ffff8000808e6058  type: "IRQ stack pointer"
crash: seek error: kernel virtual address: ffff800080908058  type: "IRQ stack pointer"
crash: seek error: kernel virtual address: ffff80008092a058  type: "IRQ stack pointer"
crash: seek error: kernel virtual address: ffff80008094c058  type: "IRQ stack pointer"
crash: seek error: kernel virtual address: ffff80008096e058  type: "IRQ stack pointer"
crash: seek error: kernel virtual address: ffff800080990058  type: "IRQ stack pointer"
crash: seek error: kernel virtual address: ffff8000809b2058  type: "IRQ stack pointer"
crash: seek error: kernel virtual address: ffff8000809d4058  type: "IRQ stack pointer"
crash: seek error: kernel virtual address: ffff8000809f6058  type: "IRQ stack pointer"
crash: seek error: kernel virtual address: ffff800080a18058  type: "IRQ stack pointer"
crash: seek error: kernel virtual address: ffff800080a3a058  type: "IRQ stack pointer"
crash: seek error: kernel virtual address: ffff800080a5c058  type: "IRQ stack pointer"
crash: seek error: kernel virtual address: ffff800080a7e058  type: "IRQ stack pointer"
crash: seek error: kernel virtual address: ffff800080aa0058  type: "IRQ stack pointer"
crash: seek error: kernel virtual address: ffff800080ac2058  type: "IRQ stack pointer"
crash: seek error: kernel virtual address: ffff800080ae4058  type: "IRQ stack pointer"
crash: seek error: kernel virtual address: ffff800080b06058  type: "IRQ stack pointer"
crash: seek error: kernel virtual address: ffff800080b28058  type: "IRQ stack pointer"
crash: seek error: kernel virtual address: ffff800080b4a058  type: "IRQ stack pointer"
crash: seek error: kernel virtual address: ffff800080b6c058  type: "IRQ stack pointer"
crash: seek error: kernel virtual address: ffff800080b8e058  type: "IRQ stack pointer"
crash: seek error: kernel virtual address: ffff800080bb0058  type: "IRQ stack pointer"
crash: seek error: kernel virtual address: ffff800080bd2058  type: "IRQ stack pointer"
crash: seek error: kernel virtual address: ffff800080bf4058  type: "IRQ stack pointer"
crash: seek error: kernel virtual address: ffff800080c16058  type: "IRQ stack pointer"
crash: seek error: kernel virtual address: ffff800080c38058  type: "IRQ stack pointer"
crash: seek error: kernel virtual address: ffff800080c5a058  type: "IRQ stack pointer"
crash: seek error: kernel virtual address: ffff800080c7c058  type: "IRQ stack pointer"
crash: seek error: kernel virtual address: ffff800080c9e058  type: "IRQ stack pointer"
crash: seek error: kernel virtual address: ffff800080cc0058  type: "IRQ stack pointer"
crash: seek error: kernel virtual address: ffff800080ce2058  type: "IRQ stack pointer"
crash: seek error: kernel virtual address: ffff800080d04058  type: "IRQ stack pointer"
crash: seek error: kernel virtual address: ffff800080d26058  type: "IRQ stack pointer"
crash: seek error: kernel virtual address: ffff800080d48058  type: "IRQ stack pointer"
crash: seek error: kernel virtual address: ffff800080d6a058  type: "IRQ stack pointer"
crash: seek error: kernel virtual address: ffff800080d8c058  type: "IRQ stack pointer"
crash: seek error: kernel virtual address: ffff800080dae058  type: "IRQ stack pointer"
crash: seek error: kernel virtual address: ffff800080dd0058  type: "IRQ stack pointer"
crash: seek error: kernel virtual address: ffff800080df2058  type: "IRQ stack pointer"
crash: seek error: kernel virtual address: ffff800080e14058  type: "IRQ stack pointer"
crash: seek error: kernel virtual address: ffff800080e36058  type: "IRQ stack pointer"
crash: seek error: kernel virtual address: ffff800080e58058  type: "IRQ stack pointer"
crash: seek error: kernel virtual address: ffff800080e7a058  type: "IRQ stack pointer"
crash: seek error: kernel virtual address: ffff800080e9c058  type: "IRQ stack pointer"
crash: seek error: kernel virtual address: ffff800080ebe058  type: "IRQ stack pointer"
crash: seek error: kernel virtual address: ffff800080ee0058  type: "IRQ stack pointer"
crash: seek error: kernel virtual address: ffff800080f02058  type: "IRQ stack pointer"
crash: seek error: kernel virtual address: ffff800080f24058  type: "IRQ stack pointer"
crash: seek error: kernel virtual address: ffff800080f46058  type: "IRQ stack pointer"
crash: seek error: kernel virtual address: ffff800080f68058  type: "IRQ stack pointer"
crash: seek error: kernel virtual address: ffff800080f8a058  type: "IRQ stack pointer"
crash: seek error: kernel virtual address: ffff800080fac058  type: "IRQ stack pointer"
crash: seek error: kernel virtual address: ffff800080fce058  type: "IRQ stack pointer"
crash: seek error: kernel virtual address: ffff800080ff0058  type: "IRQ stack pointer"
crash: seek error: kernel virtual address: ffff800081012058  type: "IRQ stack pointer"
crash: seek error: kernel virtual address: ffff800081034058  type: "IRQ stack pointer"
crash: seek error: kernel virtual address: ffff800081056058  type: "IRQ stack pointer"
crash: seek error: kernel virtual address: ffff800081078058  type: "IRQ stack pointer"
crash: seek error: kernel virtual address: ffff80008109a058  type: "IRQ stack pointer"
crash: seek error: kernel virtual address: ffff8000810bc058  type: "IRQ stack pointer"
crash: seek error: kernel virtual address: ffff8000810de058  type: "IRQ stack pointer"
crash: seek error: kernel virtual address: ffff800081100058  type: "IRQ stack pointer"
crash: seek error: kernel virtual address: ffff800081122058  type: "IRQ stack pointer"
crash: seek error: kernel virtual address: ffff800081144058  type: "IRQ stack pointer"
crash: seek error: kernel virtual address: ffff800081166058  type: "IRQ stack pointer"
crash: seek error: kernel virtual address: ffff800081188058  type: "IRQ stack pointer"
crash: seek error: kernel virtual address: ffff8000811aa058  type: "IRQ stack pointer"
crash: seek error: kernel virtual address: ffff8000811cc058  type: "IRQ stack pointer"
crash: seek error: kernel virtual address: ffff8000811ee058  type: "IRQ stack pointer"
crash: seek error: kernel virtual address: ffff800081210058  type: "IRQ stack pointer"
crash: seek error: kernel virtual address: ffff800081232058  type: "IRQ stack pointer"
crash: seek error: kernel virtual address: ffff800081254058  type: "IRQ stack pointer"
crash: seek error: kernel virtual address: ffff800081276058  type: "IRQ stack pointer"
crash: seek error: kernel virtual address: ffff800081298058  type: "IRQ stack pointer"
crash: seek error: kernel virtual address: ffff8000812ba058  type: "IRQ stack pointer"
crash: seek error: kernel virtual address: ffff8000812dc058  type: "IRQ stack pointer"
crash: seek error: kernel virtual address: ffff8000812fe058  type: "IRQ stack pointer"
crash: seek error: kernel virtual address: ffff800081320058  type: "IRQ stack pointer"
crash: seek error: kernel virtual address: ffff800081342058  type: "IRQ stack pointer"
crash: seek error: kernel virtual address: ffff800081364058  type: "IRQ stack pointer"
crash: seek error: kernel virtual address: ffff800081386058  type: "IRQ stack pointer"
crash: seek error: kernel virtual address: ffff8000813a8058  type: "IRQ stack pointer"
crash: seek error: kernel virtual address: ffff8000813ca058  type: "IRQ stack pointer"
crash: seek error: kernel virtual address: ffff8000813ec058  type: "IRQ stack pointer"
crash: seek error: kernel virtual address: ffff80008140e058  type: "IRQ stack pointer"
crash: seek error: kernel virtual address: ffff800081430058  type: "IRQ stack pointer"
crash: seek error: kernel virtual address: ffff800081452058  type: "IRQ stack pointer"
crash: seek error: kernel virtual address: ffff800081474058  type: "IRQ stack pointer"
crash: seek error: kernel virtual address: ffff800081496058  type: "IRQ stack pointer"
crash: seek error: kernel virtual address: ffff8000814b8058  type: "IRQ stack pointer"
crash: seek error: kernel virtual address: ffff8000814da058  type: "IRQ stack pointer"
crash: seek error: kernel virtual address: ffff8000814fc058  type: "IRQ stack pointer"
crash: seek error: kernel virtual address: ffff80008151e058  type: "IRQ stack pointer"
crash: seek error: kernel virtual address: ffff800081540058  type: "IRQ stack pointer"
crash: seek error: kernel virtual address: ffff800081562058  type: "IRQ stack pointer"
crash: seek error: kernel virtual address: ffff800081584058  type: "IRQ stack pointer"
crash: seek error: kernel virtual address: ffff8000815a6058  type: "IRQ stack pointer"
crash: seek error: kernel virtual address: ffff8000815c8058  type: "IRQ stack pointer"
crash: seek error: kernel virtual address: ffff8000815ea058  type: "IRQ stack pointer"
crash: seek error: kernel virtual address: ffff80008160c058  type: "IRQ stack pointer"
crash: seek error: kernel virtual address: ffff80008162e058  type: "IRQ stack pointer"
crash: seek error: kernel virtual address: ffff800081650058  type: "IRQ stack pointer"
crash: seek error: kernel virtual address: ffff800081672058  type: "IRQ stack pointer"
crash: seek error: kernel virtual address: ffff800081694058  type: "IRQ stack pointer"
crash: seek error: kernel virtual address: ffff8000816b6058  type: "IRQ stack pointer"
crash: seek error: kernel virtual address: ffff8000816d8058  type: "IRQ stack pointer"
crash: seek error: kernel virtual address: ffff8000816fa058  type: "IRQ stack pointer"
crash: seek error: kernel virtual address: ffff80008171c058  type: "IRQ stack pointer"
crash: seek error: kernel virtual address: ffff80008173e058  type: "IRQ stack pointer"
crash: seek error: kernel virtual address: ffff800081760058  type: "IRQ stack pointer"
crash: seek error: kernel virtual address: ffff800081782058  type: "IRQ stack pointer"
crash: seek error: kernel virtual address: ffff8000817a4058  type: "IRQ stack pointer"
crash: seek error: kernel virtual address: ffff8000817c6058  type: "IRQ stack pointer"
crash: seek error: kernel virtual address: ffff8000817e8058  type: "IRQ stack pointer"
crash: seek error: kernel virtual address: ffff80008180a058  type: "IRQ stack pointer"
crash: seek error: kernel virtual address: ffff80008182c058  type: "IRQ stack pointer"
crash: seek error: kernel virtual address: ffff80008184e058  type: "IRQ stack pointer"
crash: seek error: kernel virtual address: ffff800081870058  type: "IRQ stack pointer"
crash: seek error: kernel virtual address: ffff800081892058  type: "IRQ stack pointer"
crash: seek error: kernel virtual address: ffff8000818b4058  type: "IRQ stack pointer"
crash: seek error: kernel virtual address: ffff8000818d6058  type: "IRQ stack pointer"
crash: seek error: kernel virtual address: ffff8000818f8058  type: "IRQ stack pointer"
crash: seek error: kernel virtual address: ffff80008191a058  type: "IRQ stack pointer"
crash: seek error: kernel virtual address: ffff80008193c058  type: "IRQ stack pointer"
crash: seek error: kernel virtual address: ffff80008195e058  type: "IRQ stack pointer"
crash: seek error: kernel virtual address: ffff800080001600  type: "SDEI stack pointer"
crash: seek error: kernel virtual address: ffff800080023600  type: "SDEI stack pointer"
crash: seek error: kernel virtual address: ffff800080045600  type: "SDEI stack pointer"
crash: seek error: kernel virtual address: ffff800080067600  type: "SDEI stack pointer"
crash: seek error: kernel virtual address: ffff800080089600  type: "SDEI stack pointer"
crash: seek error: kernel virtual address: ffff8000800ab600  type: "SDEI stack pointer"
crash: seek error: kernel virtual address: ffff8000800cd600  type: "SDEI stack pointer"
crash: seek error: kernel virtual address: ffff8000800ef600  type: "SDEI stack pointer"
crash: seek error: kernel virtual address: ffff800080111600  type: "SDEI stack pointer"
crash: seek error: kernel virtual address: ffff800080133600  type: "SDEI stack pointer"
crash: seek error: kernel virtual address: ffff800080155600  type: "SDEI stack pointer"
crash: seek error: kernel virtual address: ffff800080177600  type: "SDEI stack pointer"
crash: seek error: kernel virtual address: ffff800080199600  type: "SDEI stack pointer"
crash: seek error: kernel virtual address: ffff8000801bb600  type: "SDEI stack pointer"
crash: seek error: kernel virtual address: ffff8000801dd600  type: "SDEI stack pointer"
crash: seek error: kernel virtual address: ffff8000801ff600  type: "SDEI stack pointer"
crash: seek error: kernel virtual address: ffff800080221600  type: "SDEI stack pointer"
crash: seek error: kernel virtual address: ffff800080243600  type: "SDEI stack pointer"
crash: seek error: kernel virtual address: ffff800080265600  type: "SDEI stack pointer"
crash: seek error: kernel virtual address: ffff800080287600  type: "SDEI stack pointer"
crash: seek error: kernel virtual address: ffff8000802a9600  type: "SDEI stack pointer"
crash: seek error: kernel virtual address: ffff8000802cb600  type: "SDEI stack pointer"
crash: seek error: kernel virtual address: ffff8000802ed600  type: "SDEI stack pointer"
crash: seek error: kernel virtual address: ffff80008030f600  type: "SDEI stack pointer"
crash: seek error: kernel virtual address: ffff800080331600  type: "SDEI stack pointer"
crash: seek error: kernel virtual address: ffff800080353600  type: "SDEI stack pointer"
crash: seek error: kernel virtual address: ffff800080375600  type: "SDEI stack pointer"
crash: seek error: kernel virtual address: ffff800080397600  type: "SDEI stack pointer"
crash: seek error: kernel virtual address: ffff8000803b9600  type: "SDEI stack pointer"
crash: seek error: kernel virtual address: ffff8000803db600  type: "SDEI stack pointer"
crash: seek error: kernel virtual address: ffff8000803fd600  type: "SDEI stack pointer"
crash: seek error: kernel virtual address: ffff80008041f600  type: "SDEI stack pointer"
crash: seek error: kernel virtual address: ffff800080441600  type: "SDEI stack pointer"
crash: seek error: kernel virtual address: ffff800080463600  type: "SDEI stack pointer"
crash: seek error: kernel virtual address: ffff800080485600  type: "SDEI stack pointer"
crash: seek error: kernel virtual address: ffff8000804a7600  type: "SDEI stack pointer"
crash: seek error: kernel virtual address: ffff8000804c9600  type: "SDEI stack pointer"
crash: seek error: kernel virtual address: ffff8000804eb600  type: "SDEI stack pointer"
crash: seek error: kernel virtual address: ffff80008050d600  type: "SDEI stack pointer"
crash: seek error: kernel virtual address: ffff80008052f600  type: "SDEI stack pointer"
crash: seek error: kernel virtual address: ffff800080551600  type: "SDEI stack pointer"
crash: seek error: kernel virtual address: ffff800080573600  type: "SDEI stack pointer"
crash: seek error: kernel virtual address: ffff800080595600  type: "SDEI stack pointer"
crash: seek error: kernel virtual address: ffff8000805b7600  type: "SDEI stack pointer"
crash: seek error: kernel virtual address: ffff8000805d9600  type: "SDEI stack pointer"
crash: seek error: kernel virtual address: ffff8000805fb600  type: "SDEI stack pointer"
crash: seek error: kernel virtual address: ffff80008061d600  type: "SDEI stack pointer"
crash: seek error: kernel virtual address: ffff80008063f600  type: "SDEI stack pointer"
crash: seek error: kernel virtual address: ffff800080661600  type: "SDEI stack pointer"
crash: seek error: kernel virtual address: ffff800080683600  type: "SDEI stack pointer"
crash: seek error: kernel virtual address: ffff8000806a5600  type: "SDEI stack pointer"
crash: seek error: kernel virtual address: ffff8000806c7600  type: "SDEI stack pointer"
crash: seek error: kernel virtual address: ffff8000806e9600  type: "SDEI stack pointer"
crash: seek error: kernel virtual address: ffff80008070b600  type: "SDEI stack pointer"
crash: seek error: kernel virtual address: ffff80008072d600  type: "SDEI stack pointer"
crash: seek error: kernel virtual address: ffff80008074f600  type: "SDEI stack pointer"
crash: seek error: kernel virtual address: ffff800080771600  type: "SDEI stack pointer"
crash: seek error: kernel virtual address: ffff800080793600  type: "SDEI stack pointer"
crash: seek error: kernel virtual address: ffff8000807b5600  type: "SDEI stack pointer"
crash: seek error: kernel virtual address: ffff8000807d7600  type: "SDEI stack pointer"
crash: seek error: kernel virtual address: ffff8000807f9600  type: "SDEI stack pointer"
crash: seek error: kernel virtual address: ffff80008081b600  type: "SDEI stack pointer"
crash: seek error: kernel virtual address: ffff80008083d600  type: "SDEI stack pointer"
crash: seek error: kernel virtual address: ffff80008085f600  type: "SDEI stack pointer"
crash: seek error: kernel virtual address: ffff800080881600  type: "SDEI stack pointer"
crash: seek error: kernel virtual address: ffff8000808a3600  type: "SDEI stack pointer"
crash: seek error: kernel virtual address: ffff8000808c5600  type: "SDEI stack pointer"
crash: seek error: kernel virtual address: ffff8000808e7600  type: "SDEI stack pointer"
crash: seek error: kernel virtual address: ffff800080909600  type: "SDEI stack pointer"
crash: seek error: kernel virtual address: ffff80008092b600  type: "SDEI stack pointer"
crash: seek error: kernel virtual address: ffff80008094d600  type: "SDEI stack pointer"
crash: seek error: kernel virtual address: ffff80008096f600  type: "SDEI stack pointer"
crash: seek error: kernel virtual address: ffff800080991600  type: "SDEI stack pointer"
crash: seek error: kernel virtual address: ffff8000809b3600  type: "SDEI stack pointer"
crash: seek error: kernel virtual address: ffff8000809d5600  type: "SDEI stack pointer"
crash: seek error: kernel virtual address: ffff8000809f7600  type: "SDEI stack pointer"
crash: seek error: kernel virtual address: ffff800080a19600  type: "SDEI stack pointer"
crash: seek error: kernel virtual address: ffff800080a3b600  type: "SDEI stack pointer"
crash: seek error: kernel virtual address: ffff800080a5d600  type: "SDEI stack pointer"
crash: seek error: kernel virtual address: ffff800080a7f600  type: "SDEI stack pointer"
crash: seek error: kernel virtual address: ffff800080aa1600  type: "SDEI stack pointer"
crash: seek error: kernel virtual address: ffff800080ac3600  type: "SDEI stack pointer"
crash: seek error: kernel virtual address: ffff800080ae5600  type: "SDEI stack pointer"
crash: seek error: kernel virtual address: ffff800080b07600  type: "SDEI stack pointer"
crash: seek error: kernel virtual address: ffff800080b29600  type: "SDEI stack pointer"
crash: seek error: kernel virtual address: ffff800080b4b600  type: "SDEI stack pointer"
crash: seek error: kernel virtual address: ffff800080b6d600  type: "SDEI stack pointer"
crash: seek error: kernel virtual address: ffff800080b8f600  type: "SDEI stack pointer"
crash: seek error: kernel virtual address: ffff800080bb1600  type: "SDEI stack pointer"
crash: seek error: kernel virtual address: ffff800080bd3600  type: "SDEI stack pointer"
crash: seek error: kernel virtual address: ffff800080bf5600  type: "SDEI stack pointer"
crash: seek error: kernel virtual address: ffff800080c17600  type: "SDEI stack pointer"
crash: seek error: kernel virtual address: ffff800080c39600  type: "SDEI stack pointer"
crash: seek error: kernel virtual address: ffff800080c5b600  type: "SDEI stack pointer"
crash: seek error: kernel virtual address: ffff800080c7d600  type: "SDEI stack pointer"
crash: seek error: kernel virtual address: ffff800080c9f600  type: "SDEI stack pointer"
crash: seek error: kernel virtual address: ffff800080cc1600  type: "SDEI stack pointer"
crash: seek error: kernel virtual address: ffff800080ce3600  type: "SDEI stack pointer"
crash: seek error: kernel virtual address: ffff800080d05600  type: "SDEI stack pointer"
crash: seek error: kernel virtual address: ffff800080d27600  type: "SDEI stack pointer"
crash: seek error: kernel virtual address: ffff800080d49600  type: "SDEI stack pointer"
crash: seek error: kernel virtual address: ffff800080d6b600  type: "SDEI stack pointer"
crash: seek error: kernel virtual address: ffff800080d8d600  type: "SDEI stack pointer"
crash: seek error: kernel virtual address: ffff800080daf600  type: "SDEI stack pointer"
crash: seek error: kernel virtual address: ffff800080dd1600  type: "SDEI stack pointer"
crash: seek error: kernel virtual address: ffff800080df3600  type: "SDEI stack pointer"
crash: seek error: kernel virtual address: ffff800080e15600  type: "SDEI stack pointer"
crash: seek error: kernel virtual address: ffff800080e37600  type: "SDEI stack pointer"
crash: seek error: kernel virtual address: ffff800080e59600  type: "SDEI stack pointer"
crash: seek error: kernel virtual address: ffff800080e7b600  type: "SDEI stack pointer"
crash: seek error: kernel virtual address: ffff800080e9d600  type: "SDEI stack pointer"
crash: seek error: kernel virtual address: ffff800080ebf600  type: "SDEI stack pointer"
crash: seek error: kernel virtual address: ffff800080ee1600  type: "SDEI stack pointer"
crash: seek error: kernel virtual address: ffff800080f03600  type: "SDEI stack pointer"
crash: seek error: kernel virtual address: ffff800080f25600  type: "SDEI stack pointer"
crash: seek error: kernel virtual address: ffff800080f47600  type: "SDEI stack pointer"
crash: seek error: kernel virtual address: ffff800080f69600  type: "SDEI stack pointer"
crash: seek error: kernel virtual address: ffff800080f8b600  type: "SDEI stack pointer"
crash: seek error: kernel virtual address: ffff800080fad600  type: "SDEI stack pointer"
crash: seek error: kernel virtual address: ffff800080fcf600  type: "SDEI stack pointer"
crash: seek error: kernel virtual address: ffff800080ff1600  type: "SDEI stack pointer"
crash: seek error: kernel virtual address: ffff800081013600  type: "SDEI stack pointer"
crash: seek error: kernel virtual address: ffff800081035600  type: "SDEI stack pointer"
crash: seek error: kernel virtual address: ffff800081057600  type: "SDEI stack pointer"
crash: seek error: kernel virtual address: ffff800081079600  type: "SDEI stack pointer"
crash: seek error: kernel virtual address: ffff80008109b600  type: "SDEI stack pointer"
crash: seek error: kernel virtual address: ffff8000810bd600  type: "SDEI stack pointer"
crash: seek error: kernel virtual address: ffff8000810df600  type: "SDEI stack pointer"
crash: seek error: kernel virtual address: ffff800081101600  type: "SDEI stack pointer"
crash: seek error: kernel virtual address: ffff800081123600  type: "SDEI stack pointer"
crash: seek error: kernel virtual address: ffff800081145600  type: "SDEI stack pointer"
crash: seek error: kernel virtual address: ffff800081167600  type: "SDEI stack pointer"
crash: seek error: kernel virtual address: ffff800081189600  type: "SDEI stack pointer"
crash: seek error: kernel virtual address: ffff8000811ab600  type: "SDEI stack pointer"
crash: seek error: kernel virtual address: ffff8000811cd600  type: "SDEI stack pointer"
crash: seek error: kernel virtual address: ffff8000811ef600  type: "SDEI stack pointer"
crash: seek error: kernel virtual address: ffff800081211600  type: "SDEI stack pointer"
crash: seek error: kernel virtual address: ffff800081233600  type: "SDEI stack pointer"
crash: seek error: kernel virtual address: ffff800081255600  type: "SDEI stack pointer"
crash: seek error: kernel virtual address: ffff800081277600  type: "SDEI stack pointer"
crash: seek error: kernel virtual address: ffff800081299600  type: "SDEI stack pointer"
crash: seek error: kernel virtual address: ffff8000812bb600  type: "SDEI stack pointer"
crash: seek error: kernel virtual address: ffff8000812dd600  type: "SDEI stack pointer"
crash: seek error: kernel virtual address: ffff8000812ff600  type: "SDEI stack pointer"
crash: seek error: kernel virtual address: ffff800081321600  type: "SDEI stack pointer"
crash: seek error: kernel virtual address: ffff800081343600  type: "SDEI stack pointer"
crash: seek error: kernel virtual address: ffff800081365600  type: "SDEI stack pointer"
crash: seek error: kernel virtual address: ffff800081387600  type: "SDEI stack pointer"
crash: seek error: kernel virtual address: ffff8000813a9600  type: "SDEI stack pointer"
crash: seek error: kernel virtual address: ffff8000813cb600  type: "SDEI stack pointer"
crash: seek error: kernel virtual address: ffff8000813ed600  type: "SDEI stack pointer"
crash: seek error: kernel virtual address: ffff80008140f600  type: "SDEI stack pointer"
crash: seek error: kernel virtual address: ffff800081431600  type: "SDEI stack pointer"
crash: seek error: kernel virtual address: ffff800081453600  type: "SDEI stack pointer"
crash: seek error: kernel virtual address: ffff800081475600  type: "SDEI stack pointer"
crash: seek error: kernel virtual address: ffff800081497600  type: "SDEI stack pointer"
crash: seek error: kernel virtual address: ffff8000814b9600  type: "SDEI stack pointer"
crash: seek error: kernel virtual address: ffff8000814db600  type: "SDEI stack pointer"
crash: seek error: kernel virtual address: ffff8000814fd600  type: "SDEI stack pointer"
crash: seek error: kernel virtual address: ffff80008151f600  type: "SDEI stack pointer"
crash: seek error: kernel virtual address: ffff800081541600  type: "SDEI stack pointer"
crash: seek error: kernel virtual address: ffff800081563600  type: "SDEI stack pointer"
crash: seek error: kernel virtual address: ffff800081585600  type: "SDEI stack pointer"
crash: seek error: kernel virtual address: ffff8000815a7600  type: "SDEI stack pointer"
crash: seek error: kernel virtual address: ffff8000815c9600  type: "SDEI stack pointer"
crash: seek error: kernel virtual address: ffff8000815eb600  type: "SDEI stack pointer"
crash: seek error: kernel virtual address: ffff80008160d600  type: "SDEI stack pointer"
crash: seek error: kernel virtual address: ffff80008162f600  type: "SDEI stack pointer"
crash: seek error: kernel virtual address: ffff800081651600  type: "SDEI stack pointer"
crash: seek error: kernel virtual address: ffff800081673600  type: "SDEI stack pointer"
crash: seek error: kernel virtual address: ffff800081695600  type: "SDEI stack pointer"
crash: seek error: kernel virtual address: ffff8000816b7600  type: "SDEI stack pointer"
crash: seek error: kernel virtual address: ffff8000816d9600  type: "SDEI stack pointer"
crash: seek error: kernel virtual address: ffff8000816fb600  type: "SDEI stack pointer"
crash: seek error: kernel virtual address: ffff80008171d600  type: "SDEI stack pointer"
crash: seek error: kernel virtual address: ffff80008173f600  type: "SDEI stack pointer"
crash: seek error: kernel virtual address: ffff800081761600  type: "SDEI stack pointer"
crash: seek error: kernel virtual address: ffff800081783600  type: "SDEI stack pointer"
crash: seek error: kernel virtual address: ffff8000817a5600  type: "SDEI stack pointer"
crash: seek error: kernel virtual address: ffff8000817c7600  type: "SDEI stack pointer"
crash: seek error: kernel virtual address: ffff8000817e9600  type: "SDEI stack pointer"
crash: seek error: kernel virtual address: ffff80008180b600  type: "SDEI stack pointer"
crash: seek error: kernel virtual address: ffff80008182d600  type: "SDEI stack pointer"
crash: seek error: kernel virtual address: ffff80008184f600  type: "SDEI stack pointer"
crash: seek error: kernel virtual address: ffff800081871600  type: "SDEI stack pointer"
crash: seek error: kernel virtual address: ffff800081893600  type: "SDEI stack pointer"
crash: seek error: kernel virtual address: ffff8000818b5600  type: "SDEI stack pointer"
crash: seek error: kernel virtual address: ffff8000818d7600  type: "SDEI stack pointer"
crash: seek error: kernel virtual address: ffff8000818f9600  type: "SDEI stack pointer"
crash: seek error: kernel virtual address: ffff80008191b600  type: "SDEI stack pointer"
crash: seek error: kernel virtual address: ffff80008193d600  type: "SDEI stack pointer"
crash: seek error: kernel virtual address: ffff80008195f600  type: "SDEI stack pointer"
please wait... (gathering kmem slab cache data)                                                please wait... (gathering module symbol data)                                              please wait... (gathering task table data)                                           please wait... (determining panic task)                                              KERNEL: /tmp/vmlinux-0102
    DUMPFILE: /home/sdc/wangxu/vmcore0102/127.0.0.1-2026-09-04-23:37:57/vmcore  [PARTIAL DUMP]
        CPUS: 192
        DATE: Fri Sep  4 23:37:14 CST 2026
      UPTIME: 00:47:19
LOAD AVERAGE: 176.68, 79.26, 30.45
       TASKS: 2185
    NODENAME: localhost0102
     RELEASE: 6.6.0-145.3.23.154.oe2403sp3.aarch64
     VERSION: #1 SMP Mon Jul 27 19:00:34 CST 2026
     MACHINE: aarch64  (unknown Mhz)
      MEMORY: 767.8 GB
       PANIC: "Unable to handle kernel NULL pointer dereference at virtual address 0000000000000008"
         PID: 89347
     COMMAND: "systemd-coredum"
        TASK: ffff604013658000  [THREAD_INFO: ffff604013658000]
         CPU: 179
       STATE: TASK_RUNNING (PANIC)

      PID    PPID  CPU       TASK        ST  %MEM      VSZ      RSS  COMM
        1       0 179  ffff2040032abf00  IN   0.0    25824    14744  systemd
        2       0 179  ffff2040032ad400  IN   0.0        0        0  [kthreadd]
        3       2   0  ffff2040032aaa00  IN   0.0        0        0  [pool_workqueue_]
        4       2   0  ffff2040032a9500  ID   0.0        0        0  [kworker/R-rcu_g]
        5       2   0  ffff2040032ae900  ID   0.0        0        0  [kworker/R-rcu_p]
        6       2   0  ffff2040032a8000  ID   0.0        0        0  [kworker/R-slub_]
        7       2   0  ffff0020250cd400  ID   0.0        0        0  [kworker/R-netns]
        9       2   0  ffff0020250c9500  ID   0.0        0        0  [kworker/0:0H]
       10       2   0  ffff0020250ce900  ID   0.0        0        0  [kworker/0:1]
       12       2   0  ffff0020250cbf00  ID   0.0        0        0  [kworker/R-mm_pe]
       13       2   0  ffff0020250d3f00  ID   0.0        0        0  [rcu_tasks_rude_]
       14       2   0  ffff0020250d5400  ID   0.0        0        0  [rcu_tasks_trace]
       15       2   0  ffff0020250d2a00  IN   0.0        0        0  [ksoftirqd/0]
       16       2  58  ffff0020250d1500  ID   0.0        0        0  [rcu_sched]
       17       2   0  ffff0020250d6900  IN   0.0        0        0  [migration/0]
       18       2   0  ffff00202513bf00  IN   0.0        0        0  [cpuhp/0]
       19       2   1  ffff00202513d400  IN   0.0        0        0  [cpuhp/1]
       20       2   1  ffff002025163f00  IN   0.0        0        0  [migration/1]
       21       2   1  ffff002025165400  IN   0.0        0        0  [ksoftirqd/1]
       23       2   1  ffff002025161500  ID   0.0        0        0  [kworker/1:0H]
       24       2   2  ffff002025166900  IN   0.0        0        0  [cpuhp/2]
       25       2   2  ffff002025160000  IN   0.0        0        0  [migration/2]
       26       2   2  ffff002025368000  IN   0.0        0        0  [ksoftirqd/2]
       27       2   2  ffff00202536bf00  ID   0.0        0        0  [kworker/2:0]
       28       2   2  ffff00202536d400  ID   0.0        0        0  [kworker/2:0H]
       29       2   3  ffff00202536aa00  IN   0.0        0        0  [cpuhp/3]
       30       2   3  ffff002025369500  IN   0.0        0        0  [migration/3]
       31       2   3  ffff00202536e900  IN   0.0        0        0  [ksoftirqd/3]
       33       2   3  ffff002025375400  ID   0.0        0        0  [kworker/3:0H]
       34       2   4  ffff002025372a00  IN   0.0        0        0  [cpuhp/4]
       35       2   4  ffff002025371500  IN   0.0        0        0  [migration/4]
       36       2   4  ffff002025376900  IN   0.0        0        0  [ksoftirqd/4]
       38       2   4  ffff002025380000  ID   0.0        0        0  [kworker/4:0H]
       39       2   5  ffff002025383f00  IN   0.0        0        0  [cpuhp/5]
       40       2   5  ffff002025385400  IN   0.0        0        0  [migration/5]
       41       2   5  ffff002025382a00  IN   0.0        0        0  [ksoftirqd/5]
       43       2   5  ffff002025386900  ID   0.0        0        0  [kworker/5:0H]
       44       2   6  ffff002025390000  IN   0.0        0        0  [cpuhp/6]
       45       2   6  ffff002025393f00  IN   0.0        0        0  [migration/6]
       46       2   6  ffff002025395400  IN   0.0        0        0  [ksoftirqd/6]
       48       2   6  ffff002025391500  ID   0.0        0        0  [kworker/6:0H]
       49       2   7  ffff002025396900  IN   0.0        0        0  [cpuhp/7]
       50       2   7  ffff0020254e5400  IN   0.0        0        0  [migration/7]
       51       2   7  ffff0020254e2a00  IN   0.0        0        0  [ksoftirqd/7]
       52       2   7  ffff0020254e1500  ID   0.0        0        0  [kworker/7:0]
       53       2   7  ffff0020254e6900  ID   0.0        0        0  [kworker/7:0H]
       54       2   8  ffff0020254e0000  IN   0.0        0        0  [cpuhp/8]
       55       2   8  ffff0020254e3f00  IN   0.0        0        0  [migration/8]
       56       2   8  ffff0020254f2a00  IN   0.0        0        0  [ksoftirqd/8]
       58       2   8  ffff0020254f6900  ID   0.0        0        0  [kworker/8:0H]
       59       2   9  ffff0020254f0000  IN   0.0        0        0  [cpuhp/9]
       60       2   9  ffff0020254f3f00  IN   0.0        0        0  [migration/9]
       61       2   9  ffff0020254f5400  IN   0.0        0        0  [ksoftirqd/9]
       62       2   9  ffff0020254faa00  ID   0.0        0        0  [kworker/9:0]
       63       2   9  ffff0020254f9500  ID   0.0        0        0  [kworker/9:0H]
       64       2  10  ffff0020254fe900  IN   0.0        0        0  [cpuhp/10]
       65       2  10  ffff0020254f8000  IN   0.0        0        0  [migration/10]
       66       2  10  ffff0020254fbf00  IN   0.0        0        0  [ksoftirqd/10]
       67       2  10  ffff0020254fd400  ID   0.0        0        0  [kworker/10:0]
       68       2  10  ffff002025602a00  ID   0.0        0        0  [kworker/10:0H]
       69       2  11  ffff002025601500  IN   0.0        0        0  [cpuhp/11]
       70       2  11  ffff002025606900  IN   0.0        0        0  [migration/11]
       71       2  11  ffff002025600000  IN   0.0        0        0  [ksoftirqd/11]
       72       2  11  ffff002025603f00  ID   0.0        0        0  [kworker/11:0]
       73       2  11  ffff002025605400  ID   0.0        0        0  [kworker/11:0H]
       74       2  12  ffff002025612a00  IN   0.0        0        0  [cpuhp/12]
       75       2  12  ffff002025611500  IN   0.0        0        0  [migration/12]
       76       2  12  ffff002025616900  IN   0.0        0        0  [ksoftirqd/12]
       77       2  12  ffff002025610000  ID   0.0        0        0  [kworker/12:0]
       78       2  12  ffff002025613f00  ID   0.0        0        0  [kworker/12:0H]
       79       2  13  ffff002025615400  IN   0.0        0        0  [cpuhp/13]
       80       2  13  ffff00202561e900  IN   0.0        0        0  [migration/13]
       81       2  13  ffff002025618000  IN   0.0        0        0  [ksoftirqd/13]
       82       2  13  ffff00202561bf00  ID   0.0        0        0  [kworker/13:0]
       83       2  13  ffff00202561d400  ID   0.0        0        0  [kworker/13:0H]
       84       2  14  ffff00202561aa00  IN   0.0        0        0  [cpuhp/14]
       85       2  14  ffff002025619500  IN   0.0        0        0  [migration/14]
       86       2  14  ffff00202562bf00  IN   0.0        0        0  [ksoftirqd/14]
       87       2  14  ffff00202562d400  ID   0.0        0        0  [kworker/14:0]
       88       2  14  ffff00202562aa00  ID   0.0        0        0  [kworker/14:0H]
       89       2  15  ffff002025629500  IN   0.0        0        0  [cpuhp/15]
       90       2  15  ffff00202562e900  IN   0.0        0        0  [migration/15]
       91       2  15  ffff002025628000  IN   0.0        0        0  [ksoftirqd/15]
       92       2  15  ffff002025631500  ID   0.0        0        0  [kworker/15:0]
       93       2  15  ffff002025636900  ID   0.0        0        0  [kworker/15:0H]
       94       2  16  ffff002025630000  IN   0.0        0        0  [cpuhp/16]
       95       2  16  ffff002025633f00  IN   0.0        0        0  [migration/16]
       96       2  16  ffff002025635400  IN   0.0        0        0  [ksoftirqd/16]
       97       2  16  ffff002025632a00  ID   0.0        0        0  [kworker/16:0]
       98       2  16  ffff002025796900  ID   0.0        0        0  [kworker/16:0H]
       99       2  17  ffff002025790000  IN   0.0        0        0  [cpuhp/17]
      100       2  17  ffff002025793f00  IN   0.0        0        0  [migration/17]
      101       2  17  ffff002025795400  IN   0.0        0        0  [ksoftirqd/17]
      102       2  17  ffff002025792a00  ID   0.0        0        0  [kworker/17:0]
      103       2  17  ffff002025791500  ID   0.0        0        0  [kworker/17:0H]
      104       2  18  ffff00202579bf00  IN   0.0        0        0  [cpuhp/18]
      105       2  18  ffff00202579d400  IN   0.0        0        0  [migration/18]
      106       2  18  ffff00202579aa00  IN   0.0        0        0  [ksoftirqd/18]
      107       2  18  ffff002025799500  ID   0.0        0        0  [kworker/18:0]
      108       2  18  ffff00202579e900  ID   0.0        0        0  [kworker/18:0H]
      109       2  19  ffff002025798000  IN   0.0        0        0  [cpuhp/19]
      110       2  19  ffff0020257a2a00  IN   0.0        0        0  [migration/19]
      111       2  19  ffff0020257a1500  IN   0.0        0        0  [ksoftirqd/19]
      112       2  19  ffff0020257a6900  ID   0.0        0        0  [kworker/19:0]
      113       2  19  ffff0020257a0000  ID   0.0        0        0  [kworker/19:0H]
      114       2  20  ffff0020257a3f00  IN   0.0        0        0  [cpuhp/20]
      115       2  20  ffff0020257a5400  IN   0.0        0        0  [migration/20]
      116       2  20  ffff002025ca0000  IN   0.0        0        0  [ksoftirqd/20]
      118       2  20  ffff002025ca5400  ID   0.0        0        0  [kworker/20:0H]
      119       2  21  ffff002025ca2a00  IN   0.0        0        0  [cpuhp/21]
      120       2  21  ffff002025ca1500  IN   0.0        0        0  [migration/21]
      121       2  21  ffff002025ca6900  IN   0.0        0        0  [ksoftirqd/21]
      122       2  21  ffff002025cae900  ID   0.0        0        0  [kworker/21:0]
      123       2  21  ffff002025ca8000  ID   0.0        0        0  [kworker/21:0H]
      124       2  22  ffff002025cabf00  IN   0.0        0        0  [cpuhp/22]
      125       2  22  ffff002025cad400  IN   0.0        0        0  [migration/22]
      126       2  22  ffff002025caaa00  IN   0.0        0        0  [ksoftirqd/22]
      127       2  22  ffff002025ca9500  ID   0.0        0        0  [kworker/22:0]
      128       2  22  ffff002025cc2a00  ID   0.0        0        0  [kworker/22:0H]
      129       2  23  ffff002025cc1500  IN   0.0        0        0  [cpuhp/23]
      130       2  23  ffff002025cc6900  IN   0.0        0        0  [migration/23]
      131       2  23  ffff002025cc0000  IN   0.0        0        0  [ksoftirqd/23]
      132       2  23  ffff002025cc3f00  ID   0.0        0        0  [kworker/23:0]
      133       2  23  ffff002025cc5400  ID   0.0        0        0  [kworker/23:0H]
      134       2  24  ffff0040032eaa00  IN   0.0        0        0  [cpuhp/24]
      135       2  24  ffff0040032e9500  IN   0.0        0        0  [migration/24]
      136       2  24  ffff0040032ee900  IN   0.0        0        0  [ksoftirqd/24]
      138       2  24  ffff0040032ebf00  ID   0.0        0        0  [kworker/24:0H]
      139       2  25  ffff0040032ed400  IN   0.0        0        0  [cpuhp/25]
      140       2  25  ffff0040032f5400  IN   0.0        0        0  [migration/25]
      141       2  25  ffff0040032f2a00  IN   0.0        0        0  [ksoftirqd/25]
      142       2  25  ffff0040032f1500  ID   0.0        0        0  [kworker/25:0]
      143       2  25  ffff0040032f6900  ID   0.0        0        0  [kworker/25:0H]
      144       2  26  ffff0040032f0000  IN   0.0        0        0  [cpuhp/26]
      145       2  26  ffff0040032f3f00  IN   0.0        0        0  [migration/26]
      146       2  26  ffff0040032fbf00  IN   0.0        0        0  [ksoftirqd/26]
      148       2  26  ffff0040032faa00  ID   0.0        0        0  [kworker/26:0H]
      149       2  27  ffff0040032f9500  IN   0.0        0        0  [cpuhp/27]
      150       2  27  ffff0040032fe900  IN   0.0        0        0  [migration/27]
      151       2  27  ffff0040032f8000  IN   0.0        0        0  [ksoftirqd/27]
      153       2  27  ffff004003306900  ID   0.0        0        0  [kworker/27:0H]
      154       2  28  ffff004003300000  IN   0.0        0        0  [cpuhp/28]
      155       2  28  ffff004003303f00  IN   0.0        0        0  [migration/28]
      156       2  28  ffff004003305400  IN   0.0        0        0  [ksoftirqd/28]
      158       2  28  ffff0040039f9500  ID   0.0        0        0  [kworker/28:0H]
      159       2  29  ffff0040039fe900  IN   0.0        0        0  [cpuhp/29]
      160       2  29  ffff0040039f8000  IN   0.0        0        0  [migration/29]
      161       2  29  ffff0040039fbf00  IN   0.0        0        0  [ksoftirqd/29]
      163       2  29  ffff0040039faa00  ID   0.0        0        0  [kworker/29:0H]
      164       2  30  ffff004003a01500  IN   0.0        0        0  [cpuhp/30]
      165       2  30  ffff004003a06900  IN   0.0        0        0  [migration/30]
      166       2  30  ffff004003a00000  IN   0.0        0        0  [ksoftirqd/30]
      168       2  30  ffff004003a05400  ID   0.0        0        0  [kworker/30:0H]
      169       2  31  ffff004003a02a00  IN   0.0        0        0  [cpuhp/31]
      170       2  31  ffff004003a0aa00  IN   0.0        0        0  [migration/31]
      171       2  31  ffff004003a09500  IN   0.0        0        0  [ksoftirqd/31]
      173       2  31  ffff004003a08000  ID   0.0        0        0  [kworker/31:0H]
      174       2  32  ffff004003a0bf00  IN   0.0        0        0  [cpuhp/32]
      175       2  32  ffff004003a0d400  IN   0.0        0        0  [migration/32]
      176       2  32  ffff004003a13f00  IN   0.0        0        0  [ksoftirqd/32]
      178       2  32  ffff004003a12a00  ID   0.0        0        0  [kworker/32:0H]
      179       2  33  ffff004003a11500  IN   0.0        0        0  [cpuhp/33]
      180       2  33  ffff004003a16900  IN   0.0        0        0  [migration/33]
      181       2  33  ffff004003a10000  IN   0.0        0        0  [ksoftirqd/33]
      182       2  33  ffff004003a19500  ID   0.0        0        0  [kworker/33:0]
      183       2  33  ffff004003a1e900  ID   0.0        0        0  [kworker/33:0H]
      184       2  34  ffff004003a18000  IN   0.0        0        0  [cpuhp/34]
      185       2  34  ffff004003a1bf00  IN   0.0        0        0  [migration/34]
      186       2  34  ffff004003a1d400  IN   0.0        0        0  [ksoftirqd/34]
      187       2  34  ffff004003a1aa00  ID   0.0        0        0  [kworker/34:0]
      188       2  34  ffff004003a25400  ID   0.0        0        0  [kworker/34:0H]
      189       2  35  ffff004003a22a00  IN   0.0        0        0  [cpuhp/35]
      190       2  35  ffff004003a21500  IN   0.0        0        0  [migration/35]
      191       2  35  ffff004003a26900  IN   0.0        0        0  [ksoftirqd/35]
      193       2  35  ffff004003a23f00  ID   0.0        0        0  [kworker/35:0H]
      194       2  36  ffff004003c28000  IN   0.0        0        0  [cpuhp/36]
      195       2  36  ffff004003c2bf00  IN   0.0        0        0  [migration/36]
      196       2  36  ffff004003c2d400  IN   0.0        0        0  [ksoftirqd/36]
      197       2  36  ffff004003c2aa00  ID   0.0        0        0  [kworker/36:0]
      198       2  36  ffff004003c29500  ID   0.0        0        0  [kworker/36:0H]
      199       2  37  ffff004003c2e900  IN   0.0        0        0  [cpuhp/37]
      200       2  37  ffff004003c31500  IN   0.0        0        0  [migration/37]
      201       2  37  ffff004003c36900  IN   0.0        0        0  [ksoftirqd/37]
      203       2  37  ffff004003c33f00  ID   0.0        0        0  [kworker/37:0H]
      204       2  38  ffff004003c35400  IN   0.0        0        0  [cpuhp/38]
      205       2  38  ffff004003c32a00  IN   0.0        0        0  [migration/38]
      206       2  38  ffff004003c38000  IN   0.0        0        0  [ksoftirqd/38]
      207       2  38  ffff004003c3bf00  ID   0.0        0        0  [kworker/38:0]
      208       2  38  ffff004003c3d400  ID   0.0        0        0  [kworker/38:0H]
      209       2  39  ffff004003c3aa00  IN   0.0        0        0  [cpuhp/39]
      210       2  39  ffff004003c39500  IN   0.0        0        0  [migration/39]
      211       2  39  ffff004003c3e900  IN   0.0        0        0  [ksoftirqd/39]
      213       2  39  ffff004003c41500  ID   0.0        0        0  [kworker/39:0H]
      214       2  40  ffff004003c46900  IN   0.0        0        0  [cpuhp/40]
      215       2  40  ffff004003c40000  IN   0.0        0        0  [migration/40]
      216       2  40  ffff004003c43f00  IN   0.0        0        0  [ksoftirqd/40]
      218       2  40  ffff004003c49500  ID   0.0        0        0  [kworker/40:0H]
      219       2  41  ffff004003c4e900  IN   0.0        0        0  [cpuhp/41]
      220       2  41  ffff004003c48000  IN   0.0        0        0  [migration/41]
      221       2  41  ffff004003c4bf00  IN   0.0        0        0  [ksoftirqd/41]
      222       2  41  ffff004003c4d400  ID   0.0        0        0  [kworker/41:0]
      223       2  41  ffff004003c4aa00  ID   0.0        0        0  [kworker/41:0H]
      224       2  42  ffff004003c55400  IN   0.0        0        0  [cpuhp/42]
      225       2  42  ffff004003c52a00  IN   0.0        0        0  [migration/42]
      226       2  42  ffff004003c51500  IN   0.0        0        0  [ksoftirqd/42]
      228       2  42  ffff004003c50000  ID   0.0        0        0  [kworker/42:0H]
      229       2  43  ffff004003c53f00  IN   0.0        0        0  [cpuhp/43]
      230       2  43  ffff004003c58000  IN   0.0        0        0  [migration/43]
      231       2  43  ffff004003c5bf00  IN   0.0        0        0  [ksoftirqd/43]
      232       2  43  ffff004003c5d400  ID   0.0        0        0  [kworker/43:0]
      233       2  43  ffff004003c5aa00  ID   0.0        0        0  [kworker/43:0H]
      234       2  44  ffff004003c59500  IN   0.0        0        0  [cpuhp/44]
      235       2  44  ffff004003c5e900  IN   0.0        0        0  [migration/44]
      236       2  44  ffff00400424d400  IN   0.0        0        0  [ksoftirqd/44]
      238       2  44  ffff004004249500  ID   0.0        0        0  [kworker/44:0H]
      239       2  45  ffff00400424e900  IN   0.0        0        0  [cpuhp/45]
      240       2  45  ffff004004248000  IN   0.0        0        0  [migration/45]
      241       2  45  ffff00400424bf00  IN   0.0        0        0  [ksoftirqd/45]
      242       2  45  ffff004004253f00  ID   0.0        0        0  [kworker/45:0]
      243       2  45  ffff004004255400  ID   0.0        0        0  [kworker/45:0H]
      244       2  46  ffff004004252a00  IN   0.0        0        0  [cpuhp/46]
      245       2  46  ffff004004251500  IN   0.0        0        0  [migration/46]
      246       2  46  ffff004004256900  IN   0.0        0        0  [ksoftirqd/46]
      247       2  46  ffff004004250000  ID   0.0        0        0  [kworker/46:0]
      248       2  46  ffff004004266900  ID   0.0        0        0  [kworker/46:0H]
      249       2  47  ffff004004260000  IN   0.0        0        0  [cpuhp/47]
      250       2  47  ffff004004263f00  IN   0.0        0        0  [migration/47]
      251       2  47  ffff004004265400  IN   0.0        0        0  [ksoftirqd/47]
      252       2  47  ffff004004262a00  ID   0.0        0        0  [kworker/47:0]
      253       2  47  ffff004004261500  ID   0.0        0        0  [kworker/47:0H]
      254       2  48  ffff202003416900  IN   0.0        0        0  [cpuhp/48]
      255       2  48  ffff202003410000  IN   0.0        0        0  [migration/48]
      256       2  48  ffff202003413f00  IN   0.0        0        0  [ksoftirqd/48]
      257       2  48  ffff202003415400  ID   0.0        0        0  [kworker/48:0]
      258       2  48  ffff202003412a00  ID   0.0        0        0  [kworker/48:0H]
      259       2  49  ffff202003411500  IN   0.0        0        0  [cpuhp/49]
      260       2  49  ffff20200341d400  IN   0.0        0        0  [migration/49]
      261       2  49  ffff20200341aa00  IN   0.0        0        0  [ksoftirqd/49]
      262       2  49  ffff202003419500  ID   0.0        0        0  [kworker/49:0]
      263       2  49  ffff20200341e900  ID   0.0        0        0  [kworker/49:0H]
      264       2  50  ffff202003418000  IN   0.0        0        0  [cpuhp/50]
      265       2  50  ffff20200341bf00  IN   0.0        0        0  [migration/50]
      266       2  50  ffff2020036dbf00  IN   0.0        0        0  [ksoftirqd/50]
      267       2  50  ffff2020036dd400  ID   0.0        0        0  [kworker/50:0]
      268       2  50  ffff2020036daa00  ID   0.0        0        0  [kworker/50:0H]
      269       2  51  ffff2020036d9500  IN   0.0        0        0  [cpuhp/51]
      270       2  51  ffff2020036de900  IN   0.0        0        0  [migration/51]
      271       2  51  ffff2020036d8000  IN   0.0        0        0  [ksoftirqd/51]
      272       2  51  ffff2020036e2a00  ID   0.0        0        0  [kworker/51:0]
      273       2  51  ffff2020036e1500  ID   0.0        0        0  [kworker/51:0H]
      274       2  52  ffff2020036e6900  IN   0.0        0        0  [cpuhp/52]
      275       2  52  ffff2020036e0000  IN   0.0        0        0  [migration/52]
      276       2  52  ffff2020036e3f00  IN   0.0        0        0  [ksoftirqd/52]
      278       2  52  ffff2020036ee900  ID   0.0        0        0  [kworker/52:0H]
      279       2  53  ffff2020036e8000  IN   0.0        0        0  [cpuhp/53]
      280       2  53  ffff2020036ebf00  IN   0.0        0        0  [migration/53]
      281       2  53  ffff2020036ed400  IN   0.0        0        0  [ksoftirqd/53]
      283       2  53  ffff2020036e9500  ID   0.0        0        0  [kworker/53:0H]
      284       2  54  ffff2020036f3f00  IN   0.0        0        0  [cpuhp/54]
      285       2  54  ffff2020036f5400  IN   0.0        0        0  [migration/54]
      286       2  54  ffff2020036f2a00  IN   0.0        0        0  [ksoftirqd/54]
      287       2  54  ffff2020036f1500  ID   0.0        0        0  [kworker/54:0]
      288       2  54  ffff2020036f6900  ID   0.0        0        0  [kworker/54:0H]
      289       2  55  ffff2020036f0000  IN   0.0        0        0  [cpuhp/55]
      290       2  55  ffff2020036f9500  IN   0.0        0        0  [migration/55]
      291       2  55  ffff2020036fe900  IN   0.0        0        0  [ksoftirqd/55]
      292       2  55  ffff2020036f8000  ID   0.0        0        0  [kworker/55:0]
      293       2  55  ffff2020036fbf00  ID   0.0        0        0  [kworker/55:0H]
      294       2  56  ffff2020036fd400  IN   0.0        0        0  [cpuhp/56]
      295       2  56  ffff2020036faa00  IN   0.0        0        0  [migration/56]
      296       2  56  ffff202003705400  IN   0.0        0        0  [ksoftirqd/56]
      297       2  56  ffff202003702a00  ID   0.0        0        0  [kworker/56:0]
      298       2  56  ffff202003701500  ID   0.0        0        0  [kworker/56:0H]
      299       2  57  ffff202003706900  IN   0.0        0        0  [cpuhp/57]
      300       2  57  ffff202003700000  IN   0.0        0        0  [migration/57]
      301       2  57  ffff202003703f00  IN   0.0        0        0  [ksoftirqd/57]
      302       2  57  ffff20200370bf00  ID   0.0        0        0  [kworker/57:0]
      303       2  57  ffff20200370d400  ID   0.0        0        0  [kworker/57:0H]
      304       2  58  ffff20200370aa00  IN   0.0        0        0  [cpuhp/58]
      305       2  58  ffff202003709500  IN   0.0        0        0  [migration/58]
      306       2  58  ffff20200370e900  IN   0.0        0        0  [ksoftirqd/58]
      307       2  58  ffff202003708000  ID   0.0        0        0  [kworker/58:0]
      308       2  58  ffff20200390d400  ID   0.0        0        0  [kworker/58:0H]
      309       2  59  ffff20200390aa00  IN   0.0        0        0  [cpuhp/59]
      310       2  59  ffff202003909500  IN   0.0        0        0  [migration/59]
      311       2  59  ffff20200390e900  IN   0.0        0        0  [ksoftirqd/59]
      312       2  59  ffff202003908000  ID   0.0        0        0  [kworker/59:0]
      313       2  59  ffff20200390bf00  ID   0.0        0        0  [kworker/59:0H]
      314       2  60  ffff20200391bf00  IN   0.0        0        0  [cpuhp/60]
      315       2  60  ffff20200391d400  IN   0.0        0        0  [migration/60]
      316       2  60  ffff20200391aa00  IN   0.0        0        0  [ksoftirqd/60]
      317       2  60  ffff202003919500  ID   0.0        0        0  [kworker/60:0]
      318       2  60  ffff20200391e900  ID   0.0        0        0  [kworker/60:0H]
      319       2  61  ffff202003918000  IN   0.0        0        0  [cpuhp/61]
      320       2  61  ffff202003921500  IN   0.0        0        0  [migration/61]
      321       2  61  ffff202003926900  IN   0.0        0        0  [ksoftirqd/61]
      322       2  61  ffff202003920000  ID   0.0        0        0  [kworker/61:0]
      323       2  61  ffff202003923f00  ID   0.0        0        0  [kworker/61:0H]
      324       2  62  ffff202003925400  IN   0.0        0        0  [cpuhp/62]
      325       2  62  ffff202003922a00  IN   0.0        0        0  [migration/62]
      326       2  62  ffff202003929500  IN   0.0        0        0  [ksoftirqd/62]
      327       2  62  ffff20200392e900  ID   0.0        0        0  [kworker/62:0]
      328       2  62  ffff202003928000  ID   0.0        0        0  [kworker/62:0H]
      329       2  63  ffff20200392bf00  IN   0.0        0        0  [cpuhp/63]
      330       2  63  ffff20200392d400  IN   0.0        0        0  [migration/63]
      331       2  63  ffff20200392aa00  IN   0.0        0        0  [ksoftirqd/63]
      332       2  63  ffff202003936900  ID   0.0        0        0  [kworker/63:0]
      333       2  63  ffff202003930000  ID   0.0        0        0  [kworker/63:0H]
      334       2  64  ffff202003933f00  IN   0.0        0        0  [cpuhp/64]
      335       2  64  ffff202003935400  IN   0.0        0        0  [migration/64]
      336       2  64  ffff202003932a00  IN   0.0        0        0  [ksoftirqd/64]
      337       2  64  ffff202003931500  ID   0.0        0        0  [kworker/64:0]
      338       2  64  ffff202003939500  ID   0.0        0        0  [kworker/64:0H]
      339       2  65  ffff20200393e900  IN   0.0        0        0  [cpuhp/65]
      340       2  65  ffff202003938000  IN   0.0        0        0  [migration/65]
      341       2  65  ffff20200393bf00  IN   0.0        0        0  [ksoftirqd/65]
      342       2  65  ffff20200393d400  ID   0.0        0        0  [kworker/65:0]
      343       2  65  ffff20200393aa00  ID   0.0        0        0  [kworker/65:0H]
      344       2  66  ffff202003b39500  IN   0.0        0        0  [cpuhp/66]
      345       2  66  ffff202003b3e900  IN   0.0        0        0  [migration/66]
      346       2  66  ffff202003b38000  IN   0.0        0        0  [ksoftirqd/66]
      347       2  66  ffff202003b3bf00  ID   0.0        0        0  [kworker/66:0]
      348       2  66  ffff202003b3d400  ID   0.0        0        0  [kworker/66:0H]
      349       2  67  ffff202003b3aa00  IN   0.0        0        0  [cpuhp/67]
      350       2  67  ffff202003b41500  IN   0.0        0        0  [migration/67]
      351       2  67  ffff202003b46900  IN   0.0        0        0  [ksoftirqd/67]
      352       2  67  ffff202003b40000  ID   0.0        0        0  [kworker/67:0]
      353       2  67  ffff202003b43f00  ID   0.0        0        0  [kworker/67:0H]
      354       2  68  ffff202003b45400  IN   0.0        0        0  [cpuhp/68]
      355       2  68  ffff202003b42a00  IN   0.0        0        0  [migration/68]
      356       2  68  ffff202003b48000  IN   0.0        0        0  [ksoftirqd/68]
      357       2  68  ffff202003b4bf00  ID   0.0        0        0  [kworker/68:0]
      358       2  68  ffff202003b4d400  ID   0.0        0        0  [kworker/68:0H]
      359       2  69  ffff202003b4aa00  IN   0.0        0        0  [cpuhp/69]
      360       2  69  ffff202003b49500  IN   0.0        0        0  [migration/69]
      361       2  69  ffff202003b4e900  IN   0.0        0        0  [ksoftirqd/69]
      362       2  69  ffff202003b53f00  ID   0.0        0        0  [kworker/69:0]
      363       2  69  ffff202003b55400  ID   0.0        0        0  [kworker/69:0H]
      364       2  70  ffff202003b52a00  IN   0.0        0        0  [cpuhp/70]
      365       2  70  ffff202003b51500  IN   0.0        0        0  [migration/70]
      366       2  70  ffff202003b56900  IN   0.0        0        0  [ksoftirqd/70]
      367       2  70  ffff202003b50000  ID   0.0        0        0  [kworker/70:0]
      368       2  70  ffff202003b66900  ID   0.0        0        0  [kworker/70:0H]
      369       2  71  ffff202003b60000  IN   0.0        0        0  [cpuhp/71]
      370       2  71  ffff202003b63f00  IN   0.0        0        0  [migration/71]
      371       2  71  ffff202003b65400  IN   0.0        0        0  [ksoftirqd/71]
      372       2  71  ffff202003b62a00  ID   0.0        0        0  [kworker/71:0]
      373       2  71  ffff202003b61500  ID   0.0        0        0  [kworker/71:0H]
      374       2  72  ffff20400331e900  IN   0.0        0        0  [cpuhp/72]
      375       2  72  ffff204003318000  IN   0.0        0        0  [migration/72]
      376       2  72  ffff20400331bf00  IN   0.0        0        0  [ksoftirqd/72]
      377       2  72  ffff20400331d400  ID   0.0        0        0  [kworker/72:0]
      378       2  72  ffff20400331aa00  ID   0.0        0        0  [kworker/72:0H]
      379       2  73  ffff204003319500  IN   0.0        0        0  [cpuhp/73]
      380       2  73  ffff204003326900  IN   0.0        0        0  [migration/73]
      381       2  73  ffff204003320000  IN   0.0        0        0  [ksoftirqd/73]
      382       2  73  ffff204003323f00  ID   0.0        0        0  [kworker/73:0]
      383       2  73  ffff204003325400  ID   0.0        0        0  [kworker/73:0H]
      384       2  74  ffff204003322a00  IN   0.0        0        0  [cpuhp/74]
      385       2  74  ffff204003321500  IN   0.0        0        0  [migration/74]
      386       2  74  ffff20400332d400  IN   0.0        0        0  [ksoftirqd/74]
      387       2  74  ffff20400332aa00  ID   0.0        0        0  [kworker/74:0]
      388       2  74  ffff204003329500  ID   0.0        0        0  [kworker/74:0H]
      389       2  75  ffff20400332e900  IN   0.0        0        0  [cpuhp/75]
      390       2  75  ffff204003328000  IN   0.0        0        0  [migration/75]
      391       2  75  ffff20400332bf00  IN   0.0        0        0  [ksoftirqd/75]
      392       2  75  ffff204003335400  ID   0.0        0        0  [kworker/75:0]
      393       2  75  ffff204003332a00  ID   0.0        0        0  [kworker/75:0H]
      394       2  76  ffff204003331500  IN   0.0        0        0  [cpuhp/76]
      395       2  76  ffff204003336900  IN   0.0        0        0  [migration/76]
      396       2  76  ffff204003330000  IN   0.0        0        0  [ksoftirqd/76]
      398       2  76  ffff20400333e900  ID   0.0        0        0  [kworker/76:0H]
      399       2  77  ffff204003338000  IN   0.0        0        0  [cpuhp/77]
      400       2  77  ffff20400333bf00  IN   0.0        0        0  [migration/77]
      401       2  77  ffff20400333d400  IN   0.0        0        0  [ksoftirqd/77]
      402       2  77  ffff20400333aa00  ID   0.0        0        0  [kworker/77:0]
      403       2  77  ffff204003339500  ID   0.0        0        0  [kworker/77:0H]
      404       2  78  ffff2040036b9500  IN   0.0        0        0  [cpuhp/78]
      405       2  78  ffff2040036be900  IN   0.0        0        0  [migration/78]
      406       2  78  ffff2040036b8000  IN   0.0        0        0  [ksoftirqd/78]
      407       2  78  ffff2040036bbf00  ID   0.0        0        0  [kworker/78:0]
      408       2  78  ffff2040036bd400  ID   0.0        0        0  [kworker/78:0H]
      409       2  79  ffff2040036baa00  IN   0.0        0        0  [cpuhp/79]
      410       2  79  ffff2040036c5400  IN   0.0        0        0  [migration/79]
      411       2  79  ffff2040036c2a00  IN   0.0        0        0  [ksoftirqd/79]
      412       2  79  ffff2040036c1500  ID   0.0        0        0  [kworker/79:0]
      413       2  79  ffff2040036c6900  ID   0.0        0        0  [kworker/79:0H]
      414       2  80  ffff2040036c0000  IN   0.0        0        0  [cpuhp/80]
      415       2  80  ffff2040036c3f00  IN   0.0        0        0  [migration/80]
      416       2  80  ffff2040036cbf00  IN   0.0        0        0  [ksoftirqd/80]
      417       2  80  ffff2040036cd400  ID   0.0        0        0  [kworker/80:0]
      418       2  80  ffff2040036caa00  ID   0.0        0        0  [kworker/80:0H]
      419       2  81  ffff2040036c9500  IN   0.0        0        0  [cpuhp/81]
      420       2  81  ffff2040036ce900  IN   0.0        0        0  [migration/81]
      421       2  81  ffff2040036c8000  IN   0.0        0        0  [ksoftirqd/81]
      422       2  81  ffff2040036d3f00  ID   0.0        0        0  [kworker/81:0]
      423       2  81  ffff2040036d5400  ID   0.0        0        0  [kworker/81:0H]
      424       2  82  ffff2040036d2a00  IN   0.0        0        0  [cpuhp/82]
      425       2  82  ffff2040036d1500  IN   0.0        0        0  [migration/82]
      426       2  82  ffff2040036d6900  IN   0.0        0        0  [ksoftirqd/82]
      427       2  82  ffff2040036d0000  ID   0.0        0        0  [kworker/82:0]
      428       2  82  ffff2040036dbf00  ID   0.0        0        0  [kworker/82:0H]
      429       2  83  ffff2040036dd400  IN   0.0        0        0  [cpuhp/83]
      430       2  83  ffff2040036daa00  IN   0.0        0        0  [migration/83]
      431       2  83  ffff2040036d9500  IN   0.0        0        0  [ksoftirqd/83]
      432       2  83  ffff2040036de900  ID   0.0        0        0  [kworker/83:0]
      433       2  83  ffff2040036d8000  ID   0.0        0        0  [kworker/83:0H]
      434       2  84  ffff2040036ebf00  IN   0.0        0        0  [cpuhp/84]
      435       2  84  ffff2040036ed400  IN   0.0        0        0  [migration/84]
      436       2  84  ffff2040036eaa00  IN   0.0        0        0  [ksoftirqd/84]
      437       2  84  ffff2040036e9500  ID   0.0        0        0  [kworker/84:0]
      438       2  84  ffff2040036ee900  ID   0.0        0        0  [kworker/84:0H]
      439       2  85  ffff2040036e8000  IN   0.0        0        0  [cpuhp/85]
      440       2  85  ffff2040038ad400  IN   0.0        0        0  [migration/85]
      441       2  85  ffff2040038aaa00  IN   0.0        0        0  [ksoftirqd/85]
      442       2  85  ffff2040038a9500  ID   0.0        0        0  [kworker/85:0]
      443       2  85  ffff2040038ae900  ID   0.0        0        0  [kworker/85:0H]
      444       2  86  ffff2040038a8000  IN   0.0        0        0  [cpuhp/86]
      445       2  86  ffff2040038abf00  IN   0.0        0        0  [migration/86]
      446       2  86  ffff2040038b6900  IN   0.0        0        0  [ksoftirqd/86]
      448       2  86  ffff2040038b3f00  ID   0.0        0        0  [kworker/86:0H]
      449       2  87  ffff2040038b5400  IN   0.0        0        0  [cpuhp/87]
      450       2  87  ffff2040038b2a00  IN   0.0        0        0  [migration/87]
      451       2  87  ffff2040038b1500  IN   0.0        0        0  [ksoftirqd/87]
      453       2  87  ffff2040038bbf00  ID   0.0        0        0  [kworker/87:0H]
      454       2  88  ffff2040038bd400  IN   0.0        0        0  [cpuhp/88]
      455       2  88  ffff2040038baa00  IN   0.0        0        0  [migration/88]
      456       2  88  ffff2040038b9500  IN   0.0        0        0  [ksoftirqd/88]
      457       2  88  ffff2040038be900  ID   0.0        0        0  [kworker/88:0]
      458       2  88  ffff2040038c6900  ID   0.0        0        0  [kworker/88:0H]
      459       2  89  ffff2040038c0000  IN   0.0        0        0  [cpuhp/89]
      460       2  89  ffff2040038c3f00  IN   0.0        0        0  [migration/89]
      461       2  89  ffff2040038c5400  IN   0.0        0        0  [ksoftirqd/89]
      462       2  89  ffff2040038c2a00  ID   0.0        0        0  [kworker/89:0]
      463       2  89  ffff2040038c1500  ID   0.0        0        0  [kworker/89:0H]
      464       2  90  ffff2040038cd400  IN   0.0        0        0  [cpuhp/90]
      465       2  90  ffff2040038caa00  IN   0.0        0        0  [migration/90]
      466       2  90  ffff2040038c9500  IN   0.0        0        0  [ksoftirqd/90]
      467       2  90  ffff2040038ce900  ID   0.0        0        0  [kworker/90:0]
      468       2  90  ffff2040038c8000  ID   0.0        0        0  [kworker/90:0H]
      469       2  91  ffff2040038cbf00  IN   0.0        0        0  [cpuhp/91]
      470       2  91  ffff2040038d5400  IN   0.0        0        0  [migration/91]
      471       2  91  ffff2040038d2a00  IN   0.0        0        0  [ksoftirqd/91]
      472       2  91  ffff2040038d1500  ID   0.0        0        0  [kworker/91:0]
      473       2  91  ffff2040038d6900  ID   0.0        0        0  [kworker/91:0H]
      474       2  92  ffff2040038d0000  IN   0.0        0        0  [cpuhp/92]
      475       2  92  ffff2040038d3f00  IN   0.0        0        0  [migration/92]
      476       2  92  ffff2040038de900  IN   0.0        0        0  [ksoftirqd/92]
      477       2  92  ffff2040038d8000  ID   0.0        0        0  [kworker/92:0]
      478       2  92  ffff2040038dbf00  ID   0.0        0        0  [kworker/92:0H]
      479       2  93  ffff2040038dd400  IN   0.0        0        0  [cpuhp/93]
      480       2  93  ffff2040038daa00  IN   0.0        0        0  [migration/93]
      481       2  93  ffff2040038d9500  IN   0.0        0        0  [ksoftirqd/93]
      482       2  93  ffff204003ece900  ID   0.0        0        0  [kworker/93:0]
      483       2  93  ffff204003ec8000  ID   0.0        0        0  [kworker/93:0H]
      484       2  94  ffff204003ecbf00  IN   0.0        0        0  [cpuhp/94]
      485       2  94  ffff204003ecd400  IN   0.0        0        0  [migration/94]
      486       2  94  ffff204003ecaa00  IN   0.0        0        0  [ksoftirqd/94]
      487       2  94  ffff204003ec9500  ID   0.0        0        0  [kworker/94:0]
      488       2  94  ffff204003edbf00  ID   0.0        0        0  [kworker/94:0H]
      489       2  95  ffff204003edd400  IN   0.0        0        0  [cpuhp/95]
      490       2  95  ffff204003edaa00  IN   0.0        0        0  [migration/95]
      491       2  95  ffff204003ed9500  IN   0.0        0        0  [ksoftirqd/95]
      493       2  95  ffff204003ed8000  ID   0.0        0        0  [kworker/95:0H]
      494       2  96  ffff402003412a00  IN   0.0        0        0  [cpuhp/96]
      495       2  96  ffff402003411500  IN   0.0        0        0  [migration/96]
      496       2  96  ffff402003416900  IN   0.0        0        0  [ksoftirqd/96]
      497       2  96  ffff402003410000  ID   0.0        0        0  [kworker/96:0]
      498       2  96  ffff402003413f00  ID   0.0        0        0  [kworker/96:0H]
      499       2  97  ffff402003415400  IN   0.0        0        0  [cpuhp/97]
      500       2  97  ffff40200341e900  IN   0.0        0        0  [migration/97]
      501       2  97  ffff402003418000  IN   0.0        0        0  [ksoftirqd/97]
      503       2  97  ffff40200341d400  ID   0.0        0        0  [kworker/97:0H]
      504       2  98  ffff40200341aa00  IN   0.0        0        0  [cpuhp/98]
      505       2  98  ffff402003419500  IN   0.0        0        0  [migration/98]
      506       2  98  ffff402003713f00  IN   0.0        0        0  [ksoftirqd/98]
      507       2  98  ffff402003715400  ID   0.0        0        0  [kworker/98:0]
      508       2  98  ffff402003712a00  ID   0.0        0        0  [kworker/98:0H]
      509       2  99  ffff402003711500  IN   0.0        0        0  [cpuhp/99]
      510       2  99  ffff402003716900  IN   0.0        0        0  [migration/99]
      511       2  99  ffff402003710000  IN   0.0        0        0  [ksoftirqd/99]
      513       2  99  ffff402003718000  ID   0.0        0        0  [kworker/99:0H]
      514       2 100  ffff40200371bf00  IN   0.0        0        0  [cpuhp/100]
      515       2 100  ffff40200371d400  IN   0.0        0        0  [migration/100]
      516       2 100  ffff40200371aa00  IN   0.0        0        0  [ksoftirqd/100]
      517       2 100  ffff402003719500  ID   0.0        0        0  [kworker/100:0]
      518       2 100  ffff402003721500  ID   0.0        0        0  [kworker/100:0H]
      519       2 101  ffff402003726900  IN   0.0        0        0  [cpuhp/101]
      520       2 101  ffff402003720000  IN   0.0        0        0  [migration/101]
      521       2 101  ffff402003723f00  IN   0.0        0        0  [ksoftirqd/101]
      523       2 101  ffff402003722a00  ID   0.0        0        0  [kworker/101:0H]
      524       2 102  ffff40200372e900  IN   0.0        0        0  [cpuhp/102]
      525       2 102  ffff402003728000  IN   0.0        0        0  [migration/102]
      526       2 102  ffff40200372bf00  IN   0.0        0        0  [ksoftirqd/102]
      528       2 102  ffff40200372aa00  ID   0.0        0        0  [kworker/102:0H]
      529       2 103  ffff402003729500  IN   0.0        0        0  [cpuhp/103]
      530       2 103  ffff402003731500  IN   0.0        0        0  [migration/103]
      531       2 103  ffff402003736900  IN   0.0        0        0  [ksoftirqd/103]
      532       2 103  ffff402003730000  ID   0.0        0        0  [kworker/103:0]
      533       2 103  ffff402003733f00  ID   0.0        0        0  [kworker/103:0H]
      534       2 104  ffff402003735400  IN   0.0        0        0  [cpuhp/104]
      535       2 104  ffff402003732a00  IN   0.0        0        0  [migration/104]
      536       2 104  ffff402003738000  IN   0.0        0        0  [ksoftirqd/104]
      537       2 104  ffff40200373bf00  ID   0.0        0        0  [kworker/104:0]
      538       2 104  ffff40200373d400  ID   0.0        0        0  [kworker/104:0H]
      539       2 105  ffff40200373aa00  IN   0.0        0        0  [cpuhp/105]
      540       2 105  ffff402003739500  IN   0.0        0        0  [migration/105]
      541       2 105  ffff40200373e900  IN   0.0        0        0  [ksoftirqd/105]
      542       2 105  ffff402003740000  ID   0.0        0        0  [kworker/105:0]
      543       2 105  ffff402003743f00  ID   0.0        0        0  [kworker/105:0H]
      544       2 106  ffff402003745400  IN   0.0        0        0  [cpuhp/106]
      545       2 106  ffff402003742a00  IN   0.0        0        0  [migration/106]
      546       2 106  ffff402003741500  IN   0.0        0        0  [ksoftirqd/106]
      548       2 106  ffff402003946900  ID   0.0        0        0  [kworker/106:0H]
      549       2 107  ffff402003940000  IN   0.0        0        0  [cpuhp/107]
      550       2 107  ffff402003943f00  IN   0.0        0        0  [migration/107]
      551       2 107  ffff402003945400  IN   0.0        0        0  [ksoftirqd/107]
      553       2 107  ffff402003941500  ID   0.0        0        0  [kworker/107:0H]
      554       2 108  ffff402003955400  IN   0.0        0        0  [cpuhp/108]
      555       2 108  ffff402003952a00  IN   0.0        0        0  [migration/108]
      556       2 108  ffff402003951500  IN   0.0        0        0  [ksoftirqd/108]
      558       2 108  ffff402003950000  ID   0.0        0        0  [kworker/108:0H]
      559       2 109  ffff402003953f00  IN   0.0        0        0  [cpuhp/109]
      560       2 109  ffff402003959500  IN   0.0        0        0  [migration/109]
      561       2 109  ffff40200395e900  IN   0.0        0        0  [ksoftirqd/109]
      563       2 109  ffff40200395bf00  ID   0.0        0        0  [kworker/109:0H]
      564       2 110  ffff40200395d400  IN   0.0        0        0  [cpuhp/110]
      565       2 110  ffff40200395aa00  IN   0.0        0        0  [migration/110]
      566       2 110  ffff402003961500  IN   0.0        0        0  [ksoftirqd/110]
      568       2 110  ffff402003960000  ID   0.0        0        0  [kworker/110:0H]
      569       2 111  ffff402003963f00  IN   0.0        0        0  [cpuhp/111]
      570       2 111  ffff402003965400  IN   0.0        0        0  [migration/111]
      571       2 111  ffff402003962a00  IN   0.0        0        0  [ksoftirqd/111]
      573       2 111  ffff40200396d400  ID   0.0        0        0  [kworker/111:0H]
      574       2 112  ffff40200396aa00  IN   0.0        0        0  [cpuhp/112]
      575       2 112  ffff402003969500  IN   0.0        0        0  [migration/112]
      576       2 112  ffff40200396e900  IN   0.0        0        0  [ksoftirqd/112]
      578       2 112  ffff402003975400  ID   0.0        0        0  [kworker/112:0H]
      579       2 113  ffff402003972a00  IN   0.0        0        0  [cpuhp/113]
      580       2 113  ffff402003971500  IN   0.0        0        0  [migration/113]
      581       2 113  ffff402003976900  IN   0.0        0        0  [ksoftirqd/113]
      582       2 113  ffff402003970000  ID   0.0        0        0  [kworker/113:0]
      583       2 113  ffff402003973f00  ID   0.0        0        0  [kworker/113:0H]
      584       2 114  ffff402003b73f00  IN   0.0        0        0  [cpuhp/114]
      585       2 114  ffff402003b75400  IN   0.0        0        0  [migration/114]
      586       2 114  ffff402003b72a00  IN   0.0        0        0  [ksoftirqd/114]
      587       2 114  ffff402003b71500  ID   0.0        0        0  [kworker/114:0]
      588       2 114  ffff402003b76900  ID   0.0        0        0  [kworker/114:0H]
      589       2 115  ffff402003b70000  IN   0.0        0        0  [cpuhp/115]
      590       2 115  ffff402003b7aa00  IN   0.0        0        0  [migration/115]
      591       2 115  ffff402003b79500  IN   0.0        0        0  [ksoftirqd/115]
      592       2 115  ffff402003b7e900  ID   0.0        0        0  [kworker/115:0]
      593       2 115  ffff402003b78000  ID   0.0        0        0  [kworker/115:0H]
      594       2 116  ffff402003b7bf00  IN   0.0        0        0  [cpuhp/116]
      595       2 116  ffff402003b7d400  IN   0.0        0        0  [migration/116]
      596       2 116  ffff402003b86900  IN   0.0        0        0  [ksoftirqd/116]
      598       2 116  ffff402003b83f00  ID   0.0        0        0  [kworker/116:0H]
      599       2 117  ffff402003b85400  IN   0.0        0        0  [cpuhp/117]
      600       2 117  ffff402003b82a00  IN   0.0        0        0  [migration/117]
      601       2 117  ffff402003b81500  IN   0.0        0        0  [ksoftirqd/117]
      602       2 117  ffff402003b8aa00  ID   0.0        0        0  [kworker/117:0]
      603       2 117  ffff402003b89500  ID   0.0        0        0  [kworker/117:0H]
      604       2 118  ffff402003b8e900  IN   0.0        0        0  [cpuhp/118]
      605       2 118  ffff402003b88000  IN   0.0        0        0  [migration/118]
      606       2 118  ffff402003b8bf00  IN   0.0        0        0  [ksoftirqd/118]
      608       2 118  ffff402003b9d400  ID   0.0        0        0  [kworker/118:0H]
      609       2 119  ffff402003b9aa00  IN   0.0        0        0  [cpuhp/119]
      610       2 119  ffff402003b99500  IN   0.0        0        0  [migration/119]
      611       2 119  ffff402003b9e900  IN   0.0        0        0  [ksoftirqd/119]
      612       2 119  ffff402003b98000  ID   0.0        0        0  [kworker/119:0]
      613       2 119  ffff402003b9bf00  ID   0.0        0        0  [kworker/119:0H]
      614       2 120  ffff40400332d400  IN   0.0        0        0  [cpuhp/120]
      615       2 120  ffff40400332aa00  IN   0.0        0        0  [migration/120]
      616       2 120  ffff404003329500  IN   0.0        0        0  [ksoftirqd/120]
      617       2 120  ffff40400332e900  ID   0.0        0        0  [kworker/120:0]
      618       2 120  ffff404003328000  ID   0.0        0        0  [kworker/120:0H]
      619       2 121  ffff40400332bf00  IN   0.0        0        0  [cpuhp/121]
      620       2 121  ffff404003335400  IN   0.0        0        0  [migration/121]
      621       2 121  ffff404003332a00  IN   0.0        0        0  [ksoftirqd/121]
      622       2 121  ffff404003331500  ID   0.0        0        0  [kworker/121:0]
      623       2 121  ffff404003336900  ID   0.0        0        0  [kworker/121:0H]
      624       2 122  ffff404003330000  IN   0.0        0        0  [cpuhp/122]
      625       2 122  ffff404003333f00  IN   0.0        0        0  [migration/122]
      626       2 122  ffff40400333aa00  IN   0.0        0        0  [ksoftirqd/122]
      628       2 122  ffff40400333e900  ID   0.0        0        0  [kworker/122:0H]
      629       2 123  ffff404003338000  IN   0.0        0        0  [cpuhp/123]
      630       2 123  ffff40400333bf00  IN   0.0        0        0  [migration/123]
      631       2 123  ffff40400333d400  IN   0.0        0        0  [ksoftirqd/123]
      633       2 123  ffff4040035fbf00  ID   0.0        0        0  [kworker/123:0H]
      634       2 124  ffff4040035fd400  IN   0.0        0        0  [cpuhp/124]
      635       2 124  ffff4040035faa00  IN   0.0        0        0  [migration/124]
      636       2 124  ffff4040035f9500  IN   0.0        0        0  [ksoftirqd/124]
      638       2 124  ffff404003606900  ID   0.0        0        0  [kworker/124:0H]
      639       2 125  ffff404003600000  IN   0.0        0        0  [cpuhp/125]
      640       2 125  ffff404003603f00  IN   0.0        0        0  [migration/125]
      641       2 125  ffff404003605400  IN   0.0        0        0  [ksoftirqd/125]
      643       2 125  ffff404003601500  ID   0.0        0        0  [kworker/125:0H]
      644       2 126  ffff404003609500  IN   0.0        0        0  [cpuhp/126]
      645       2 126  ffff40400360e900  IN   0.0        0        0  [migration/126]
      646       2 126  ffff404003608000  IN   0.0        0        0  [ksoftirqd/126]
      647       2 126  ffff40400360bf00  ID   0.0        0        0  [kworker/126:0]
      648       2 126  ffff40400360d400  ID   0.0        0        0  [kworker/126:0H]
      649       2 127  ffff40400360aa00  IN   0.0        0        0  [cpuhp/127]
      650       2 127  ffff404003610000  IN   0.0        0        0  [migration/127]
      651       2 127  ffff404003613f00  IN   0.0        0        0  [ksoftirqd/127]
      652       2 127  ffff404003615400  ID   0.0        0        0  [kworker/127:0]
      653       2 127  ffff404003612a00  ID   0.0        0        0  [kworker/127:0H]
      654       2 128  ffff404003611500  IN   0.0        0        0  [cpuhp/128]
      655       2 128  ffff404003616900  IN   0.0        0        0  [migration/128]
      656       2 128  ffff404003618000  IN   0.0        0        0  [ksoftirqd/128]
      658       2 128  ffff40400361d400  ID   0.0        0        0  [kworker/128:0H]
      659       2 129  ffff40400361aa00  IN   0.0        0        0  [cpuhp/129]
      660       2 129  ffff404003619500  IN   0.0        0        0  [migration/129]
      661       2 129  ffff40400361e900  IN   0.0        0        0  [ksoftirqd/129]
      663       2 129  ffff404003625400  ID   0.0        0        0  [kworker/129:0H]
      664       2 130  ffff404003622a00  IN   0.0        0        0  [cpuhp/130]
      665       2 130  ffff404003621500  IN   0.0        0        0  [migration/130]
      666       2 130  ffff404003626900  IN   0.0        0        0  [ksoftirqd/130]
      668       2 130  ffff40400362d400  ID   0.0        0        0  [kworker/130:0H]
      669       2 131  ffff40400362aa00  IN   0.0        0        0  [cpuhp/131]
      670       2 131  ffff404003629500  IN   0.0        0        0  [migration/131]
      671       2 131  ffff40400362e900  IN   0.0        0        0  [ksoftirqd/131]
      672       2 131  ffff404003628000  ID   0.0        0        0  [kworker/131:0]
      673       2 131  ffff40400362bf00  ID   0.0        0        0  [kworker/131:0H]
      674       2 132  ffff4040037f5400  IN   0.0        0        0  [cpuhp/132]
      675       2 132  ffff4040037f2a00  IN   0.0        0        0  [migration/132]
      676       2 132  ffff4040037f1500  IN   0.0        0        0  [ksoftirqd/132]
      678       2 132  ffff4040037f0000  ID   0.0        0        0  [kworker/132:0H]
      679       2 133  ffff4040037f3f00  IN   0.0        0        0  [cpuhp/133]
      680       2 133  ffff4040037f9500  IN   0.0        0        0  [migration/133]
      681       2 133  ffff4040037fe900  IN   0.0        0        0  [ksoftirqd/133]
      682       2 133  ffff4040037f8000  ID   0.0        0        0  [kworker/133:0]
      683       2 133  ffff4040037fbf00  ID   0.0        0        0  [kworker/133:0H]
      684       2 134  ffff4040037fd400  IN   0.0        0        0  [cpuhp/134]
      685       2 134  ffff4040037faa00  IN   0.0        0        0  [migration/134]
      686       2 134  ffff404003801500  IN   0.0        0        0  [ksoftirqd/134]
      688       2 134  ffff404003800000  ID   0.0        0        0  [kworker/134:0H]
      689       2 135  ffff404003803f00  IN   0.0        0        0  [cpuhp/135]
      690       2 135  ffff404003805400  IN   0.0        0        0  [migration/135]
      691       2 135  ffff404003802a00  IN   0.0        0        0  [ksoftirqd/135]
      692       2 135  ffff404003808000  ID   0.0        0        0  [kworker/135:0]
      693       2 135  ffff40400380bf00  ID   0.0        0        0  [kworker/135:0H]
      694       2 136  ffff40400380d400  IN   0.0        0        0  [cpuhp/136]
      695       2 136  ffff40400380aa00  IN   0.0        0        0  [migration/136]
      696       2 136  ffff404003809500  IN   0.0        0        0  [ksoftirqd/136]
      698       2 136  ffff404003811500  ID   0.0        0        0  [kworker/136:0H]
      699       2 137  ffff404003816900  IN   0.0        0        0  [cpuhp/137]
      700       2 137  ffff404003810000  IN   0.0        0        0  [migration/137]
      701       2 137  ffff404003813f00  IN   0.0        0        0  [ksoftirqd/137]
      703       2 137  ffff404003812a00  ID   0.0        0        0  [kworker/137:0H]
      704       2 138  ffff404003819500  IN   0.0        0        0  [cpuhp/138]
      705       2 138  ffff40400381e900  IN   0.0        0        0  [migration/138]
      706       2 138  ffff404003818000  IN   0.0        0        0  [ksoftirqd/138]
      708       2 138  ffff40400381d400  ID   0.0        0        0  [kworker/138:0H]
      709       2 139  ffff40400381aa00  IN   0.0        0        0  [cpuhp/139]
      710       2 139  ffff404003e4aa00  IN   0.0        0        0  [migration/139]
      711       2 139  ffff404003e49500  IN   0.0        0        0  [ksoftirqd/139]
      712       2 139  ffff404003e4e900  ID   0.0        0        0  [kworker/139:0]
      713       2 139  ffff404003e48000  ID   0.0        0        0  [kworker/139:0H]
      714       2 140  ffff404003e4bf00  IN   0.0        0        0  [cpuhp/140]
      715       2 140  ffff404003e4d400  IN   0.0        0        0  [migration/140]
      716       2 140  ffff404003e53f00  IN   0.0        0        0  [ksoftirqd/140]
      718       2 140  ffff404003e52a00  ID   0.0        0        0  [kworker/140:0H]
      719       2 141  ffff404003e51500  IN   0.0        0        0  [cpuhp/141]
      720       2 141  ffff404003e56900  IN   0.0        0        0  [migration/141]
      721       2 141  ffff404003e50000  IN   0.0        0        0  [ksoftirqd/141]
      722       2 141  ffff404003e5bf00  ID   0.0        0        0  [kworker/141:0]
      723       2 141  ffff404003e5d400  ID   0.0        0        0  [kworker/141:0H]
      724       2 142  ffff404003e5aa00  IN   0.0        0        0  [cpuhp/142]
      725       2 142  ffff404003e59500  IN   0.0        0        0  [migration/142]
      726       2 142  ffff404003e5e900  IN   0.0        0        0  [ksoftirqd/142]
      728       2 142  ffff404003e6e900  ID   0.0        0        0  [kworker/142:0H]
      729       2 143  ffff404003e68000  IN   0.0        0        0  [cpuhp/143]
      730       2 143  ffff404003e6bf00  IN   0.0        0        0  [migration/143]
      731       2 143  ffff404003e6d400  IN   0.0        0        0  [ksoftirqd/143]
      732       2 143  ffff404003e6aa00  ID   0.0        0        0  [kworker/143:0]
      733       2 143  ffff404003e69500  ID   0.0        0        0  [kworker/143:0H]
      734       2 144  ffff602003415400  IN   0.0        0        0  [cpuhp/144]
      735       2 144  ffff602003412a00  IN   0.0        0        0  [migration/144]
      736       2 144  ffff602003411500  IN   0.0        0        0  [ksoftirqd/144]
      738       2 144  ffff602003410000  ID   0.0        0        0  [kworker/144:0H]
      739       2 145  ffff602003413f00  IN   0.0        0        0  [cpuhp/145]
      740       2 145  ffff60200341bf00  IN   0.0        0        0  [migration/145]
      741       2 145  ffff60200341d400  IN   0.0        0        0  [ksoftirqd/145]
      742       2 145  ffff60200341aa00  ID   0.0        0        0  [kworker/145:0]
      743       2 145  ffff602003419500  ID   0.0        0        0  [kworker/145:0H]
      744       2 146  ffff60200341e900  IN   0.0        0        0  [cpuhp/146]
      745       2 146  ffff602003418000  IN   0.0        0        0  [migration/146]
      746       2 146  ffff6020036d8000  IN   0.0        0        0  [ksoftirqd/146]
      747       2 146  ffff6020036dbf00  ID   0.0        0        0  [kworker/146:0]
      748       2 146  ffff6020036dd400  ID   0.0        0        0  [kworker/146:0H]
      749       2 147  ffff6020036daa00  IN   0.0        0        0  [cpuhp/147]
      750       2 147  ffff6020036d9500  IN   0.0        0        0  [migration/147]
      751       2 147  ffff6020036de900  IN   0.0        0        0  [ksoftirqd/147]
      752       2 147  ffff6020036e0000  ID   0.0        0        0  [kworker/147:0]
      753       2 147  ffff6020036e3f00  ID   0.0        0        0  [kworker/147:0H]
      754       2 148  ffff6020036e5400  IN   0.0        0        0  [cpuhp/148]
      755       2 148  ffff6020036e2a00  IN   0.0        0        0  [migration/148]
      756       2 148  ffff6020036e1500  IN   0.0        0        0  [ksoftirqd/148]
      757       2 148  ffff6020036e6900  ID   0.0        0        0  [kworker/148:0]
      758       2 148  ffff6020036ee900  ID   0.0        0        0  [kworker/148:0H]
      759       2 149  ffff6020036e8000  IN   0.0        0        0  [cpuhp/149]
      760       2 149  ffff6020036ebf00  IN   0.0        0        0  [migration/149]
      761       2 149  ffff6020036ed400  IN   0.0        0        0  [ksoftirqd/149]
      762       2 149  ffff6020036eaa00  ID   0.0        0        0  [kworker/149:0]
      763       2 149  ffff6020036e9500  ID   0.0        0        0  [kworker/149:0H]
      764       2 150  ffff6020036f6900  IN   0.0        0        0  [cpuhp/150]
      765       2 150  ffff6020036f0000  IN   0.0        0        0  [migration/150]
      766       2 150  ffff6020036f3f00  IN   0.0        0        0  [ksoftirqd/150]
      768       2 150  ffff6020036f2a00  ID   0.0        0        0  [kworker/150:0H]
      769       2 151  ffff6020036f1500  IN   0.0        0        0  [cpuhp/151]
      770       2 151  ffff6020036fd400  IN   0.0        0        0  [migration/151]
      771       2 151  ffff6020036faa00  IN   0.0        0        0  [ksoftirqd/151]
      772       2 151  ffff6020036f9500  ID   0.0        0        0  [kworker/151:0]
      773       2 151  ffff6020036fe900  ID   0.0        0        0  [kworker/151:0H]
      774       2 152  ffff6020036f8000  IN   0.0        0        0  [cpuhp/152]
      775       2 152  ffff6020036fbf00  IN   0.0        0        0  [migration/152]
      776       2 152  ffff602003700000  IN   0.0        0        0  [ksoftirqd/152]
      777       2 152  ffff602003703f00  ID   0.0        0        0  [kworker/152:0]
      778       2 152  ffff602003705400  ID   0.0        0        0  [kworker/152:0H]
      779       2 153  ffff602003702a00  IN   0.0        0        0  [cpuhp/153]
      780       2 153  ffff602003701500  IN   0.0        0        0  [migration/153]
      781       2 153  ffff602003706900  IN   0.0        0        0  [ksoftirqd/153]
      782       2 153  ffff602003709500  ID   0.0        0        0  [kworker/153:0]
      783       2 153  ffff60200370e900  ID   0.0        0        0  [kworker/153:0H]
      784       2 154  ffff602003708000  IN   0.0        0        0  [cpuhp/154]
      785       2 154  ffff60200370bf00  IN   0.0        0        0  [migration/154]
      786       2 154  ffff60200370d400  IN   0.0        0        0  [ksoftirqd/154]
      787       2 154  ffff60200370aa00  ID   0.0        0        0  [kworker/154:0]
      788       2 154  ffff60200390aa00  ID   0.0        0        0  [kworker/154:0H]
      789       2 155  ffff602003909500  IN   0.0        0        0  [cpuhp/155]
      790       2 155  ffff60200390e900  IN   0.0        0        0  [migration/155]
      791       2 155  ffff602003908000  IN   0.0        0        0  [ksoftirqd/155]
      792       2 155  ffff60200390bf00  ID   0.0        0        0  [kworker/155:0]
      793       2 155  ffff60200390d400  ID   0.0        0        0  [kworker/155:0H]
      794       2 156  ffff602003919500  IN   0.0        0        0  [cpuhp/156]
      795       2 156  ffff60200391e900  IN   0.0        0        0  [migration/156]
      796       2 156  ffff602003918000  IN   0.0        0        0  [ksoftirqd/156]
      797       2 156  ffff60200391bf00  ID   0.0        0        0  [kworker/156:0]
      798       2 156  ffff60200391d400  ID   0.0        0        0  [kworker/156:0H]
      799       2 157  ffff60200391aa00  IN   0.0        0        0  [cpuhp/157]
      800       2 157  ffff602003920000  IN   0.0        0        0  [migration/157]
      801       2 157  ffff602003923f00  IN   0.0        0        0  [ksoftirqd/157]
      802       2 157  ffff602003925400  ID   0.0        0        0  [kworker/157:0]
      803       2 157  ffff602003922a00  ID   0.0        0        0  [kworker/157:0H]
      804       2 158  ffff602003921500  IN   0.0        0        0  [cpuhp/158]
      805       2 158  ffff602003926900  IN   0.0        0        0  [migration/158]
      806       2 158  ffff60200392aa00  IN   0.0        0        0  [ksoftirqd/158]
      807       2 158  ffff602003929500  ID   0.0        0        0  [kworker/158:0]
      808       2 158  ffff60200392e900  ID   0.0        0        0  [kworker/158:0H]
      809       2 159  ffff602003928000  IN   0.0        0        0  [cpuhp/159]
      810       2 159  ffff60200392bf00  IN   0.0        0        0  [migration/159]
      811       2 159  ffff60200392d400  IN   0.0        0        0  [ksoftirqd/159]
      812       2 159  ffff602003935400  ID   0.0        0        0  [kworker/159:0]
      813       2 159  ffff602003932a00  ID   0.0        0        0  [kworker/159:0H]
      814       2 160  ffff602003931500  IN   0.0        0        0  [cpuhp/160]
      815       2 160  ffff602003936900  IN   0.0        0        0  [migration/160]
      816       2 160  ffff602003930000  IN   0.0        0        0  [ksoftirqd/160]
      817       2 160  ffff602003933f00  ID   0.0        0        0  [kworker/160:0]
      818       2 160  ffff602003938000  ID   0.0        0        0  [kworker/160:0H]
      819       2 161  ffff60200393bf00  IN   0.0        0        0  [cpuhp/161]
      820       2 161  ffff60200393d400  IN   0.0        0        0  [migration/161]
      821       2 161  ffff60200393aa00  IN   0.0        0        0  [ksoftirqd/161]
      822       2 161  ffff602003939500  ID   0.0        0        0  [kworker/161:0]
      823       2 161  ffff60200393e900  ID   0.0        0        0  [kworker/161:0H]
      824       2 162  ffff602003f2d400  IN   0.0        0        0  [cpuhp/162]
      825       2 162  ffff602003f2aa00  IN   0.0        0        0  [migration/162]
      826       2 162  ffff602003f29500  IN   0.0        0        0  [ksoftirqd/162]
      827       2 162  ffff602003f2e900  ID   0.0        0        0  [kworker/162:0]
      828       2 162  ffff602003f28000  ID   0.0        0        0  [kworker/162:0H]
      829       2 163  ffff602003f2bf00  IN   0.0        0        0  [cpuhp/163]
      830       2 163  ffff602003f30000  IN   0.0        0        0  [migration/163]
      831       2 163  ffff602003f33f00  IN   0.0        0        0  [ksoftirqd/163]
      832       2 163  ffff602003f35400  ID   0.0        0        0  [kworker/163:0]
      833       2 163  ffff602003f32a00  ID   0.0        0        0  [kworker/163:0H]
      834       2 164  ffff602003f31500  IN   0.0        0        0  [cpuhp/164]
      835       2 164  ffff602003f36900  IN   0.0        0        0  [migration/164]
      836       2 164  ffff602003f3bf00  IN   0.0        0        0  [ksoftirqd/164]
      837       2 164  ffff602003f3d400  ID   0.0        0        0  [kworker/164:0]
      838       2 164  ffff602003f3aa00  ID   0.0        0        0  [kworker/164:0H]
      839       2 165  ffff602003f39500  IN   0.0        0        0  [cpuhp/165]
      840       2 165  ffff602003f3e900  IN   0.0        0        0  [migration/165]
      841       2 165  ffff602003f38000  IN   0.0        0        0  [ksoftirqd/165]
      842       2 165  ffff602003f43f00  ID   0.0        0        0  [kworker/165:0]
      843       2 165  ffff602003f45400  ID   0.0        0        0  [kworker/165:0H]
      844       2 166  ffff602003f42a00  IN   0.0        0        0  [cpuhp/166]
      845       2 166  ffff602003f41500  IN   0.0        0        0  [migration/166]
      846       2 166  ffff602003f46900  IN   0.0        0        0  [ksoftirqd/166]
      847       2 166  ffff602003f40000  ID   0.0        0        0  [kworker/166:0]
      848       2 166  ffff602003f50000  ID   0.0        0        0  [kworker/166:0H]
      849       2 167  ffff602003f53f00  IN   0.0        0        0  [cpuhp/167]
      850       2 167  ffff602003f55400  IN   0.0        0        0  [migration/167]
      851       2 167  ffff602003f52a00  IN   0.0        0        0  [ksoftirqd/167]
      852       2 167  ffff602003f51500  ID   0.0        0        0  [kworker/167:0]
      853       2 167  ffff602003f56900  ID   0.0        0        0  [kworker/167:0H]
      854       2 168  ffff604003298000  IN   0.0        0        0  [cpuhp/168]
      855       2 168  ffff60400329bf00  IN   0.0        0        0  [migration/168]
      856       2 168  ffff60400329d400  IN   0.0        0        0  [ksoftirqd/168]
      857       2 168  ffff60400329aa00  ID   0.0        0        0  [kworker/168:0]
      858       2 168  ffff604003299500  ID   0.0        0        0  [kworker/168:0H]
      859       2 169  ffff60400329e900  IN   0.0        0        0  [cpuhp/169]
      860       2 169  ffff6040032a6900  IN   0.0        0        0  [migration/169]
      861       2 169  ffff6040032a0000  IN   0.0        0        0  [ksoftirqd/169]
      862       2 169  ffff6040032a3f00  ID   0.0        0        0  [kworker/169:0]
      863       2 169  ffff6040032a5400  ID   0.0        0        0  [kworker/169:0H]
      864       2 170  ffff6040032a2a00  IN   0.0        0        0  [cpuhp/170]
      865       2 170  ffff6040032a1500  IN   0.0        0        0  [migration/170]
      866       2 170  ffff6040032ad400  IN   0.0        0        0  [ksoftirqd/170]
      867       2 170  ffff6040032aaa00  ID   0.0        0        0  [kworker/170:0]
      868       2 170  ffff6040032a9500  ID   0.0        0        0  [kworker/170:0H]
      869       2 171  ffff6040032ae900  IN   0.0        0        0  [cpuhp/171]
      870       2 171  ffff6040032a8000  IN   0.0        0        0  [migration/171]
      871       2 171  ffff6040032abf00  IN   0.0        0        0  [ksoftirqd/171]
      872       2 171  ffff6040032b2a00  ID   0.0        0        0  [kworker/171:0]
      873       2 171  ffff6040032b1500  ID   0.0        0        0  [kworker/171:0H]
      874       2 172  ffff6040032b6900  IN   0.0        0        0  [cpuhp/172]
      875       2 172  ffff6040032b0000  IN   0.0        0        0  [migration/172]
      876       2 172  ffff6040032b3f00  IN   0.0        0        0  [ksoftirqd/172]
      877       2 172  ffff6040032b5400  ID   0.0        0        0  [kworker/172:0]
      878       2 172  ffff6040032b8000  ID   0.0        0        0  [kworker/172:0H]
      879       2 173  ffff6040032bbf00  IN   0.0        0        0  [cpuhp/173]
      880       2 173  ffff6040032bd400  IN   0.0        0        0  [migration/173]
      881       2 173  ffff6040032baa00  IN   0.0        0        0  [ksoftirqd/173]
      882       2 173  ffff6040032b9500  ID   0.0        0        0  [kworker/173:0]
      883       2 173  ffff6040032be900  ID   0.0        0        0  [kworker/173:0H]
      884       2 174  ffff6040032c3f00  IN   0.0        0        0  [cpuhp/174]
      885       2 174  ffff6040032c5400  IN   0.0        0        0  [migration/174]
      886       2 174  ffff6040032c2a00  IN   0.0        0        0  [ksoftirqd/174]
      887       2 174  ffff6040032c1500  ID   0.0        0        0  [kworker/174:0]
      888       2 174  ffff6040032c6900  ID   0.0        0        0  [kworker/174:0H]
      889       2 175  ffff6040032c0000  IN   0.0        0        0  [cpuhp/175]
      890       2 175  ffff604003abd400  IN   0.0        0        0  [migration/175]
      891       2 175  ffff604003abaa00  IN   0.0        0        0  [ksoftirqd/175]
      892       2 175  ffff604003ab9500  ID   0.0        0        0  [kworker/175:0]
      893       2 175  ffff604003abe900  ID   0.0        0        0  [kworker/175:0H]
      894       2 176  ffff604003ab8000  IN   0.0        0        0  [cpuhp/176]
      895       2 176  ffff604003abbf00  IN   0.0        0        0  [migration/176]
      896       2 176  ffff604003ac6900  IN   0.0        0        0  [ksoftirqd/176]
      897       2 176  ffff604003ac0000  ID   0.0        0        0  [kworker/176:0]
      898       2 176  ffff604003ac3f00  ID   0.0        0        0  [kworker/176:0H]
      899       2 177  ffff604003ac5400  IN   0.0        0        0  [cpuhp/177]
      900       2 177  ffff604003ac2a00  IN   0.0        0        0  [migration/177]
      901       2 177  ffff604003ac1500  IN   0.0        0        0  [ksoftirqd/177]
      902       2 177  ffff604003acbf00  ID   0.0        0        0  [kworker/177:0]
      903       2 177  ffff604003acd400  ID   0.0        0        0  [kworker/177:0H]
      904       2 178  ffff604003acaa00  IN   0.0        0        0  [cpuhp/178]
      905       2 178  ffff604003ac9500  IN   0.0        0        0  [migration/178]
      906       2 178  ffff604003ace900  IN   0.0        0        0  [ksoftirqd/178]
      907       2 178  ffff604003ac8000  ID   0.0        0        0  [kworker/178:0]
      908       2 178  ffff604003ad3f00  ID   0.0        0        0  [kworker/178:0H]
      909       2 179  ffff604003ad5400  IN   0.0        0        0  [cpuhp/179]
      910       2 179  ffff604003ad2a00  IN   0.0        0        0  [migration/179]
      911       2 179  ffff604003ad1500  IN   0.0        0        0  [ksoftirqd/179]
      913       2 179  ffff604003ad0000  ID   0.0        0        0  [kworker/179:0H]
      914       2 180  ffff604003ae1500  IN   0.0        0        0  [cpuhp/180]
      915       2 180  ffff604003ae6900  IN   0.0        0        0  [migration/180]
      916       2 180  ffff604003ae0000  IN   0.0        0        0  [ksoftirqd/180]
      917       2 180  ffff604003ae3f00  ID   0.0        0        0  [kworker/180:0]
      918       2 180  ffff604003ae5400  ID   0.0        0        0  [kworker/180:0H]
      919       2 181  ffff604003ae2a00  IN   0.0        0        0  [cpuhp/181]
      920       2 181  ffff604003ae8000  IN   0.0        0        0  [migration/181]
      921       2 181  ffff604003aebf00  IN   0.0        0        0  [ksoftirqd/181]
      922       2 181  ffff604003aed400  ID   0.0        0        0  [kworker/181:0]
      923       2 181  ffff604003aeaa00  ID   0.0        0        0  [kworker/181:0H]
      924       2 182  ffff604003ae9500  IN   0.0        0        0  [cpuhp/182]
      925       2 182  ffff604003aee900  IN   0.0        0        0  [migration/182]
      926       2 182  ffff604003cabf00  IN   0.0        0        0  [ksoftirqd/182]
      927       2 182  ffff604003cad400  ID   0.0        0        0  [kworker/182:0]
      928       2 182  ffff604003caaa00  ID   0.0        0        0  [kworker/182:0H]
      929       2 183  ffff604003ca9500  IN   0.0        0        0  [cpuhp/183]
      930       2 183  ffff604003cae900  IN   0.0        0        0  [migration/183]
      931       2 183  ffff604003ca8000  IN   0.0        0        0  [ksoftirqd/183]
      932       2 183  ffff604003cb0000  ID   0.0        0        0  [kworker/183:0]
      933       2 183  ffff604003cb3f00  ID   0.0        0        0  [kworker/183:0H]
      934       2 184  ffff604003cb5400  IN   0.0        0        0  [cpuhp/184]
      935       2 184  ffff604003cb2a00  IN   0.0        0        0  [migration/184]
      936       2 184  ffff604003cb1500  IN   0.0        0        0  [ksoftirqd/184]
      937       2 184  ffff604003cb6900  ID   0.0        0        0  [kworker/184:0]
      938       2 184  ffff604003cbe900  ID   0.0        0        0  [kworker/184:0H]
      939       2 185  ffff604003cb8000  IN   0.0        0        0  [cpuhp/185]
      940       2 185  ffff604003cbbf00  IN   0.0        0        0  [migration/185]
      941       2 185  ffff604003cbd400  IN   0.0        0        0  [ksoftirqd/185]
      942       2 185  ffff604003cbaa00  ID   0.0        0        0  [kworker/185:0]
      943       2 185  ffff604003cb9500  ID   0.0        0        0  [kworker/185:0H]
      944       2 186  ffff604003cc0000  IN   0.0        0        0  [cpuhp/186]
      945       2 186  ffff604003cc3f00  IN   0.0        0        0  [migration/186]
      946       2 186  ffff604003cc5400  IN   0.0        0        0  [ksoftirqd/186]
      947       2 186  ffff604003cc2a00  ID   0.0        0        0  [kworker/186:0]
      948       2 186  ffff604003cc1500  ID   0.0        0        0  [kworker/186:0H]
      949       2 187  ffff604003cc6900  IN   0.0        0        0  [cpuhp/187]
      950       2 187  ffff604003ccbf00  IN   0.0        0        0  [migration/187]
      951       2 187  ffff604003ccd400  IN   0.0        0        0  [ksoftirqd/187]
      952       2 187  ffff604003ccaa00  ID   0.0        0        0  [kworker/187:0]
      953       2 187  ffff604003cc9500  ID   0.0        0        0  [kworker/187:0H]
      954       2 188  ffff604003cce900  IN   0.0        0        0  [cpuhp/188]
      955       2 188  ffff604003cc8000  IN   0.0        0        0  [migration/188]
      956       2 188  ffff604003cd3f00  IN   0.0        0        0  [ksoftirqd/188]
      957       2 188  ffff604003cd5400  ID   0.0        0        0  [kworker/188:0]
      958       2 188  ffff604003cd2a00  ID   0.0        0        0  [kworker/188:0H]
      959       2 189  ffff604003cd1500  IN   0.0        0        0  [cpuhp/189]
      960       2 189  ffff604003cd6900  IN   0.0        0        0  [migration/189]
      961       2 189  ffff604003cd0000  IN   0.0        0        0  [ksoftirqd/189]
      962       2 189  ffff604003cd8000  ID   0.0        0        0  [kworker/189:0]
      963       2 189  ffff604003cdbf00  ID   0.0        0        0  [kworker/189:0H]
      964       2 190  ffff604003cdd400  IN   0.0        0        0  [cpuhp/190]
      965       2 190  ffff604003cdaa00  IN   0.0        0        0  [migration/190]
      966       2 190  ffff604003cd9500  IN   0.0        0        0  [ksoftirqd/190]
      967       2 190  ffff604003cde900  ID   0.0        0        0  [kworker/190:0]
      968       2 190  ffff604004296900  ID   0.0        0        0  [kworker/190:0H]
      969       2 191  ffff604004290000  IN   0.0        0        0  [cpuhp/191]
      970       2 191  ffff604004293f00  IN   0.0        0        0  [migration/191]
      971       2 191  ffff604004295400  IN   0.0        0        0  [ksoftirqd/191]
      972       2 191  ffff604004292a00  ID   0.0        0        0  [kworker/191:0]
      973       2 191  ffff604004291500  ID   0.0        0        0  [kworker/191:0H]
      974       2 191  ffff60400429bf00  ID   0.0        0        0  [kworker/191:1]
      975       2   6  ffff00202618bf00  ID   0.0        0        0  [kworker/u385:0]
      976       2  24  ffff00400438e900  ID   0.0        0        0  [kworker/u386:0]
      977       2  51  ffff2020040f1500  ID   0.0        0        0  [kworker/u387:0]
      978       2  74  ffff204003fbe900  ID   0.0        0        0  [kworker/u388:0]
      980       2 141  ffff404003fc2a00  ID   0.0        0        0  [kworker/u390:0]
      981       2 179  ffff6020040f2a00  ID   0.0        0        0  [kworker/u391:0]
      982       2 181  ffff60400429d400  ID   0.0        0        0  [kworker/u392:0]
      983       2   4  ffff60400429aa00  IN   0.0        0        0  [kdevtmpfs]
      984       2   7  ffff604004299500  ID   0.0        0        0  [kworker/R-inet_]
      985       2 181  ffff60400429e900  IN   0.0        0        0  [kauditd]
      987       2   2  ffff00202618aa00  ID   0.0        0        0  [kworker/2:2]
      988       2   9  ffff002026189500  IN   0.0        0        0  [khungtaskd]
      989       2   6  ffff00202618e900  ID   0.0        0        0  [kworker/u385:1]
      990       2  13  ffff002026188000  IN   0.0        0        0  [oom_reaper]
      991       2  14  ffff0020261f6900  ID   0.0        0        0  [kworker/R-write]
      992       2   2  ffff0020261f0000  IN   0.0        0        0  [kcompactd0]
      993       2  25  ffff0020261f3f00  IN   0.0        0        0  [kcompactd1]
      994       2  59  ffff0020261f5400  IN   0.0        0        0  [kcompactd2]
      995       2  81  ffff0020261f2a00  IN   0.0        0        0  [kcompactd3]
      996       2 105  ffff0020261f1500  IN   0.0        0        0  [kcompactd4]
      997       2 129  ffff002026203f00  IN   0.0        0        0  [kcompactd5]
      998       2 165  ffff002026205400  IN   0.0        0        0  [kcompactd6]
      999       2 182  ffff002026202a00  IN   0.0        0        0  [kcompactd7]
     1000       2  16  ffff002026201500  IN   0.0        0        0  [ksmd]
     1001       2 179  ffff002026206900  IN   0.0        0        0  [khugepaged]
     1002       2  24  ffff002026200000  ID   0.0        0        0  [kworker/R-kinte]
     1003       2  19  ffff00202620aa00  ID   0.0        0        0  [kworker/R-kbloc]
     1004       2  20  ffff002026209500  ID   0.0        0        0  [kworker/R-blkcg]
     1005       2   3  ffff00202620e900  ID   0.0        0        0  [kworker/3:1]
     1006       2   6  ffff0020267a2a00  ID   0.0        0        0  [kworker/6:1]
     1007       2   1  ffff0020267a1500  ID   0.0        0        0  [kworker/1:1]
     1008       2   7  ffff0020267a6900  ID   0.0        0        0  [kworker/7:1]
     1009       2   8  ffff0020267a0000  ID   0.0        0        0  [kworker/R-tpm_d]
     1010       2   9  ffff0020267a3f00  ID   0.0        0        0  [kworker/R-md]
     1011       2  10  ffff0020267a5400  ID   0.0        0        0  [kworker/R-md_bi]
     1012       2  11  ffff0020267c3f00  ID   0.0        0        0  [kworker/R-edac-]
     1013       2 179  ffff0020267c5400  ID   0.0        0        0  [kworker/u384:1]
     1014       2  13  ffff0020267c2a00  ID   0.0        0        0  [kworker/R-devfr]
     1015       2  14  ffff0020267c1500  IN   0.0        0        0  [watchdogd]
     1016       2  14  ffff0020267c6900  ID   0.0        0        0  [kworker/R-quota]
     1017       2   3  ffff0020267c0000  ID   0.0        0        0  [kworker/3:1H]
     1018       2   3  ffff0020267ce900  ID   0.0        0        0  [kworker/3:2]
     1019       2   4  ffff0020267c8000  ID   0.0        0        0  [kworker/4:1]
     1020       2   5  ffff0020267cbf00  ID   0.0        0        0  [kworker/5:1]
     1021       2   8  ffff0020267cd400  ID   0.0        0        0  [kworker/8:1]
     1022       2   9  ffff0020267caa00  ID   0.0        0        0  [kworker/9:1]
     1023       2  10  ffff0020267c9500  ID   0.0        0        0  [kworker/10:1]
     1024       2  11  ffff002028915400  ID   0.0        0        0  [kworker/11:1]
     1025       2  12  ffff002028912a00  ID   0.0        0        0  [kworker/12:1]
     1026       2  13  ffff002028911500  ID   0.0        0        0  [kworker/13:1]
     1027       2  14  ffff002028916900  ID   0.0        0        0  [kworker/14:1]
     1028       2  15  ffff002028910000  ID   0.0        0        0  [kworker/15:1]
     1029       2  16  ffff002028913f00  ID   0.0        0        0  [kworker/16:1]
     1030       2  17  ffff00202891bf00  ID   0.0        0        0  [kworker/17:1]
     1031       2  18  ffff00202891d400  ID   0.0        0        0  [kworker/18:1]
     1032       2  19  ffff00202891aa00  ID   0.0        0        0  [kworker/19:1]
     1033       2  20  ffff002028919500  ID   0.0        0        0  [kworker/20:1]
     1034       2  21  ffff00202891e900  ID   0.0        0        0  [kworker/21:1]
     1035       2  22  ffff002028918000  ID   0.0        0        0  [kworker/22:1]
     1036       2  23  ffff00202892e900  ID   0.0        0        0  [kworker/23:1]
     1037       2  24  ffff004004388000  ID   0.0        0        0  [kworker/24:1]
     1038       2  25  ffff00400438bf00  ID   0.0        0        0  [kworker/25:1]
     1039       2  26  ffff00400438d400  ID   0.0        0        0  [kworker/26:1]
     1040       2  27  ffff00400438aa00  ID   0.0        0        0  [kworker/27:1]
     1041       2  28  ffff004004389500  ID   0.0        0        0  [kworker/28:1]
     1042       2  29  ffff004005909500  ID   0.0        0        0  [kworker/29:1]
     1043       2  30  ffff00400590e900  ID   0.0        0        0  [kworker/30:1]
     1044       2  31  ffff004005908000  ID   0.0        0        0  [kworker/31:1]
     1045       2  32  ffff00400590bf00  ID   0.0        0        0  [kworker/32:1]
     1046       2  33  ffff00400590d400  ID   0.0        0        0  [kworker/33:1]
     1047       2  34  ffff00400590aa00  ID   0.0        0        0  [kworker/34:1]
     1049       2  36  ffff004005910000  ID   0.0        0        0  [kworker/36:1]
     1050       2  37  ffff004005913f00  ID   0.0        0        0  [kworker/37:1]
     1051       2   0  ffff004005915400  IN   0.0        0        0  [kswapd0]
     1052       2  38  ffff004005912a00  ID   0.0        0        0  [kworker/38:1]
     1053       2  24  ffff004005911500  IN   0.0        0        0  [kswapd1]
     1054       2  39  ffff004005919500  ID   0.0        0        0  [kworker/39:1]
     1055       2  48  ffff00400591e900  IN   0.0        0        0  [kswapd2]
     1056       2  40  ffff004005918000  ID   0.0        0        0  [kworker/40:1]
     1057       2  72  ffff00400591bf00  IN   0.0        0        0  [kswapd3]
     1058       2  96  ffff00400591d400  IN   0.0        0        0  [kswapd4]
     1059       2  41  ffff00400591aa00  ID   0.0        0        0  [kworker/41:1]
     1060       2 120  ffff002028928000  IN   0.0        0        0  [kswapd5]
     1061       2  42  ffff004005922a00  ID   0.0        0        0  [kworker/42:1]
     1062       2 144  ffff004005921500  IN   0.0        0        0  [kswapd6]
     1063       2  43  ffff004005926900  ID   0.0        0        0  [kworker/43:1]
     1064       2 168  ffff004005920000  IN   0.0        0        0  [kswapd7]
     1065       2  44  ffff004005923f00  ID   0.0        0        0  [kworker/44:1]
     1066       2  45  ffff004005925400  ID   0.0        0        0  [kworker/45:1]
     1067       2  46  ffff00400592aa00  ID   0.0        0        0  [kworker/46:1]
     1068       2  47  ffff004005929500  ID   0.0        0        0  [kworker/47:1]
     1070       2  49  ffff2020040f0000  ID   0.0        0        0  [kworker/49:1]
     1071       2  50  ffff2020040f3f00  ID   0.0        0        0  [kworker/50:1]
     1072       2  51  ffff2020040f5400  ID   0.0        0        0  [kworker/51:1]
     1073       2  52  ffff2020040f2a00  ID   0.0        0        0  [kworker/52:1]
     1074       2  53  ffff202005be6900  ID   0.0        0        0  [kworker/53:1]
     1075       2  54  ffff202005be0000  ID   0.0        0        0  [kworker/54:1]
     1077       2  55  ffff202005be5400  ID   0.0        0        0  [kworker/55:1]
     1078       2  56  ffff202005be2a00  ID   0.0        0        0  [kworker/56:1]
     1079       2  57  ffff202005be1500  ID   0.0        0        0  [kworker/57:1]
     1080       2  58  ffff202005beaa00  ID   0.0        0        0  [kworker/58:1]
     1081       2  59  ffff202005be9500  ID   0.0        0        0  [kworker/59:1]
     1082       2  60  ffff202005bee900  ID   0.0        0        0  [kworker/60:1]
     1083       2  61  ffff202005be8000  ID   0.0        0        0  [kworker/61:1]
     1084       2  62  ffff202005bebf00  ID   0.0        0        0  [kworker/62:1]
     1085       2  63  ffff202005bed400  ID   0.0        0        0  [kworker/63:1]
     1086       2  64  ffff202005bf1500  ID   0.0        0        0  [kworker/64:1]
     1087       2  65  ffff202005bf6900  ID   0.0        0        0  [kworker/65:1]
     1088       2  66  ffff202005bf0000  ID   0.0        0        0  [kworker/66:1]
     1089       2  67  ffff202005bf3f00  ID   0.0        0        0  [kworker/67:1]
     1090       2  68  ffff202005bf5400  ID   0.0        0        0  [kworker/68:1]
     1091       2  69  ffff202005bf2a00  ID   0.0        0        0  [kworker/69:1]
     1092       2  70  ffff202005bfe900  ID   0.0        0        0  [kworker/70:1]
     1093       2  71  ffff202005bf8000  ID   0.0        0        0  [kworker/71:1]
     1094       2  72  ffff204003fb8000  ID   0.0        0        0  [kworker/72:1]
     1095       2  73  ffff204003fbbf00  ID   0.0        0        0  [kworker/73:1]
     1096       2  74  ffff204003fbd400  ID   0.0        0        0  [kworker/74:1]
     1097       2  75  ffff204003fbaa00  ID   0.0        0        0  [kworker/75:1]
     1098       2  76  ffff204003fb9500  ID   0.0        0        0  [kworker/76:1]
     1099       2  77  ffff2040058ce900  ID   0.0        0        0  [kworker/77:1]
     1100       2  78  ffff2040058c8000  ID   0.0        0        0  [kworker/78:1]
     1101       2  79  ffff2040058cbf00  ID   0.0        0        0  [kworker/79:1]
     1102       2  80  ffff2040058cd400  ID   0.0        0        0  [kworker/80:1]
     1103       2  81  ffff2040058caa00  ID   0.0        0        0  [kworker/81:1]
     1104       2  82  ffff2040058c9500  ID   0.0        0        0  [kworker/82:1]
     1105       2  83  ffff2040058d2a00  ID   0.0        0        0  [kworker/83:1]
     1106       2  84  ffff2040058d1500  ID   0.0        0        0  [kworker/84:1]
     1107       2  85  ffff2040058d6900  ID   0.0        0        0  [kworker/85:1]
     1108       2  86  ffff2040058d0000  ID   0.0        0        0  [kworker/86:1]
     1109       2  87  ffff2040058d3f00  ID   0.0        0        0  [kworker/87:1]
     1110       2  88  ffff2040058d5400  ID   0.0        0        0  [kworker/88:1]
     1111       2  89  ffff2040058daa00  ID   0.0        0        0  [kworker/89:1]
     1112       2  90  ffff2040058d9500  ID   0.0        0        0  [kworker/90:1]
     1113       2  91  ffff2040058de900  ID   0.0        0        0  [kworker/91:1]
     1114       2  92  ffff2040058d8000  ID   0.0        0        0  [kworker/92:1]
     1115       2  93  ffff2040058dbf00  ID   0.0        0        0  [kworker/93:1]
     1116       2  94  ffff2040058dd400  ID   0.0        0        0  [kworker/94:1]
     1117       2  95  ffff2040058e1500  ID   0.0        0        0  [kworker/95:1]
     1119       2  97  ffff402004129500  ID   0.0        0        0  [kworker/97:1]
     1121       2  99  ffff402004128000  ID   0.0        0        0  [kworker/99:1]
     1122       2 100  ffff40200412bf00  ID   0.0        0        0  [kworker/100:1]
     1123       2 101  ffff402005ccbf00  ID   0.0        0        0  [kworker/101:1]
     1124       2 102  ffff402005ccd400  ID   0.0        0        0  [kworker/102:1]
     1125       2 103  ffff402005ccaa00  ID   0.0        0        0  [kworker/103:1]
     1126       2 104  ffff402005cc9500  ID   0.0        0        0  [kworker/104:1]
     1127       2 105  ffff402005cce900  ID   0.0        0        0  [kworker/105:1]
     1128       2 106  ffff402005cc8000  ID   0.0        0        0  [kworker/106:1]
     1129       2 107  ffff402005cd0000  ID   0.0        0        0  [kworker/107:1]
     1130       2   6  ffff402005cd3f00  ID   0.0        0        0  [kworker/R-kthro]
     1131       2 108  ffff402005cd5400  ID   0.0        0        0  [kworker/108:1]
     1132       2 109  ffff402005cd2a00  ID   0.0        0        0  [kworker/109:1]
     1134       2 111  ffff402005cd6900  ID   0.0        0        0  [kworker/111:1]
     1135       2 112  ffff402005cd8000  ID   0.0        0        0  [kworker/112:1]
     1136       2 113  ffff402005cdbf00  ID   0.0        0        0  [kworker/113:1]
     1137       2 114  ffff402005cdd400  ID   0.0        0        0  [kworker/114:1]
     1139       2 115  ffff402005cd9500  ID   0.0        0        0  [kworker/115:1]
     1140       2 116  ffff402005cde900  ID   0.0        0        0  [kworker/116:1]
     1141       2 117  ffff402005ce1500  ID   0.0        0        0  [kworker/117:1]
     1143       2 118  ffff402005ce6900  ID   0.0        0        0  [kworker/118:1]
     1145       2 119  ffff402005ce0000  ID   0.0        0        0  [kworker/119:1]
     1146       2 120  ffff404003fc1500  ID   0.0        0        0  [kworker/120:1]
     1147       2 121  ffff404003fc6900  ID   0.0        0        0  [kworker/121:1]
     1149       2 123  ffff404003fc3f00  ID   0.0        0        0  [kworker/123:1]
     1150       2 124  ffff404003fc5400  ID   0.0        0        0  [kworker/124:1]
     1151       2 125  ffff404005f35400  ID   0.0        0        0  [kworker/125:1]
     1152       2 126  ffff404005f32a00  ID   0.0        0        0  [kworker/126:1]
     1153       2 127  ffff404005f31500  ID   0.0        0        0  [kworker/127:1]
     1155       2 129  ffff404005f30000  ID   0.0        0        0  [kworker/129:1]
     1156       2 130  ffff404005f33f00  ID   0.0        0        0  [kworker/130:1]
     1157       2 131  ffff404005f3aa00  ID   0.0        0        0  [kworker/131:1]
     1159       2 133  ffff404005f3e900  ID   0.0        0        0  [kworker/133:1]
     1160       2 134  ffff404005f38000  ID   0.0        0        0  [kworker/134:1]
     1161       2 135  ffff404005f3bf00  ID   0.0        0        0  [kworker/135:1]
     1162       2 136  ffff404005f3d400  ID   0.0        0        0  [kworker/136:1]
     1163       2 137  ffff404005f45400  ID   0.0        0        0  [kworker/137:1]
     1164       2 138  ffff404005f42a00  ID   0.0        0        0  [kworker/138:1]
     1165       2 139  ffff404005f41500  ID   0.0        0        0  [kworker/139:1]
     1166       2 140  ffff404005f46900  ID   0.0        0        0  [kworker/140:1]
     1167       2 141  ffff404005f40000  ID   0.0        0        0  [kworker/141:1]
     1168       2 142  ffff404005f43f00  ID   0.0        0        0  [kworker/142:1]
     1169       2 143  ffff404005f49500  ID   0.0        0        0  [kworker/143:1]
     1171       2 144  ffff6020040f1500  ID   0.0        0        0  [kworker/144:1]
     1172       2 145  ffff6020040f6900  ID   0.0        0        0  [kworker/145:1]
     1173       2 146  ffff6020040f0000  ID   0.0        0        0  [kworker/146:1]
     1174       2 147  ffff6020040f3f00  ID   0.0        0        0  [kworker/147:1]
     1175       2 148  ffff6020040f5400  ID   0.0        0        0  [kworker/148:1]
     1176       2 149  ffff602005a66900  ID   0.0        0        0  [kworker/149:1]
     1177       2 150  ffff602005a60000  ID   0.0        0        0  [kworker/150:1]
     1178       2 151  ffff602005a63f00  ID   0.0        0        0  [kworker/151:1]
     1179       2 152  ffff602005a65400  ID   0.0        0        0  [kworker/152:1]
     1180       2 153  ffff602005a62a00  ID   0.0        0        0  [kworker/153:1]
     1181       2 154  ffff602005a61500  ID   0.0        0        0  [kworker/154:1]
     1182       2 155  ffff602005a6e900  ID   0.0        0        0  [kworker/155:1]
     1183       2 156  ffff602005a68000  ID   0.0        0        0  [kworker/156:1]
     1184       2 157  ffff602005a6bf00  ID   0.0        0        0  [kworker/157:1]
     1185       2 158  ffff602005a6d400  ID   0.0        0        0  [kworker/158:1]
     1186       2 159  ffff602005a6aa00  ID   0.0        0        0  [kworker/159:1]
     1187       2 160  ffff602005a69500  ID   0.0        0        0  [kworker/160:1]
     1188       2 161  ffff602005a75400  ID   0.0        0        0  [kworker/161:1]
     1189       2 162  ffff602005a72a00  ID   0.0        0        0  [kworker/162:1]
     1190       2 163  ffff602005a71500  ID   0.0        0        0  [kworker/163:1]
     1191       2 164  ffff602005a76900  ID   0.0        0        0  [kworker/164:1]
     1192       2 165  ffff602005a70000  ID   0.0        0        0  [kworker/165:1]
     1193       2 166  ffff602005a73f00  ID   0.0        0        0  [kworker/166:1]
     1194       2 167  ffff602005a79500  ID   0.0        0        0  [kworker/167:1]
     1195       2 168  ffff604004298000  ID   0.0        0        0  [kworker/168:1]
     1196       2 169  ffff604005abe900  ID   0.0        0        0  [kworker/169:1]
     1197       2 170  ffff604005ab8000  ID   0.0        0        0  [kworker/170:1]
     1198       2 171  ffff604005abbf00  ID   0.0        0        0  [kworker/171:1]
     1199       2 172  ffff604005abd400  ID   0.0        0        0  [kworker/172:1]
     1200       2 173  ffff604005abaa00  ID   0.0        0        0  [kworker/173:1]
     1201       2 174  ffff604005ab9500  ID   0.0        0        0  [kworker/174:1]
     1202       2 175  ffff604005ac2a00  ID   0.0        0        0  [kworker/175:1]
     1203       2 176  ffff604005ac1500  ID   0.0        0        0  [kworker/176:1]
     1204       2 177  ffff604005ac6900  ID   0.0        0        0  [kworker/177:1]
     1205       2 178  ffff604005ac0000  ID   0.0        0        0  [kworker/178:1]
     1206       2 179  ffff604005ac3f00  ID   0.0        0        0  [kworker/179:1]
     1207       2 180  ffff604005ac5400  ID   0.0        0        0  [kworker/180:1]
     1208       2 181  ffff604005acd400  ID   0.0        0        0  [kworker/181:1]
     1209       2 182  ffff604005acaa00  ID   0.0        0        0  [kworker/182:1]
     1210       2 183  ffff604005ac9500  ID   0.0        0        0  [kworker/183:1]
     1211       2 184  ffff604005ace900  ID   0.0        0        0  [kworker/184:1]
     1212       2 185  ffff604005ac8000  ID   0.0        0        0  [kworker/185:1]
     1213       2 186  ffff604005acbf00  ID   0.0        0        0  [kworker/186:1]
     1214       2 187  ffff604005ad1500  ID   0.0        0        0  [kworker/187:1]
     1215       2 188  ffff604005ad6900  ID   0.0        0        0  [kworker/188:1]
     1216       2 189  ffff604005ad0000  ID   0.0        0        0  [kworker/189:1]
     1217       2 190  ffff604005ad3f00  ID   0.0        0        0  [kworker/190:1]
     1218       2   8  ffff00202892bf00  ID   0.0        0        0  [kworker/u385:2]
     1219       2   0  ffff00202892d400  IN   0.0        0        0  [irq/14-ACPI:Ged]
     1220       2   0  ffff00202892aa00  IN   0.0        0        0  [irq/19-ACPI:Ged]
     1221       2   2  ffff002028929500  ID   0.0        0        0  [kworker/R-acpi_]
     1222       2   0  ffff0020289eaa00  IN   0.0        0        0  [irq/28-arm-smmu]
     1223       2   2  ffff0020289e9500  IN   0.0        0        0  [irq/30-arm-smmu]
     1224       2   3  ffff0020289ee900  IN   0.0        0        0  [irq/31-arm-smmu]
     1225       2   5  ffff0020289e8000  IN   0.0        0        0  [irq/33-arm-smmu]
     1226       2   6  ffff0020289ebf00  IN   0.0        0        0  [irq/34-arm-smmu]
     1227       2   8  ffff0020289ed400  IN   0.0        0        0  [irq/36-arm-smmu]
     1228       2   9  ffff00202aba5400  IN   0.0        0        0  [irq/37-arm-smmu]
     1229       2  11  ffff00202aba2a00  IN   0.0        0        0  [irq/39-arm-smmu]
     1230       2  48  ffff00202aba1500  IN   0.0        0        0  [irq/40-arm-smmu]
     1231       2  50  ffff00202aba6900  IN   0.0        0        0  [irq/42-arm-smmu]
     1232       2  51  ffff00202aba0000  IN   0.0        0        0  [irq/43-arm-smmu]
     1233       2  53  ffff00202aba3f00  IN   0.0        0        0  [irq/45-arm-smmu]
     1234       2  54  ffff00202aba9500  IN   0.0        0        0  [irq/46-arm-smmu]
     1235       2  56  ffff00202abae900  IN   0.0        0        0  [irq/48-arm-smmu]
     1236       2  57  ffff00202aba8000  IN   0.0        0        0  [irq/49-arm-smmu]
     1237       2  59  ffff00202ababf00  IN   0.0        0        0  [irq/51-arm-smmu]
     1238       2  96  ffff00202abad400  IN   0.0        0        0  [irq/52-arm-smmu]
     1239       2  98  ffff00202abaaa00  IN   0.0        0        0  [irq/54-arm-smmu]
     1240       2  99  ffff00202abb8000  IN   0.0        0        0  [irq/55-arm-smmu]
     1241       2 101  ffff00202abbbf00  IN   0.0        0        0  [irq/57-arm-smmu]
     1242       2 102  ffff00202abbd400  IN   0.0        0        0  [irq/58-arm-smmu]
     1243       2 104  ffff00202abbaa00  IN   0.0        0        0  [irq/60-arm-smmu]
     1244       2 105  ffff00202abb9500  IN   0.0        0        0  [irq/61-arm-smmu]
     1245       2 107  ffff00202abbe900  IN   0.0        0        0  [irq/63-arm-smmu]
     1246       2 144  ffff00202abce900  IN   0.0        0        0  [irq/64-arm-smmu]
     1247       2 146  ffff00202abc8000  IN   0.0        0        0  [irq/66-arm-smmu]
     1248       2 147  ffff00202abcbf00  IN   0.0        0        0  [irq/67-arm-smmu]
     1249       2 149  ffff00202abcd400  IN   0.0        0        0  [irq/69-arm-smmu]
     1250       2 150  ffff00202abcaa00  IN   0.0        0        0  [irq/70-arm-smmu]
     1251       2 152  ffff00202abc9500  IN   0.0        0        0  [irq/72-arm-smmu]
     1252       2 153  ffff00202b7c9500  IN   0.0        0        0  [irq/73-arm-smmu]
     1253       2 155  ffff00202b7ce900  IN   0.0        0        0  [irq/75-arm-smmu]
     1254       2   1  ffff00202b7c8000  ID   0.0        0        0  [kworker/R-kmpat]
     1255       2  17  ffff00202b7cbf00  ID   0.0        0        0  [kworker/R-kalua]
     1256       2  18  ffff00202b7cd400  IN   0.0        0        0  [spi0]
     1257       2  49  ffff202005bfbf00  ID   0.0        0        0  [kworker/u387:1]
     1259       2 159  ffff602005a7e900  ID   0.0        0        0  [kworker/u391:1]
     1260       2   0  ffff00202b7caa00  ID   0.0        0        0  [kworker/0:2]
     1263       2  48  ffff202005bfaa00  ID   0.0        0        0  [kworker/48:3]
     1265       2 144  ffff602005a78000  ID   0.0        0        0  [kworker/144:2]
     1266       2   8  ffff602005a7bf00  ID   0.0        0        0  [kworker/R-mld]
     1267       2   9  ffff602005a7d400  ID   0.0        0        0  [kworker/R-ipv6_]
     1268       2   4  ffff00202b7daa00  ID   0.0        0        0  [kworker/4:1H]
     1269       2  11  ffff00202b7d9500  ID   0.0        0        0  [kworker/R-kstrp]
     1270       2  10  ffff00202b7de900  ID   0.0        0        0  [kworker/R-xsche]
     1356       2  16  ffff00202fca2a00  IN   0.0        0        0  [irq/91-aerdrv]
     1357       2  18  ffff00202fca1500  IN   0.0        0        0  [irq/93-aerdrv]
     1358       2  20  ffff00202ec71500  IN   0.0        0        0  [irq/95-aerdrv]
     1359       2  22  ffff00202ec73f00  IN   0.0        0        0  [irq/97-aerdrv]
     1360       2   0  ffff00202ec70000  IN   0.0        0        0  [irq/99-aerdrv]
     1361       2  64  ffff00202ec72a00  IN   0.0        0        0  [irq/101-aerdrv]
     1362       2  66  ffff00202ec76900  IN   0.0        0        0  [irq/103-aerdrv]
     1363       2  68  ffff00202ec75400  IN   0.0        0        0  [irq/105-aerdrv]
     1364       2 160  ffff00202ec5bf00  IN   0.0        0        0  [irq/107-aerdrv]
     1365       2  12  ffff00202ec5d400  ID   0.0        0        0  [kworker/u393:0]
     1366       2  13  ffff00202ec58000  ID   0.0        0        0  [kworker/u394:0]
     1367       2  14  ffff00400592bf00  ID   0.0        0        0  [kworker/u395:0]
     1368       2  15  ffff202005bf9500  ID   0.0        0        0  [kworker/u396:0]
     1369       2  16  ffff2040058e6900  ID   0.0        0        0  [kworker/u397:0]
     1370       2  17  ffff402005ce2a00  ID   0.0        0        0  [kworker/u398:0]
     1371       2  19  ffff404005f4e900  ID   0.0        0        0  [kworker/u399:0]
     1372       2  20  ffff602005a7aa00  ID   0.0        0        0  [kworker/u400:0]
     1373       2  21  ffff604005ad5400  ID   0.0        0        0  [kworker/u401:0]
     1374       2   5  ffff00202ec59500  ID   0.0        0        0  [kworker/5:2]
     1387       2  47  ffff00400592d400  ID   0.0        0        0  [kworker/47:1H]
     1415       2   6  ffff00202fcc3f00  ID   0.0        0        0  [kworker/6:2]
     1417       2   5  ffff00202fcc6900  ID   0.0        0        0  [kworker/5:1H]
     1421       2  24  ffff004004393f00  ID   0.0        0        0  [kworker/24:1H]
     1423       2   7  ffff002026208000  ID   0.0        0        0  [kworker/7:1H]
     1424       2   6  ffff00202620bf00  ID   0.0        0        0  [kworker/6:1H]
     1428       2  46  ffff004004392a00  ID   0.0        0        0  [kworker/46:1H]
     1430       2  28  ffff004004391500  ID   0.0        0        0  [kworker/28:1H]
     1431       2  45  ffff004004396900  ID   0.0        0        0  [kworker/45:1H]
     1432       2  26  ffff004004390000  ID   0.0        0        0  [kworker/26:1H]
     1434       2  29  ffff00400439d400  ID   0.0        0        0  [kworker/29:2]
     1435       2  29  ffff00400439aa00  ID   0.0        0        0  [kworker/29:1H]
     1436       2  27  ffff004004399500  ID   0.0        0        0  [kworker/27:1H]
     1438       2  30  ffff00400439e900  ID   0.0        0        0  [kworker/30:2]
     1439       2  30  ffff004004398000  ID   0.0        0        0  [kworker/30:1H]
     1446       2  35  ffff00202fcc0000  ID   0.0        0        0  [kworker/R-kmpat]
     1447       2  35  ffff00202fcc1500  ID   0.0        0        0  [kworker/R-kmpat]
     1453       2  31  ffff004009fde900  ID   0.0        0        0  [kworker/31:2]
     1454       2  31  ffff004009fd8000  ID   0.0        0        0  [kworker/31:1H]
     1458       2  35  ffff004009fdbf00  ID   0.0        0        0  [kworker/35:1H]
     1459       2  34  ffff004009fdd400  ID   0.0        0        0  [kworker/34:1H]
     1479       2  28  ffff004009fdaa00  ID   0.0        0        0  [kworker/28:2]
     1509       2   4  ffff00202fcc5400  ID   0.0        0        0  [kworker/4:2]
     1514       2  24  ffff004009fd9500  ID   0.0        0        0  [kworker/24:2]
     1516       2  26  ffff004009fe2a00  ID   0.0        0        0  [kworker/26:2]
     1519       2  32  ffff004009fe1500  ID   0.0        0        0  [kworker/32:2]
     1521       2  32  ffff004009fe6900  ID   0.0        0        0  [kworker/32:1H]
     1590       2  27  ffff004009fe0000  ID   0.0        0        0  [kworker/27:2]
     1592       2  40  ffff004009fe3f00  ID   0.0        0        0  [kworker/40:1H]
     1593       2  39  ffff004009fe5400  ID   0.0        0        0  [kworker/39:1H]
     1599       2  37  ffff004009fed400  ID   0.0        0        0  [kworker/37:1H]
     1600       2  37  ffff004009feaa00  ID   0.0        0        0  [kworker/37:2]
     1622       2  35  ffff004009fe9500  ID   0.0        0        0  [kworker/35:2]
     1628       2  41  ffff004009fee900  ID   0.0        0        0  [kworker/41:1H]
     1629       2  40  ffff004009fe8000  ID   0.0        0        0  [kworker/40:2]
     1630       2  43  ffff004009febf00  ID   0.0        0        0  [kworker/43:1H]
     1635       2  42  ffff004009ff1500  ID   0.0        0        0  [kworker/42:1H]
     1637       2  25  ffff004009ff6900  ID   0.0        0        0  [kworker/25:1H]
     1646       2  33  ffff004009ff0000  ID   0.0        0        0  [kworker/33:1H]
     1648       2  38  ffff004009ff3f00  ID   0.0        0        0  [kworker/38:1H]
     1650       2  26  ffff004009ff5400  IN   0.0        0        0  [hwrng]
     1653       2  42  ffff004009ff2a00  ID   0.0        0        0  [kworker/42:2]
     1655       2   8  ffff00202fcc2a00  ID   0.0        0        0  [kworker/8:1H]
     1658       2   9  ffff002034b10000  ID   0.0        0        0  [kworker/9:1H]
     1660       2  36  ffff004009ff9500  ID   0.0        0        0  [kworker/36:1H]
     1662       2  49  ffff202003f96900  ID   0.0        0        0  [kworker/49:1H]
     1666       2 144  ffff602005a81500  ID   0.0        0        0  [kworker/144:1H]
     1667       2  10  ffff002032e50000  ID   0.0        0        0  [kworker/10:1H]
     1669       2  11  ffff002032e56900  ID   0.0        0        0  [kworker/11:1H]
     1670       2  96  ffff40200a5b0000  ID   0.0        0        0  [kworker/96:1H]
     1676       2  13  ffff002032e53f00  ID   0.0        0        0  [kworker/13:1H]
     1677       2 145  ffff002032e55400  ID   0.0        0        0  [kworker/R-nfit]
     1679       2   8  ffff002032e52a00  IN   0.0        0        0  [scsi_eh_0]
     1681       2  44  ffff004011910000  ID   0.0        0        0  [kworker/44:1H]
     1683       2  17  ffff002032e51500  ID   0.0        0        0  [kworker/17:1H]
     1684       2 119  ffff40200a5b3f00  ID   0.0        0        0  [kworker/119:1H]
     1685       2  12  ffff00202ec5aa00  ID   0.0        0        0  [kworker/12:1H]
     1690       2   8  ffff00202ec5e900  ID   0.0        0        0  [kworker/R-scsi_]
     1692       2 145  ffff602005a86900  ID   0.0        0        0  [kworker/145:1H]
     1693       2  96  ffff602005a80000  ID   0.0        0        0  [kworker/R-ata_s]
     1694       2  50  ffff202003f90000  ID   0.0        0        0  [kworker/50:1H]
     1705       2  98  ffff40200a5b5400  ID   0.0        0        0  [kworker/98:1H]
     1716       2  99  ffff40200a5b2a00  ID   0.0        0        0  [kworker/99:1H]
     1720       2  15  ffff002034b13f00  ID   0.0        0        0  [kworker/15:1H]
     1722       2  19  ffff002034b15400  ID   0.0        0        0  [kworker/19:1H]
     1723       2   0  ffff002034b12a00  ID   0.0        0        0  [kworker/0:1H]
     1724       2  14  ffff002034b11500  ID   0.0        0        0  [kworker/14:1H]
     1735       2 167  ffff602006849500  ID   0.0        0        0  [kworker/167:1H]
     1736       2  22  ffff002037213f00  ID   0.0        0        0  [kworker/22:1H]
     1737       2 101  ffff40200b446900  ID   0.0        0        0  [kworker/101:1H]
     1738       2  48  ffff20200d589500  ID   0.0        0        0  [kworker/48:1H]
     1743       2 146  ffff60200684e900  ID   0.0        0        0  [kworker/146:1H]
     1747       2 100  ffff40200a5b6900  ID   0.0        0        0  [kworker/100:1H]
     1749       2  55  ffff20200d58e900  ID   0.0        0        0  [kworker/55:1H]
     1750       2  23  ffff002037215400  ID   0.0        0        0  [kworker/23:1H]
     1751       2  52  ffff20200d588000  ID   0.0        0        0  [kworker/52:1H]
     1765       2  21  ffff002037212a00  ID   0.0        0        0  [kworker/21:1H]
     1766       2 148  ffff60200b125400  ID   0.0        0        0  [kworker/148:1H]
     1770       2 120  ffff404005f48000  ID   0.0        0        0  [kworker/120:1H]
     1777       2  51  ffff20200d646900  ID   0.0        0        0  [kworker/51:1H]
     1778       2 102  ffff40200b443f00  ID   0.0        0        0  [kworker/102:1H]
     1784       2  56  ffff20200d640000  ID   0.0        0        0  [kworker/56:1H]
     1788       2  64  ffff20200d643f00  ID   0.0        0        0  [kworker/64:1H]
     1790       2  16  ffff002037211500  ID   0.0        0        0  [kworker/16:1H]
     1797       2 143  ffff404005f4bf00  ID   0.0        0        0  [kworker/143:1H]
     1804       2 104  ffff40200b445400  ID   0.0        0        0  [kworker/104:1H]
     1807       2  62  ffff20200abb1500  ID   0.0        0        0  [kworker/62:1H]
     1813       2 147  ffff60200b122a00  ID   0.0        0        0  [kworker/147:1H]
     1826       2 150  ffff60200b121500  ID   0.0        0        0  [kworker/150:1H]
     1828       2 103  ffff40200bcdbf00  ID   0.0        0        0  [kworker/103:1H]
     1829       2 121  ffff404005f4d400  ID   0.0        0        0  [kworker/121:1H]
     1840       2 105  ffff40200bcdd400  ID   0.0        0        0  [kworker/105:1H]
     1841       2  63  ffff20200d645400  ID   0.0        0        0  [kworker/63:1H]
     1842       2  66  ffff20200d642a00  ID   0.0        0        0  [kworker/66:1H]
     1849       2 106  ffff40200bcdaa00  ID   0.0        0        0  [kworker/106:1H]
     1863       2 149  ffff60200b126900  ID   0.0        0        0  [kworker/149:1H]
     1865       2  67  ffff20200d641500  ID   0.0        0        0  [kworker/67:1H]
     1867       2 151  ffff60200b120000  ID   0.0        0        0  [kworker/151:1H]
     1868       2  59  ffff20200abb6900  ID   0.0        0        0  [kworker/59:1H]
     1876       2 190  ffff604005ad2a00  ID   0.0        0        0  [kworker/190:1H]
     1878       2 107  ffff40200bcd9500  ID   0.0        0        0  [kworker/107:1H]
     1879       2  58  ffff20200d6f6900  ID   0.0        0        0  [kworker/58:1H]
     1880       2 191  ffff604009e0d400  ID   0.0        0        0  [kworker/191:1H]
     1882       2  18  ffff002037a2d400  ID   0.0        0        0  [kworker/18:1H]
     1884       2 152  ffff60200b123f00  ID   0.0        0        0  [kworker/152:1H]
     1885       2 153  ffff60200b2c2a00  ID   0.0        0        0  [kworker/153:1H]
     1887       2  20  ffff002037a2aa00  ID   0.0        0        0  [kworker/20:1H]
     1889       2  53  ffff20200d6f0000  ID   0.0        0        0  [kworker/53:1H]
     1894       2  57  ffff20200d6f3f00  ID   0.0        0        0  [kworker/57:1H]
     1895       2  57  ffff40200bcde900  IN   0.0        0        0  [scsi_eh_1]
     1903       2 156  ffff60200b2c1500  ID   0.0        0        0  [kworker/156:1H]
     1904       2 154  ffff60200b2c6900  ID   0.0        0        0  [kworker/154:1H]
     1905       2 142  ffff404009ecbf00  ID   0.0        0        0  [kworker/142:1H]
     1908       2 191  ffff404009ecaa00  ID   0.0        0        0  [kworker/R-scsi_]
     1909       2 112  ffff40200bcd8000  ID   0.0        0        0  [kworker/112:1H]
     1911       2  95  ffff2040058e0000  ID   0.0        0        0  [kworker/95:2]
     1913       2 108  ffff40200703e900  ID   0.0        0        0  [kworker/108:1H]
     1916       2  72  ffff2040058e3f00  ID   0.0        0        0  [kworker/72:1H]
     1917       2 114  ffff402007038000  ID   0.0        0        0  [kworker/114:1H]
     1919       2 123  ffff404009ec9500  ID   0.0        0        0  [kworker/123:1H]
     1920       2 168  ffff604009e0aa00  ID   0.0        0        0  [kworker/168:1H]
     1923       2  65  ffff20200d76bf00  ID   0.0        0        0  [kworker/65:1H]
     1924       2 170  ffff604009e09500  ID   0.0        0        0  [kworker/170:1H]
     1925       2 111  ffff40200703bf00  ID   0.0        0        0  [kworker/111:1H]
     1926       2 125  ffff404009ece900  ID   0.0        0        0  [kworker/125:1H]
     1927       2 171  ffff604009e0e900  ID   0.0        0        0  [kworker/171:1H]
     1928       2 122  ffff404009ec8000  ID   0.0        0        0  [kworker/122:1H]
     1929       2 189  ffff604009e08000  ID   0.0        0        0  [kworker/189:1H]
     1930       2  72  ffff604009e0bf00  ID   0.0        0        0  [kworker/R-0000:]
     1931       2  72  ffff40200703d400  IN   0.0        0        0  [scsi_eh_2]
     1932       2 145  ffff40200703aa00  ID   0.0        0        0  [kworker/R-scsi_]
     1933       2  73  ffff2040058e5400  ID   0.0        0        0  [kworker/73:1H]
     1934       2  35  ffff0040159dd400  ID   0.0        0        0  [kworker/35:3]
     1935       2 113  ffff0040159daa00  IN   0.0        0        0  [scsi_eh_3]
     1936       2  72  ffff0040159d9500  ID   0.0        0        0  [kworker/R-scsi_]
     1938       2 116  ffff002037a2e900  IN   0.0        0        0  [scsi_eh_4]
     1939       2 117  ffff002037a28000  ID   0.0        0        0  [kworker/R-scsi_]
     1940       2 118  ffff002037a2bf00  IN   0.0        0        0  [scsi_eh_5]
     1941       2  97  ffff402007039500  ID   0.0        0        0  [kworker/R-scsi_]
     1942       2  49  ffff20200d76d400  ID   0.0        0        0  [kworker/u387:2]
     1943       2 119  ffff20200d76aa00  IN   0.0        0        0  [scsi_eh_6]
     1944       2  98  ffff20200d769500  ID   0.0        0        0  [kworker/R-scsi_]
     1945       2 109  ffff20200d76e900  IN   0.0        0        0  [scsi_eh_7]
     1946       2 101  ffff20200d768000  ID   0.0        0        0  [kworker/R-scsi_]
     1948       2 102  ffff40200bf29500  IN   0.0        0        0  [scsi_eh_8]
     1949       2 100  ffff40200bf2e900  ID   0.0        0        0  [kworker/R-scsi_]
     1950       2 106  ffff40200bf28000  IN   0.0        0        0  [scsi_eh_9]
     1951       2 105  ffff40200bf2bf00  ID   0.0        0        0  [kworker/R-scsi_]
     1953       2 149  ffff60200b2c3f00  ID   0.0        0        0  [kworker/R-scsi_]
     1955       2  50  ffff60200b2c5400  ID   0.0        0        0  [kworker/R-ttm]
     1956       2 149  ffff40200bf2d400  ID   0.0        0        0  [kworker/R-0000:]
     1957       2  50  ffff40200bf33f00  IN   0.0        0        0  [card0-crtc0]
     1958       2   4  ffff40200bf35400  ID   0.0        0        0  [kworker/R-0000:]
     1964       2  24  ffff0040159e6900  ID   0.0        0        0  [kworker/u386:2]
     1978       2  52  ffff20200d776900  ID   0.0        0        0  [kworker/52:2]
     1989       2 179  ffff60200be88000  ID   0.0        0        0  [kworker/u391:3]
     1992       2   8  ffff00203eae5400  ID   0.0        0        0  [kworker/8:2]
     1993       2 149  ffff00203eae2a00  ID   0.0        0        0  [kworker/R-poll_]
     1997       2 124  ffff404009ed6900  ID   0.0        0        0  [kworker/124:2]
     1998       2 124  ffff404009ed0000  ID   0.0        0        0  [kworker/124:1H]
     2001       2 150  ffff60200be8bf00  ID   0.0        0        0  [kworker/150:2]
     2004       2  53  ffff20200d770000  ID   0.0        0        0  [kworker/53:2]
     2010       2  44  ffff0040159e0000  ID   0.0        0        0  [kworker/44:2]
     2020       2  54  ffff20200d773f00  ID   0.0        0        0  [kworker/54:1H]
     2021       2  25  ffff20200d775400  IN   0.0        0        0  [irq/316-hisi_sa]
     2022       2  37  ffff20200d772a00  IN   0.0        0        0  [irq/317-hisi_sa]
     2023       2  49  ffff20200d771500  IN   0.0        0        0  [irq/318-hisi_sa]
     2026       2  61  ffff40200dcf0000  IN   0.0        0        0  [irq/319-hisi_sa]
     2031       2  73  ffff40200dcf3f00  IN   0.0        0        0  [irq/320-hisi_sa]
     2038       2  85  ffff40200dcf5400  IN   0.0        0        0  [irq/321-hisi_sa]
     2042       2  97  ffff40200dcf2a00  IN   0.0        0        0  [irq/322-hisi_sa]
     2050       2 109  ffff40200dcf1500  IN   0.0        0        0  [irq/323-hisi_sa]
     2054       2 121  ffff40200dcf6900  IN   0.0        0        0  [irq/324-hisi_sa]
     2056       2 133  ffff40200dd09500  IN   0.0        0        0  [irq/325-hisi_sa]
     2057       2 145  ffff40200dd0e900  IN   0.0        0        0  [irq/326-hisi_sa]
     2058       2 157  ffff40200dd08000  IN   0.0        0        0  [irq/327-hisi_sa]
     2059       2 169  ffff40200dd0bf00  IN   0.0        0        0  [irq/328-hisi_sa]
     2060       2 181  ffff40200dd0d400  IN   0.0        0        0  [irq/329-hisi_sa]
     2061       2   1  ffff40200dd0aa00  IN   0.0        0        0  [irq/330-hisi_sa]
     2063       2  13  ffff40200dd1aa00  IN   0.0        0        0  [irq/331-hisi_sa]
     2064       2 112  ffff40200dd19500  IN   0.0        0        0  [scsi_eh_10]
     2065       2 190  ffff40200dd1e900  ID   0.0        0        0  [kworker/R-scsi_]
     2067       2 113  ffff40200dd18000  ID   0.0        0        0  [kworker/R-0000:]
     2068       2  94  ffff40200dd1bf00  ID   0.0        0        0  [kworker/R-scsi_]
     2069       2  94  ffff40200dd1d400  ID   0.0        0        0  [kworker/R-0000:]
     2070       2 149  ffff40200ddce900  ID   0.0        0        0  [kworker/R-0000:]
     2072       2  24  ffff0040159ee900  IN   0.0        0        0  [irq/684-hisi_sa]
     2073       2  36  ffff0040159e8000  IN   0.0        0        0  [irq/685-hisi_sa]
     2074       2  55  ffff0040159ebf00  IN   0.0        0        0  [irq/686-hisi_sa]
     2075       2  63  ffff0040159ed400  IN   0.0        0        0  [irq/687-hisi_sa]
     2076       2  75  ffff0040159eaa00  IN   0.0        0        0  [irq/688-hisi_sa]
     2077       2  87  ffff40200ddc8000  IN   0.0        0        0  [irq/689-hisi_sa]
     2078       2  99  ffff40200ddcbf00  IN   0.0        0        0  [irq/690-hisi_sa]
     2079       2 111  ffff40200ddcd400  IN   0.0        0        0  [irq/691-hisi_sa]
     2080       2 123  ffff40200ddcaa00  IN   0.0        0        0  [irq/692-hisi_sa]
     2081       2 135  ffff40200ddc9500  IN   0.0        0        0  [irq/693-hisi_sa]
     2082       2 147  ffff402005b8d400  IN   0.0        0        0  [irq/694-hisi_sa]
     2083       2 159  ffff402005b8aa00  IN   0.0        0        0  [irq/695-hisi_sa]
     2084       2 171  ffff402005b89500  IN   0.0        0        0  [irq/696-hisi_sa]
     2085       2 183  ffff402005b8e900  IN   0.0        0        0  [irq/697-hisi_sa]
     2086       2   3  ffff402005b88000  IN   0.0        0        0  [irq/698-hisi_sa]
     2087       2  15  ffff402005b8bf00  IN   0.0        0        0  [irq/699-hisi_sa]
     2088       2 149  ffff40200ddd2a00  IN   0.0        0        0  [scsi_eh_11]
     2089       2  51  ffff40200ddd1500  ID   0.0        0        0  [kworker/R-scsi_]
     2090       2 149  ffff40200ddd6900  ID   0.0        0        0  [kworker/R-0000:]
     2091       2 149  ffff40200ddd0000  ID   0.0        0        0  [kworker/R-scsi_]
     2092       2  48  ffff40200ddd3f00  ID   0.0        0        0  [kworker/R-0000:]
     2093       2 149  ffff40200ddd5400  ID   0.0        0        0  [kworker/R-0000:]
     2094       2  25  ffff402009f75400  IN   0.0        0        0  [irq/716-hisi_sa]
     2095       2  37  ffff402009f72a00  IN   0.0        0        0  [irq/717-hisi_sa]
     2096       2  48  ffff402009f71500  IN   0.0        0        0  [irq/718-hisi_sa]
     2097       2  65  ffff402009f76900  IN   0.0        0        0  [irq/719-hisi_sa]
     2098       2  77  ffff402009f70000  IN   0.0        0        0  [irq/720-hisi_sa]
     2099       2  89  ffff402009f73f00  IN   0.0        0        0  [irq/721-hisi_sa]
     2100       2 101  ffff4020091f2a00  IN   0.0        0        0  [irq/722-hisi_sa]
     2101       2 113  ffff4020091f1500  IN   0.0        0        0  [irq/723-hisi_sa]
     2102       2 125  ffff4020091f6900  IN   0.0        0        0  [irq/724-hisi_sa]
     2103       2 137  ffff4020091f0000  IN   0.0        0        0  [irq/725-hisi_sa]
     2104       2 149  ffff4020091f3f00  IN   0.0        0        0  [irq/726-hisi_sa]
     2105       2 161  ffff4020091f5400  IN   0.0        0        0  [irq/727-hisi_sa]
     2106       2 173  ffff4020098b0000  IN   0.0        0        0  [irq/728-hisi_sa]
     2107       2 185  ffff4020098b3f00  IN   0.0        0        0  [irq/729-hisi_sa]
     2108       2   5  ffff4020098b5400  IN   0.0        0        0  [irq/730-hisi_sa]
     2109       2  17  ffff4020098b2a00  IN   0.0        0        0  [irq/731-hisi_sa]
     2110       2 111  ffff4020098b1500  IN   0.0        0        0  [scsi_eh_12]
     2111       2 112  ffff4020098b6900  ID   0.0        0        0  [kworker/R-scsi_]
     2112       2 113  ffff40200bd43f00  ID   0.0        0        0  [kworker/R-0000:]
     2113       2 114  ffff40200bd45400  ID   0.0        0        0  [kworker/R-scsi_]
     2114       2 115  ffff40200bd42a00  ID   0.0        0        0  [kworker/R-0000:]
     2115       2 116  ffff40200bd41500  ID   0.0        0        0  [kworker/R-0000:]
     2116       2  26  ffff40200bd46900  IN   0.0        0        0  [irq/748-hisi_sa]
     2117       2  38  ffff40200bd40000  IN   0.0        0        0  [irq/749-hisi_sa]
     2118       2  49  ffff4020099ae900  IN   0.0        0        0  [irq/750-hisi_sa]
     2119       2  60  ffff4020099a8000  IN   0.0        0        0  [irq/751-hisi_sa]
     2120       2  83  ffff4020099abf00  IN   0.0        0        0  [irq/752-hisi_sa]
     2121       2  84  ffff4020099ad400  IN   0.0        0        0  [irq/753-hisi_sa]
     2122       2 103  ffff4020099aaa00  IN   0.0        0        0  [irq/754-hisi_sa]
     2123       2 108  ffff4020099a9500  IN   0.0        0        0  [irq/755-hisi_sa]
     2124       2 127  ffff40200cd35400  IN   0.0        0        0  [irq/756-hisi_sa]
     2125       2 132  ffff40200cd32a00  IN   0.0        0        0  [irq/757-hisi_sa]
     2126       2 151  ffff40200cd31500  IN   0.0        0        0  [irq/758-hisi_sa]
     2127       2 156  ffff40200cd36900  IN   0.0        0        0  [irq/759-hisi_sa]
     2128       2 175  ffff40200cd30000  IN   0.0        0        0  [irq/760-hisi_sa]
     2129       2 180  ffff40200cd33f00  IN   0.0        0        0  [irq/761-hisi_sa]
     2130       2   7  ffff402004c7d400  IN   0.0        0        0  [irq/762-hisi_sa]
     2131       2  12  ffff402004c7aa00  IN   0.0        0        0  [irq/763-hisi_sa]
     2132       2 111  ffff402004c79500  IN   0.0        0        0  [scsi_eh_13]
     2133       2 112  ffff402004c7e900  ID   0.0        0        0  [kworker/R-scsi_]
     2134       2 113  ffff402004c78000  ID   0.0        0        0  [kworker/R-0000:]
     2135       2 114  ffff402004c7bf00  ID   0.0        0        0  [kworker/R-scsi_]
     2136       2 115  ffff402007c6d400  ID   0.0        0        0  [kworker/R-0000:]
     2137       2 116  ffff402007c6aa00  ID   0.0        0        0  [kworker/R-0000:]
     2138       2  27  ffff402007c69500  IN   0.0        0        0  [irq/780-hisi_sa]
     2139       2  39  ffff402007c6e900  IN   0.0        0        0  [irq/781-hisi_sa]
     2140       2  50  ffff402007c68000  IN   0.0        0        0  [irq/782-hisi_sa]
     2141       2  61  ffff402007c6bf00  IN   0.0        0        0  [irq/783-hisi_sa]
     2142       2  72  ffff4020083b2a00  IN   0.0        0        0  [irq/784-hisi_sa]
     2143       2  85  ffff4020083b1500  IN   0.0        0        0  [irq/785-hisi_sa]
     2144       2 107  ffff4020083b6900  IN   0.0        0        0  [irq/786-hisi_sa]
     2145       2 109  ffff4020083b0000  IN   0.0        0        0  [irq/787-hisi_sa]
     2146       2 129  ffff4020083b3f00  IN   0.0        0        0  [irq/788-hisi_sa]
     2147       2 133  ffff4020083b5400  IN   0.0        0        0  [irq/789-hisi_sa]
     2148       2 153  ffff40200cc80000  IN   0.0        0        0  [irq/790-hisi_sa]
     2149       2 157  ffff40200cc83f00  IN   0.0        0        0  [irq/791-hisi_sa]
     2150       2 177  ffff40200cc85400  IN   0.0        0        0  [irq/792-hisi_sa]
     2151       2 181  ffff40200cc82a00  IN   0.0        0        0  [irq/793-hisi_sa]
     2152       2   9  ffff40200cc81500  IN   0.0        0        0  [irq/794-hisi_sa]
     2153       2  13  ffff40200cc86900  IN   0.0        0        0  [irq/795-hisi_sa]
     2154       2 111  ffff40200b13bf00  IN   0.0        0        0  [scsi_eh_14]
     2155       2 112  ffff40200b13d400  ID   0.0        0        0  [kworker/R-scsi_]
     2156       2 113  ffff40200b13aa00  ID   0.0        0        0  [kworker/R-0000:]
     2157       2 114  ffff40200b139500  ID   0.0        0        0  [kworker/R-scsi_]
     2158       2 115  ffff40200b13e900  ID   0.0        0        0  [kworker/R-0000:]
     2159       2 116  ffff40200b138000  ID   0.0        0        0  [kworker/R-0000:]
     2160       2  27  ffff40200b141500  IN   0.0        0        0  [irq/812-hisi_sa]
     2161       2  39  ffff40200b146900  IN   0.0        0        0  [irq/813-hisi_sa]
     2162       2  51  ffff40200b140000  IN   0.0        0        0  [irq/814-hisi_sa]
     2163       2  62  ffff40200b143f00  IN   0.0        0        0  [irq/815-hisi_sa]
     2164       2  73  ffff40200b145400  IN   0.0        0        0  [irq/816-hisi_sa]
     2165       2  86  ffff40200b142a00  IN   0.0        0        0  [irq/817-hisi_sa]
     2166       2  96  ffff40200ce40000  IN   0.0        0        0  [irq/818-hisi_sa]
     2167       2 110  ffff40200ce43f00  IN   0.0        0        0  [irq/819-hisi_sa]
     2168       2 120  ffff20200d6f5400  IN   0.0        0        0  [irq/820-hisi_sa]
     2169       2 134  ffff20200d6f2a00  IN   0.0        0        0  [irq/821-hisi_sa]
     2170       2 144  ffff20200d6f1500  IN   0.0        0        0  [irq/822-hisi_sa]
     2171       2 158  ffff402008a98000  IN   0.0        0        0  [irq/823-hisi_sa]
     2172       2 168  ffff402008a9bf00  IN   0.0        0        0  [irq/824-hisi_sa]
     2173       2 182  ffff402008a9d400  IN   0.0        0        0  [irq/825-hisi_sa]
     2174       2  11  ffff402008a9aa00  IN   0.0        0        0  [irq/826-hisi_sa]
     2175       2  14  ffff402008a99500  IN   0.0        0        0  [irq/827-hisi_sa]
     2176       2 109  ffff402008a9e900  IN   0.0        0        0  [scsi_eh_15]
     2177       2 111  ffff40200a49aa00  ID   0.0        0        0  [kworker/R-scsi_]
     2178       2 112  ffff40200a499500  ID   0.0        0        0  [kworker/R-0000:]
     2179       2 113  ffff40200a49e900  ID   0.0        0        0  [kworker/R-scsi_]
     2180       2 114  ffff40200a498000  ID   0.0        0        0  [kworker/R-0000:]
     2181       2 115  ffff40200a49bf00  ID   0.0        0        0  [kworker/R-0000:]
     2182       2  29  ffff40200a49d400  IN   0.0        0        0  [irq/844-hisi_sa]
     2183       2  40  ffff402004c38000  IN   0.0        0        0  [irq/845-hisi_sa]
     2184       2  51  ffff402004c3bf00  IN   0.0        0        0  [irq/846-hisi_sa]
     2185       2  63  ffff402004c3d400  IN   0.0        0        0  [irq/847-hisi_sa]
     2186       2  74  ffff402004c3aa00  IN   0.0        0        0  [irq/848-hisi_sa]
     2187       2  87  ffff402004c39500  IN   0.0        0        0  [irq/849-hisi_sa]
     2188       2  97  ffff402004c3e900  IN   0.0        0        0  [irq/850-hisi_sa]
     2189       2 111  ffff402009160000  IN   0.0        0        0  [irq/851-hisi_sa]
     2190       2 121  ffff402009163f00  IN   0.0        0        0  [irq/852-hisi_sa]
     2191       2 135  ffff402009165400  IN   0.0        0        0  [irq/853-hisi_sa]
     2192       2 145  ffff402009162a00  IN   0.0        0        0  [irq/854-hisi_sa]
     2193       2 159  ffff402009161500  IN   0.0        0        0  [irq/855-hisi_sa]
     2194       2 169  ffff402009166900  IN   0.0        0        0  [irq/856-hisi_sa]
     2195       2 183  ffff402009dd9500  IN   0.0        0        0  [irq/857-hisi_sa]
     2196       2   0  ffff402009dde900  IN   0.0        0        0  [irq/858-hisi_sa]
     2197       2  15  ffff402009dd8000  IN   0.0        0        0  [irq/859-hisi_sa]
     2198       2 109  ffff402009ddbf00  IN   0.0        0        0  [scsi_eh_16]
     2199       2 110  ffff402009ddd400  ID   0.0        0        0  [kworker/R-scsi_]
     2200       2 111  ffff402009ddaa00  ID   0.0        0        0  [kworker/R-0000:]
     2201       2 112  ffff402003f16900  ID   0.0        0        0  [kworker/R-scsi_]
     2202       2 113  ffff402003f10000  ID   0.0        0        0  [kworker/R-0000:]
     2203       2 114  ffff402003f13f00  ID   0.0        0        0  [kworker/R-0000:]
     2204       2  31  ffff402003f15400  IN   0.0        0        0  [irq/876-hisi_sa]
     2205       2  41  ffff402003f12a00  IN   0.0        0        0  [irq/877-hisi_sa]
     2206       2  52  ffff402003f11500  IN   0.0        0        0  [irq/878-hisi_sa]
     2207       2  64  ffff402003f0bf00  IN   0.0        0        0  [irq/879-hisi_sa]
     2208       2  75  ffff402003f0d400  IN   0.0        0        0  [irq/880-hisi_sa]
     2209       2  88  ffff402003f0aa00  IN   0.0        0        0  [irq/881-hisi_sa]
     2210       2  98  ffff402003f09500  IN   0.0        0        0  [irq/882-hisi_sa]
     2211       2 112  ffff402003f0e900  IN   0.0        0        0  [irq/883-hisi_sa]
     2212       2 122  ffff402003f08000  IN   0.0        0        0  [irq/884-hisi_sa]
     2213       2 136  ffff402009d5aa00  IN   0.0        0        0  [irq/885-hisi_sa]
     2214       2 146  ffff402009d59500  IN   0.0        0        0  [irq/886-hisi_sa]
     2215       2 160  ffff402009d5e900  IN   0.0        0        0  [irq/887-hisi_sa]
     2216       2 179  ffff402009d58000  IN   0.0        0        0  [irq/888-hisi_sa]
     2217       2 184  ffff402009d5bf00  IN   0.0        0        0  [irq/889-hisi_sa]
     2218       2   1  ffff402009d5d400  IN   0.0        0        0  [irq/890-hisi_sa]
     2219       2  16  ffff40200a563f00  IN   0.0        0        0  [irq/891-hisi_sa]
     2220       2  94  ffff2040093faa00  ID   0.0        0        0  [kworker/94:1H]
     2221       2 172  ffff604009996900  ID   0.0        0        0  [kworker/172:1H]
     2222       2  20  ffff00202ca72a00  ID   0.0        0        0  [kworker/20:2]
     2250       2 111  ffff00202ca71500  ID   0.0        0        0  [kworker/R-kdmfl]
     2257       2 112  ffff00202ca76900  ID   0.0        0        0  [kworker/R-kdmfl]
     2272       2 110  ffff402008ae1500  ID   0.0        0        0  [kworker/110:1H]
     2274       2 113  ffff402008ae6900  ID   0.0        0        0  [kworker/113:1H]
     2284       2 111  ffff402008ae0000  ID   0.0        0        0  [kworker/111:2]
     2285       2 179  ffff402008ae3f00  RU   0.0        0        0  [jbd2/dm-0-8]
     2286       2 113  ffff402008ae5400  ID   0.0        0        0  [kworker/R-ext4-]
     2293       2 109  ffff402008af5400  ID   0.0        0        0  [kworker/109:1H]
     2318       2 106  ffff402008af2a00  ID   0.0        0        0  [kworker/106:2]
     2319       2 102  ffff402008af1500  ID   0.0        0        0  [kworker/102:2]
     2328       2 128  ffff4040098eaa00  ID   0.0        0        0  [kworker/128:1H]
     2330       2 126  ffff4040098e9500  ID   0.0        0        0  [kworker/126:1H]
     2332       2  95  ffff2040093f9500  ID   0.0        0        0  [kworker/95:1H]
     2333       2 133  ffff404008e30000  ID   0.0        0        0  [kworker/133:1H]
     2334       2 130  ffff404005d9e900  ID   0.0        0        0  [kworker/130:1H]
     2335       2 169  ffff604008a23f00  ID   0.0        0        0  [kworker/169:1H]
     2336       2 131  ffff404005d98000  ID   0.0        0        0  [kworker/131:1H]
     2337       2 155  ffff60200be8d400  ID   0.0        0        0  [kworker/155:1H]
     2338       2 115  ffff402008af6900  ID   0.0        0        0  [kworker/115:1H]
     2339       2  61  ffff2020090ad400  ID   0.0        0        0  [kworker/61:1H]
     2340       2 134  ffff404005d9bf00  ID   0.0        0        0  [kworker/134:1H]
     2341       2 132  ffff404009fb1500  ID   0.0        0        0  [kworker/132:1H]
     2342       2 116  ffff402008af0000  ID   0.0        0        0  [kworker/116:1H]
     2343       2 127  ffff404009fb6900  ID   0.0        0        0  [kworker/127:1H]
     2344       2 129  ffff404009fb0000  ID   0.0        0        0  [kworker/129:1H]
     2345       2 135  ffff404009fb3f00  ID   0.0        0        0  [kworker/135:1H]
     2346       2  60  ffff202006e23f00  ID   0.0        0        0  [kworker/60:1H]
     2347       2 136  ffff404009fb5400  ID   0.0        0        0  [kworker/136:1H]
     2348       2 157  ffff60200be8aa00  ID   0.0        0        0  [kworker/157:1H]
     2350       2 138  ffff404009fb2a00  ID   0.0        0        0  [kworker/138:1H]
     2351       2 173  ffff604008a25400  ID   0.0        0        0  [kworker/173:1H]
     2352       2  74  ffff20400887bf00  ID   0.0        0        0  [kworker/74:1H]
     2353       2 139  ffff404009f8d400  ID   0.0        0        0  [kworker/139:1H]
     2354       2  78  ffff20400887d400  ID   0.0        0        0  [kworker/78:1H]
     2355       2  80  ffff20400887aa00  ID   0.0        0        0  [kworker/80:1H]
     2356       2  75  ffff204008879500  ID   0.0        0        0  [kworker/75:1H]
     2357       2  79  ffff20400887e900  ID   0.0        0        0  [kworker/79:1H]
     2358       2 141  ffff404009f8aa00  ID   0.0        0        0  [kworker/141:1H]
     2359       2  82  ffff204008878000  ID   0.0        0        0  [kworker/82:1H]
     2360       2 140  ffff404009f89500  ID   0.0        0        0  [kworker/140:1H]
     2361       2  77  ffff204009983f00  ID   0.0        0        0  [kworker/77:1H]
     2362       2  81  ffff204009985400  ID   0.0        0        0  [kworker/81:1H]
     2363       2  76  ffff204009982a00  ID   0.0        0        0  [kworker/76:1H]
     2364       2 117  ffff402008af3f00  ID   0.0        0        0  [kworker/117:1H]
     2365       2 182  ffff604008a22a00  ID   0.0        0        0  [kworker/u392:1]
     2366       2 182  ffff604008a21500  ID   0.0        0        0  [kworker/u392:2]
     2367       2 137  ffff404009f8e900  ID   0.0        0        0  [kworker/137:1H]
     2368       2 137  ffff404009f88000  ID   0.0        0        0  [kworker/137:2]
     2373       2 122  ffff404009f8bf00  ID   0.0        0        0  [kworker/122:2]
     2378       2 118  ffff402013ab5400  ID   0.0        0        0  [kworker/118:1H]
     2380       2   1  ffff00202ca70000  ID   0.0        0        0  [kworker/1:1H]
     2384       2  39  ffff004014729500  ID   0.0        0        0  [kworker/39:2]
     2385       2   1  ffff00202ca73f00  ID   0.0        0        0  [kworker/1:2]
     2386       2 118  ffff402013ab2a00  ID   0.0        0        0  [kworker/118:2]
     2413       2 123  ffff404009f96900  ID   0.0        0        0  [kworker/123:2]
     2417       2 122  ffff404009f90000  ID   0.0        0        0  [kworker/122:3]
     2423       2  97  ffff402013ab1500  ID   0.0        0        0  [kworker/97:1H]
     2429       1 182  ffff40200a6f8000  UN   0.0    49448    15680  systemd-journal
     2435       2 135  ffff404009f93f00  ID   0.0        0        0  [kworker/u390:3]
     2453       2  99  ffff402013ab6900  ID   0.0        0        0  [kworker/99:2]
     2469       2 108  ffff402013ab9500  ID   0.0        0        0  [kworker/108:2]
     2477       2 107  ffff402013abbf00  ID   0.0        0        0  [kworker/107:3]
     2502       1 105  ffff402006acd400  IN   0.0    38912    14352  systemd-udevd
     2503       2 109  ffff402013acbf00  ID   0.0        0        0  [kworker/109:2]
     2548       2  98  ffff402013ad3f00  ID   0.0        0        0  [kworker/98:3]
     2684       2 159  ffff60200be89500  ID   0.0        0        0  [kworker/159:1H]
     2698       2  68  ffff202006e25400  ID   0.0        0        0  [kworker/68:1H]
     2920       2  69  ffff202006f0e900  ID   0.0        0        0  [kworker/69:1H]
     2921       2  71  ffff202006f09500  ID   0.0        0        0  [kworker/71:1H]
     2922       2  70  ffff202006f0aa00  ID   0.0        0        0  [kworker/70:1H]
     2925       2 175  ffff604008a26900  ID   0.0        0        0  [kworker/175:1H]
     2926       2 176  ffff604008a20000  ID   0.0        0        0  [kworker/176:1H]
     2927       2 177  ffff604009c8d400  ID   0.0        0        0  [kworker/177:1H]
     2928       2 180  ffff604009c8aa00  ID   0.0        0        0  [kworker/180:1H]
     2929       2 174  ffff604009c89500  ID   0.0        0        0  [kworker/174:1H]
     2930       2 178  ffff604009c8e900  ID   0.0        0        0  [kworker/178:1H]
     2991       2  85  ffff2040081a1500  ID   0.0        0        0  [kworker/85:1H]
     2994       2  84  ffff2040081a6900  ID   0.0        0        0  [kworker/84:1H]
     2997       2  91  ffff2040081a0000  ID   0.0        0        0  [kworker/91:1H]
     3000       2  90  ffff2040081a3f00  ID   0.0        0        0  [kworker/90:1H]
     3001       2  86  ffff2040081a5400  ID   0.0        0        0  [kworker/86:1H]
     3003       2  93  ffff2040081a2a00  ID   0.0        0        0  [kworker/93:1H]
     3006       2  87  ffff2040081abf00  ID   0.0        0        0  [kworker/87:1H]
     3007       2  83  ffff2040081ad400  ID   0.0        0        0  [kworker/83:1H]
     3008       2  88  ffff2040081aaa00  ID   0.0        0        0  [kworker/88:1H]
     3009       2  89  ffff2040081a9500  ID   0.0        0        0  [kworker/89:1H]
     3045       2 161  ffff602010359500  ID   0.0        0        0  [kworker/161:1H]
     3046       2 165  ffff60201035e900  ID   0.0        0        0  [kworker/165:1H]
     3047       2 166  ffff602010358000  ID   0.0        0        0  [kworker/166:1H]
     3050       2  92  ffff204006295400  ID   0.0        0        0  [kworker/92:1H]
     3053       2 164  ffff60201035bf00  ID   0.0        0        0  [kworker/164:1H]
     3054       2 163  ffff60201035d400  ID   0.0        0        0  [kworker/163:1H]
     3071       2 162  ffff6020103d5400  ID   0.0        0        0  [kworker/162:1H]
     3073       2 158  ffff6020103d2a00  ID   0.0        0        0  [kworker/158:1H]
     3075       2 160  ffff6020103d1500  ID   0.0        0        0  [kworker/160:1H]
     3314       2  76  ffff2040099a6900  ID   0.0        0        0  [kworker/76:2]
     3315       2  94  ffff2040099a0000  ID   0.0        0        0  [kworker/R-ipmi-]
     3317       2 184  ffff604008969500  ID   0.0        0        0  [kworker/184:1H]
     3318       2 188  ffff60400896e900  ID   0.0        0        0  [kworker/188:1H]
     3319       2 187  ffff604008968000  ID   0.0        0        0  [kworker/187:1H]
     3320       2 186  ffff60400896bf00  ID   0.0        0        0  [kworker/186:1H]
     3333       2 140  ffff40401217e900  ID   0.0        0        0  [kworker/140:2]
     3363       2 185  ffff60400a763f00  ID   0.0        0        0  [kworker/185:1H]
     3368       2 183  ffff60400a765400  ID   0.0        0        0  [kworker/183:1H]
     3371       2  91  ffff60400a762a00  ID   0.0        0        0  [kworker/R-ib-co]
     3372       2  78  ffff60400a761500  ID   0.0        0        0  [kworker/R-ib-co]
     3373       2  77  ffff60400a766900  ID   0.0        0        0  [kworker/R-ib_mc]
     3374       2  73  ffff60400a760000  ID   0.0        0        0  [kworker/R-ib_nl]
     3402       2 182  ffff60400a769500  ID   0.0        0        0  [kworker/182:1H]
     3421       2 179  ffff60400a76e900  ID   0.0        0        0  [kworker/179:1H]
     3537       2   2  ffff00202d22aa00  ID   0.0        0        0  [kworker/2:1H]
     4657       2 110  ffff402022133f00  ID   0.0        0        0  [kworker/110:2]
     5216       2  72  ffff204005e82a00  ID   0.0        0        0  [kworker/u388:1]
     5815       2 181  ffff60401365e900  ID   0.0        0        0  [kworker/181:1H]
     6201       2 179  ffff604014365400  ID   0.0        0        0  [kworker/179:2]
     9516       2  88  ffff204012841500  ID   0.0        0        0  [kworker/R-hns_r]
     9517       2  87  ffff204012846900  ID   0.0        0        0  [kworker/R-ib_ma]
     9518       2  87  ffff204012840000  ID   0.0        0        0  [kworker/R-hns_r]
     9519       2  60  ffff204012842a00  ID   0.0        0        0  [kworker/R-ib_ma]
     9533       2  92  ffff204012843f00  ID   0.0        0        0  [kworker/R-kdmfl]
     9537       1 129  ffff40200343d400  IN   0.0     5384     2612  rdma-ndd
     9538       2 128  ffff4040098ed400  ID   0.0        0        0  [kworker/128:2]
     9540       2  94  ffff4040098ee900  ID   0.0        0        0  [kworker/R-iscsi]
     9542       2  87  ffff4040098ebf00  ID   0.0        0        0  [kworker/R-iw_cm]
     9543       2  93  ffff4040098e8000  ID   0.0        0        0  [kworker/R-rdma_]
     9554       2  87  ffff404009edaa00  ID   0.0        0        0  [kworker/R-targe]
     9555       2  88  ffff404009ed9500  ID   0.0        0        0  [kworker/R-targe]
     9556       2  89  ffff404009ed2a00  ID   0.0        0        0  [kworker/R-xcopy]
     9565       2  90  ffff404009ed1500  IN   0.0        0        0  [jbd2/sda2-8]
     9566       2  92  ffff404009ed3f00  ID   0.0        0        0  [kworker/R-ext4-]
     9567       2 181  ffff404009ed5400  IN   0.0        0        0  [jbd2/dm-2-8]
     9568       2  94  ffff204012845400  ID   0.0        0        0  [kworker/R-ext4-]
     9578       2  72  ffff204009980000  ID   0.0        0        0  [kworker/R-rpcio]
     9579       2  73  ffff204009981500  ID   0.0        0        0  [kworker/R-xprti]
     9584       2 132  ffff404014892a00  ID   0.0        0        0  [kworker/132:2]
     9590       2 125  ffff404014895400  ID   0.0        0        0  [kworker/125:2]
     9596       1 122  ffff40400d11e900  IN   0.0    12772     4196  rpcbind
     9597       1 182  ffff404013778000  IN   0.0    19376     2516  auditd
     9598       1  10  ffff4040137f3f00  IN   0.0    19376     2516  auditd
     9618       1 180  ffff4020440caa00  IN   0.0     8992     4600  dbus-daemon
     9622       1 179  ffff4020138a5400  IN   0.0     2464     1724  lsmd
     9628       1 128  ffff40401637bf00  IN   0.0    81676     4132  irqbalance
     9629       1 142  ffff4020138a6900  IN   0.0   467540     9580  rngd
     9631       1 100  ffff00203faa0000  IN   0.0    10400     4976  smartd
     9633       1 128  ffff404009311500  IN   0.0    81676     4132  gmain
     9634       1 181  ffff4020440c8000  IN   0.0    18376     7096  systemd-logind
     9674       1 128  ffff00202f9d6900  IN   0.0    11208     3652  restorecond
     9686       1 179  ffff602004b65400  IN   0.0    85684     3784  chronyd
     9690       1   0  ffff40401cc58000  IN   0.0   467540     9580  rngd
     9691       1   1  ffff40401cc5d400  IN   0.0   467540     9580  rngd
     9692       1   2  ffff40401cc59500  IN   0.0   467540     9580  rngd
     9693       1   3  ffff40401cc5bf00  IN   0.0   467540     9580  rngd
     9694       1 142  ffff402021ea5400  IN   0.0   148728    44476  firewalld
     9696       1  96  ffff404009976900  IN   0.0   350764    21144  NetworkManager
     9704       1 143  ffff40401c735400  IN   0.0   350764    21144  gmain
     9705       1 120  ffff40401c732a00  IN   0.0   350764    21144  pool-spawner
     9706       1 122  ffff40401c731500  IN   0.0   350764    21144  gdbus
     9719       1 113  ffff404009971500  IN   0.0    16288     6156  sshd
     9723       1 179  ffff404009b63f00  IN   0.0   280588    30184  tuned
     9738       2 142  ffff4040136cbf00  ID   0.0        0        0  [kworker/142:2]
     9741       1 132  ffff404009b66900  IN   0.0     3912     2072  atd
     9750       1 116  ffff40401a4e1500  IN   0.0    23416     8532  crond
     9760       1 135  ffff4040032b9500  IN   0.0    21328     3740  agetty
     9761       1 137  ffff40401a4e5400  IN   0.0    20948     5696  agetty
     9765       2 134  ffff4040136c8000  ID   0.0        0        0  [kworker/134:2]
     9788       2 138  ffff4040136ce900  ID   0.0        0        0  [kworker/138:2]
     9803       1 101  ffff40401a4e0000  IN   0.0   310076     8956  polkitd
     9805       1 124  ffff40401a4e6900  IN   0.0   310076     8956  gmain
     9806       1 125  ffff40401a4e3f00  IN   0.0   310076     8956  pool-spawner
     9807       1 139  ffff40401a4e2a00  IN   0.0   310076     8956  gdbus
     9815       1 143  ffff402022136900  IN   0.0   148728    44476  gmain
    10002       1 179  ffff40401377bf00  IN   0.0   280588    30184  tuned
    10003       1 132  ffff4040194ebf00  IN   0.0   280588    30184  tuned
    10004       1 119  ffff4040032baa00  IN   0.0   280588    30184  tuned
    10005       1 143  ffff402022130000  IN   0.0   467540     9580  pool-spawner
    10006       1 121  ffff402022131500  IN   0.0   467540     9580  gmain
    10015    9696  96  ffff40401c736900  IN   0.0     8936     4832  dhclient
    10016       2 179  ffff40200343e900  ID   0.0        0        0  [kworker/u384:2]
    10023       2 136  ffff4040136c9500  ID   0.0        0        0  [kworker/136:2]
    10058       1 137  ffff40400d11d400  IN   0.0   172760    21320  rsyslogd
    10071       2 116  ffff402013ac3f00  ID   0.0        0        0  [kworker/116:2]
    10106       1 180  ffff4040130f2a00  IN   0.0   172760    21320  in:imjournal
    10108       1 180  ffff40201894aa00  IN   0.0   172760    21320  rs:main Q:Reg
    10180       1 143  ffff4040137b6900  IN   0.0    17752     6584  pmcd
    10184   10180  98  ffff404010b0d400  IN   0.0    14272     4472  pmdaroot
    10185   10184 143  ffff404013531500  IN   0.0    19312    10204  pmdaproc
    10187   10184 139  ffff404013536900  IN   0.0    13296     4340  pmdaxfs
>   10188   10184 142  ffff404013530000  RU   0.0    38556    29608  pmdalinux
    10189   10184 102  ffff404013533f00  IN   0.0    49896    22932  python3
    10193   10184 139  ffff4040148ad400  IN   0.0    13352     4364  pmdakvm
    10194   10184 120  ffff404013535400  IN   0.0    15008     5036  pmdadm
    10195   10184 179  ffff404013532a00  IN   0.0   210804    37632  python3
    10766       1 140  ffff4020440ce900  IN   0.0    14508     5968  pmie
    10788       1 122  ffff402021ea2a00  IN   0.0    13032     3744  pmpause
    10800       1 139  ffff402014682a00  IN   0.0    25400    16584  pmlogger
    17946       2 101  ffff402013ac0000  ID   0.0        0        0  [kworker/101:3]
    19193    9719 136  ffff40200a6fe900  IN   0.0    20672     7276  sshd
    19998   19193  96  ffff40201f651500  IN   0.0    20976     5828  sshd
    20180   19998 135  ffff40201e821500  IN   0.0    25204    11884  bash
    30470       2  87  ffff2040058e2a00  ID   0.0        0        0  [kworker/87:2]
    30472       2  86  ffff2040081ae900  ID   0.0        0        0  [kworker/86:2]
    30623       2 112  ffff40201ba58000  ID   0.0        0        0  [kworker/112:2]
    34438       1 101  ffff404018b89500  IN   0.0    13032     3756  pmpause
    37559       2 132  ffff404009b60000  ID   0.0        0        0  [kworker/132:3]
    55206       2  24  ffff00400aaa1500  ID   0.0        0        0  [kworker/u386:4]
    55871       2 136  ffff4040130f1500  ID   0.0        0        0  [kworker/u390:4]
    56102       2  96  ffff402019922a00  ID   0.0        0        0  [kworker/96:1]
    56103       2 129  ffff404008e33f00  ID   0.0        0        0  [kworker/129:0]
    56197       2  96  ffff402019925400  ID   0.0        0        0  [kworker/u389:1]
    56224       2 130  ffff404008e31500  ID   0.0        0        0  [kworker/130:0]
    56225       2 128  ffff404008e32a00  ID   0.0        0        0  [kworker/128:0]
    56354   20180 136  ffff404010b8d400  IN   0.0    33504    14748  su
    56355   56354 179  ffff40400d10d400  IN   0.0    25704    14412  bash
    57430       2 114  ffff40201f653f00  ID   0.0        0        0  [kworker/u389:0]
    57933       2  97  ffff40201f652a00  ID   0.0        0        0  [kworker/97:0]
    58030       2 110  ffff40201f650000  ID   0.0        0        0  [kworker/110:0]
    58690       2 102  ffff40200a561500  ID   0.0        0        0  [kworker/u389:3]
    59094       1 115  ffff402003958000  IN   0.0    22604     1752  bash
    59097   59094 119  ffff40201ba5bf00  IN   0.0    22472     3196  run_stage1_rest
    62880       1 179  ffff60400e0a1500  IN   0.0    22604     3312  bash
    62900   62880  16  ffff60400f272a00  IN   0.0    20900     1724  sleep
    70571       2 182  ffff6040081cbf00  ID   0.0        0        0  [kworker/u392:3]
    78450       2 179  ffff60400f271500  ID   0.0        0        0  [kworker/179:0]
    79910       2 179  ffff60400f270000  ID   0.0        0        0  [kworker/179:3]
    80532   56355 179  ffff60400f273f00  ID   0.0  6628932   500052  claude
    80533   56355 179  ffff60400f276900  ID   0.0  6628932   500052  mi-scavenger
    80534   56355 179  ffff60400f275400  ID   0.0  6628932   500052  HeapHelper
    80535   56355 179  ffff60400439bf00  ID   0.0  6628932   500052  HeapHelper
    80536   56355 179  ffff60400439d400  ID   0.0  6628932   500052  HeapHelper
    80537   56355 179  ffff60400439aa00  ID   0.0  6628932   500052  HeapHelper
    80538   56355 179  ffff604004399500  ID   0.0  6628932   500052  HeapHelper
    80539   56355 179  ffff60400439e900  ID   0.0  6628932   500052  HeapHelper
    80540   56355 179  ffff604004398000  ID   0.0  6628932   500052  HeapHelper
    80749   56355 179  ffff60400eafe900  ID   0.0  6628932   500052  Bun Pool 0
    80750   56355 179  ffff0040189fbf00  ID   0.0  6628932   500052  Bun Pool 1
    80753   56355 179  ffff60400eafbf00  ID   0.0  6628932   500052  HTTP Client
    80754   56355 179  ffff0040189faa00  ID   0.0  6628932   500052  Bun Pool 2
    80755   56355 179  ffff60400eafaa00  ID   0.0  6628932   500052  Bun Pool 3
    80756   56355 179  ffff40204caa1500  ID   0.0  6628932   500052  Bun Pool 4
    80757   56355 179  ffff60400503d400  ID   0.0  6628932   500052  Bun Pool 5
    81029   56355 186  ffff604013659500  ID   0.0  6628932   500052  fs.watch
    81470   59097  25  ffff4020072b6900  IN   0.0    26536    11848  opendcdiag
    88309   56355 179  ffff60401365d400  IN   0.0  6628932   500052  JITWorker
>   89347       1 179  ffff604013658000  RU   0.0    16208     7484  systemd-coredum
    89348       2   6  ffff00202869bf00  ID   0.0        0        0  [kworker/6:0]
    89349       2   7  ffff00202869d400  ID   0.0        0        0  [kworker/7:2]
    90594   81470  19  ffff0040087c3f00  IN   0.0  1803560     5132  control
    90595   81470  36  ffff0040087c6900  IN   0.0  1803560     5132  control
    90596   81470  62  ffff0040087c1500  IN   0.0  1803908     5408  control
    90597   81470  93  ffff0040087c0000  IN   0.0  1803908     5408  control
    90598   81470  97  ffff0040087c2a00  IN   0.0  1804204     5704  control
    90599   81470 140  ffff0040087c5400  IN   0.0  1804204     5704  control
    90600   81470 165  ffff40200bf2aa00  IN   0.0  1804500     6000  control
    90601   81470 182  ffff2040101c5400  IN   0.0  1730764     5956  control
>   90605   81470   0  ffff002033dd3f00  RU   0.0  1803560     5132  arm0102_swizzle
>   90606   81470  24  ffff0040153faa00  RU   0.0  1803560     5132  arm0102_swizzle
>   90607   81470   1  ffff002033dd6900  RU   0.0  1803560     5132  arm0102_swizzle
>   90608   81470  25  ffff0040153f9500  RU   0.0  1803560     5132  arm0102_swizzle
>   90609   81470   2  ffff002033dd0000  RU   0.0  1803560     5132  arm0102_swizzle
>   90610   81470  26  ffff0040153f8000  RU   0.0  1803560     5132  arm0102_swizzle
>   90611   81470   3  ffff002033dd2a00  RU   0.0  1803560     5132  arm0102_swizzle
>   90612   81470  27  ffff0040153fe900  RU   0.0  1803560     5132  arm0102_swizzle
>   90613   81470   4  ffff00202bbcd400  RU   0.0  1803560     5132  arm0102_swizzle
>   90614   81470  28  ffff0040153fd400  RU   0.0  1803560     5132  arm0102_swizzle
>   90615   81470  29  ffff0040159e1500  RU   0.0  1803560     5132  arm0102_swizzle
>   90616   81470   5  ffff00202bbcaa00  RU   0.0  1803560     5132  arm0102_swizzle
>   90617   81470  30  ffff004009d20000  RU   0.0  1803560     5132  arm0102_swizzle
>   90618   81470   6  ffff00202bbcbf00  RU   0.0  1803560     5132  arm0102_swizzle
>   90619   81470  48  ffff20200ab9bf00  RU   0.0  1803908     5408  arm0102_swizzle
>   90620   81470  31  ffff004009d23f00  RU   0.0  1803560     5132  arm0102_swizzle
>   90621   81470   7  ffff00202bbc8000  RU   0.0  1803560     5132  arm0102_swizzle
>   90623   81470  49  ffff20200ab99500  RU   0.0  1803908     5408  arm0102_swizzle
>   90624   81470   8  ffff00202bbce900  RU   0.0  1803560     5132  arm0102_swizzle
>   90625   81470  32  ffff004009d25400  RU   0.0  1803560     5132  arm0102_swizzle
>   90626   81470  50  ffff20200ab9e900  RU   0.0  1803908     5408  arm0102_swizzle
>   90627   81470   9  ffff00202bbc9500  RU   0.0  1803560     5132  arm0102_swizzle
>   90628   81470  33  ffff004009d26900  RU   0.0  1803560     5132  arm0102_swizzle
>   90629   81470  51  ffff20200ab98000  RU   0.0  1803908     5408  arm0102_swizzle
>   90630   81470  10  ffff00202e3b9500  RU   0.0  1803560     5132  arm0102_swizzle
>   90631   81470  34  ffff004012645400  RU   0.0  1803560     5132  arm0102_swizzle
>   90632   81470  11  ffff00202e3baa00  RU   0.0  1803560     5132  arm0102_swizzle
>   90633   81470  52  ffff202014b60000  RU   0.0  1803908     5408  arm0102_swizzle
>   90634   81470  35  ffff004012640000  RU   0.0  1803560     5132  arm0102_swizzle
>   90635   81470  53  ffff202014b61500  RU   0.0  1803908     5408  arm0102_swizzle
>   90636   81470  12  ffff002036241500  RU   0.0  1803560     5132  arm0102_swizzle
>   90637   81470  36  ffff004012642a00  RU   0.0  1803560     5132  arm0102_swizzle
>   90638   81470  54  ffff20200d116900  RU   0.0  1803908     5408  arm0102_swizzle
>   90639   81470  13  ffff002036245400  RU   0.0  1803560     5132  arm0102_swizzle
>   90640   81470  37  ffff004012643f00  RU   0.0  1803560     5132  arm0102_swizzle
>   90641   81470  55  ffff20200d110000  RU   0.0  1803908     5408  arm0102_swizzle
>   90642   81470  38  ffff004012641500  RU   0.0  1803560     5132  arm0102_swizzle
>   90643   81470  14  ffff002036242a00  RU   0.0  1803560     5132  arm0102_swizzle
>   90645   81470  72  ffff20400af41500  RU   0.0  1803908     5408  arm0102_swizzle
>   90646   81470  56  ffff20200d112a00  RU   0.0  1803908     5408  arm0102_swizzle
>   90647   81470  39  ffff004012646900  RU   0.0  1803560     5132  arm0102_swizzle
>   90648   81470  15  ffff002032f2e900  RU   0.0  1803560     5132  arm0102_swizzle
>   90649   81470  73  ffff20400af40000  RU   0.0  1803908     5408  arm0102_swizzle
>   90650   81470  57  ffff20200d115400  RU   0.0  1803908     5408  arm0102_swizzle
>   90651   81470  40  ffff0040039fd400  RU   0.0  1803560     5132  arm0102_swizzle
>   90653   81470  16  ffff002032f2aa00  RU   0.0  1803560     5132  arm0102_swizzle
>   90654   81470  74  ffff20400af42a00  RU   0.0  1803908     5408  arm0102_swizzle
>   90655   81470  58  ffff20200d111500  RU   0.0  1803908     5408  arm0102_swizzle
>   90656   81470  41  ffff004005928000  RU   0.0  1803560     5132  arm0102_swizzle
>   90657   81470  17  ffff002032f28000  RU   0.0  1803560     5132  arm0102_swizzle
>   90658   81470  75  ffff20400af45400  RU   0.0  1803908     5408  arm0102_swizzle
>   90659   81470  59  ffff20200d113f00  RU   0.0  1803908     5408  arm0102_swizzle
>   90660   81470  42  ffff00400592e900  RU   0.0  1803560     5132  arm0102_swizzle
>   90661   81470  18  ffff002029b26900  RU   0.0  1803560     5132  arm0102_swizzle
>   90662   81470  76  ffff20400af43f00  RU   0.0  1803908     5408  arm0102_swizzle
>   90663   81470  43  ffff0040196b2a00  RU   0.0  1803560     5132  arm0102_swizzle
>   90664   81470  60  ffff20200c542a00  RU   0.0  1803908     5408  arm0102_swizzle
>   90665   81470  19  ffff002029b25400  RU   0.0  1803560     5132  arm0102_swizzle
>   90666   81470  77  ffff20400af46900  RU   0.0  1803908     5408  arm0102_swizzle
>   90667   81470  44  ffff0040196b0000  RU   0.0  1803560     5132  arm0102_swizzle
>   90668   81470  61  ffff202008d72a00  RU   0.0  1803908     5408  arm0102_swizzle
>   90669   81470  78  ffff2040099a5400  RU   0.0  1803908     5408  arm0102_swizzle
>   90670   81470  45  ffff0040196b6900  RU   0.0  1803560     5132  arm0102_swizzle
>   90671   81470  20  ffff002029b20000  RU   0.0  1803560     5132  arm0102_swizzle
>   90672   81470  62  ffff202008d71500  RU   0.0  1803908     5408  arm0102_swizzle
>   90673   81470  96  ffff402021a75400  RU   0.0  1804204     5704  arm0102_swizzle
>   90674   81470  79  ffff2040099a3f00  RU   0.0  1803908     5408  arm0102_swizzle
>   90675   81470  46  ffff0040196b5400  RU   0.0  1803560     5132  arm0102_swizzle
>   90676   81470  21  ffff002029b22a00  RU   0.0  1803560     5132  arm0102_swizzle
>   90677   81470  63  ffff202008d70000  RU   0.0  1803908     5408  arm0102_swizzle
>   90678   81470  97  ffff402021a72a00  RU   0.0  1804204     5704  arm0102_swizzle
>   90679   81470  47  ffff0040196b1500  RU   0.0  1803560     5132  arm0102_swizzle
>   90680   81470 120  ffff4040032bbf00  RU   0.0  1804204     5704  arm0102_swizzle
>   90681   81470  22  ffff002029b21500  RU   0.0  1803560     5132  arm0102_swizzle
>   90682   81470  64  ffff202008d76900  RU   0.0  1803908     5408  arm0102_swizzle
>   90683   81470  98  ffff402021a73f00  RU   0.0  1804204     5704  arm0102_swizzle
>   90684   81470  80  ffff20401282e900  RU   0.0  1803908     5408  arm0102_swizzle
>   90685   81470 121  ffff4040032bd400  RU   0.0  1804204     5704  arm0102_swizzle
>   90686   81470  23  ffff002029b23f00  RU   0.0  1803560     5132  arm0102_swizzle
>   90687   81470  65  ffff202008d75400  RU   0.0  1803908     5408  arm0102_swizzle
>   90688   81470  99  ffff402021a70000  RU   0.0  1804204     5704  arm0102_swizzle
>   90689   81470 122  ffff4040032b8000  RU   0.0  1804204     5704  arm0102_swizzle
>   90690   81470  81  ffff20401282aa00  RU   0.0  1803908     5408  arm0102_swizzle
>   90691   81470  66  ffff202008d73f00  RU   0.0  1803908     5408  arm0102_swizzle
>   90692   81470 100  ffff402021a71500  RU   0.0  1804204     5704  arm0102_swizzle
>   90694   81470 123  ffff4040032be900  RU   0.0  1804204     5704  arm0102_swizzle
>   90695   81470  82  ffff204012828000  RU   0.0  1803908     5408  arm0102_swizzle
>   90696   81470  67  ffff20200ab6d400  RU   0.0  1803908     5408  arm0102_swizzle
>   90697   81470 101  ffff402021a76900  RU   0.0  1804204     5704  arm0102_swizzle
>   90698   81470 124  ffff4040035fe900  RU   0.0  1804204     5704  arm0102_swizzle
>   90699   81470  83  ffff20401282d400  RU   0.0  1803908     5408  arm0102_swizzle
>   90700   81470  68  ffff20200ab6e900  RU   0.0  1803908     5408  arm0102_swizzle
>   90701   81470 102  ffff40200a6faa00  RU   0.0  1804204     5704  arm0102_swizzle
>   90702   81470  84  ffff204012829500  RU   0.0  1803908     5408  arm0102_swizzle
>   crash> quit
90703   81470 125  ffff4040137ad400  RU   0.0  1804204     5704  arm0102_swizzle
>   90704   81470  69  ffff20200ab69500  RU   0.0  1803908     5408  arm0102_swizzle
>   90705   81470 103  ffff40200a6f9500  RU   0.0  1804204     5704  arm0102_swizzle
>   90706   81470  85  ffff20401775aa00  RU   0.0  1803908     5408  arm0102_swizzle
>   90707   81470 126  ffff4040137abf00  RU   0.0  1804204     5704  arm0102_swizzle
>   90708   81470 104  ffff40200a6fbf00  RU   0.0  1804204     5704  arm0102_swizzle
>   90709   81470  70  ffff20200ab68000  RU   0.0  1803908     5408  arm0102_swizzle
>   90710   81470  86  ffff204017758000  RU   0.0  1803908     5408  arm0102_swizzle
>   90711   81470 105  ffff40200a6fd400  RU   0.0  1804204     5704  arm0102_swizzle
>   90712   81470 127  ffff4040137a9500  RU   0.0  1804204     5704  arm0102_swizzle
>   90713   81470  71  ffff20200ab6bf00  RU   0.0  1803908     5408  arm0102_swizzle
>   90714   81470  87  ffff20401775d400  RU   0.0  1803908     5408  arm0102_swizzle
>   90715   81470 106  ffff4020071dd400  RU   0.0  1804204     5704  arm0102_swizzle
>   90716   81470 128  ffff4040137aaa00  RU   0.0  1804204     5704  arm0102_swizzle
>   90717   81470  88  ffff20401775e900  RU   0.0  1803908     5408  arm0102_swizzle
>   90718   81470 129  ffff4040137a8000  RU   0.0  1804204     5704  arm0102_swizzle
>   90719   81470 107  ffff4020071d9500  RU   0.0  1804204     5704  arm0102_swizzle
>   90720   81470  89  ffff20401775bf00  RU   0.0  1803908     5408  arm0102_swizzle
>   90721   81470 144  ffff602015802a00  RU   0.0  1804500     6000  arm0102_swizzle
>   90722   81470 108  ffff4020071daa00  RU   0.0  1804204     5704  arm0102_swizzle
>   90723   81470 130  ffff404009312a00  RU   0.0  1804204     5704  arm0102_swizzle
>   90724   81470 109  ffff4020071d8000  RU   0.0  1804204     5704  arm0102_swizzle
>   90725   81470 145  ffff602015805400  RU   0.0  1804500     6000  arm0102_swizzle
>   90726   81470 131  ffff404009310000  RU   0.0  1804204     5704  arm0102_swizzle
>   90727   81470 110  ffff4020071de900  RU   0.0  1804204     5704  arm0102_swizzle
>   90728   81470 146  ffff602015801500  RU   0.0  1804500     6000  arm0102_swizzle
>   90729   81470 111  ffff4020071dbf00  RU   0.0  1804204     5704  arm0102_swizzle
>   90730   81470  90  ffff204013d66900  RU   0.0  1803908     5408  arm0102_swizzle
>   90731   81470 132  ffff404009316900  RU   0.0  1804204     5704  arm0102_swizzle
>   90732   81470 147  ffff602015803f00  RU   0.0  1804500     6000  arm0102_swizzle
>   90733   81470 112  ffff40200341bf00  RU   0.0  1804204     5704  arm0102_swizzle
>   90734   81470  91  ffff204013d65400  RU   0.0  1803908     5408  arm0102_swizzle
>   90735   81470 133  ffff404009313f00  RU   0.0  1804204     5704  arm0102_swizzle
>   90736   81470 113  ffff402003725400  RU   0.0  1804204     5704  arm0102_swizzle
>   90737   81470 148  ffff602006f55400  RU   0.0  1804500     6000  arm0102_swizzle
>   90738   81470 134  ffff404009315400  RU   0.0  1804204     5704  arm0102_swizzle
>   90739   81470  92  ffff204013d61500  RU   0.0  1803908     5408  arm0102_swizzle
>   90740   81470 114  ffff402003942a00  RU   0.0  1804204     5704  arm0102_swizzle
>   90742   81470 135  ffff404003fc0000  RU   0.0  1804204     5704  arm0102_swizzle
>   90743   81470 149  ffff602006f53f00  RU   0.0  1804500     6000  arm0102_swizzle
>   90744   81470  93  ffff204013d63f00  RU   0.0  1803908     5408  arm0102_swizzle
>   90745   81470 115  ffff402006bebf00  RU   0.0  1804204     5704  arm0102_swizzle
>   90746   81470 136  ffff404009ecd400  RU   0.0  1804204     5704  arm0102_swizzle
>   90747   81470  94  ffff204013d62a00  RU   0.0  1803908     5408  arm0102_swizzle
>   90748   81470 150  ffff602006f52a00  RU   0.0  1804500     6000  arm0102_swizzle
>   90749   81470 116  ffff402006bee900  RU   0.0  1804204     5704  arm0102_swizzle
>   90750   81470 137  ffff40400380e900  RU   0.0  1804204     5704  arm0102_swizzle
>   90751   81470  95  ffff204013d60000  RU   0.0  1803908     5408  arm0102_swizzle
>   90752   81470 117  ffff402006be8000  RU   0.0  1804204     5704  arm0102_swizzle
>   90753   81470 151  ffff602006f50000  RU   0.0  1804500     6000  arm0102_swizzle
>   90754   81470 118  ffff402006bed400  RU   0.0  1804204     5704  arm0102_swizzle
>   90755   81470 138  ffff404018636900  RU   0.0  1804204     5704  arm0102_swizzle
>   90756   81470 152  ffff602006f51500  RU   0.0  1804500     6000  arm0102_swizzle
>   90757   81470 119  ffff402006be9500  RU   0.0  1804204     5704  arm0102_swizzle
>   90758   81470 139  ffff404018635400  RU   0.0  1804204     5704  arm0102_swizzle
>   90759   81470 153  ffff602006f56900  RU   0.0  1804500     6000  arm0102_swizzle
>   90760   81470 140  ffff404018633f00  RU   0.0  1804204     5704  arm0102_swizzle
>   90761   81470 154  ffff6020170d6900  RU   0.0  1804500     6000  arm0102_swizzle
>   90762   81470 141  ffff404018630000  RU   0.0  1804204     5704  arm0102_swizzle
>   90763   81470 155  ffff6020170d1500  RU   0.0  1804500     6000  arm0102_swizzle
    90764   81470 142  ffff404018632a00  RU   0.0  1804204     5704  arm0102_swizzle
>   90765   81470 156  ffff6020170d3f00  RU   0.0  1804500     6000  arm0102_swizzle
>   90766   81470 143  ffff404018631500  RU   0.0  1804204     5704  arm0102_swizzle
>   90767   81470 157  ffff602004b61500  RU   0.0  1804500     6000  arm0102_swizzle
>   90768   81470 168  ffff604012925400  RU   0.0  1730764     5956  arm0102_swizzle
>   90769   81470 158  ffff602004b62a00  RU   0.0  1804500     6000  arm0102_swizzle
>   90770   81470 169  ffff604012920000  RU   0.0  1730764     5956  arm0102_swizzle
>   90771   81470 159  ffff602004b63f00  RU   0.0  1804500     6000  arm0102_swizzle
>   90772   81470 170  ffff604012922a00  RU   0.0  1730764     5956  arm0102_swizzle
>   90773   81470 160  ffff602004b66900  RU   0.0  1804500     6000  arm0102_swizzle
>   90774   81470 171  ffff604012921500  RU   0.0  1730764     5956  arm0102_swizzle
>   90775   81470 161  ffff602004b60000  RU   0.0  1804500     6000  arm0102_swizzle
>   90776   81470 162  ffff602006dd2a00  RU   0.0  1804500     6000  arm0102_swizzle
>   90777   81470 172  ffff6040109a2a00  RU   0.0  1730764     5956  arm0102_swizzle
>   90778   81470 163  ffff6020170faa00  RU   0.0  1804500     6000  arm0102_swizzle
>   90779   81470 164  ffff6020170f8000  RU   0.0  1804500     6000  arm0102_swizzle
>   90780   81470 173  ffff6040109a1500  RU   0.0  1730764     5956  arm0102_swizzle
>   90781   81470 165  ffff6020170fe900  RU   0.0  1804500     6000  arm0102_swizzle
>   90782   81470 174  ffff6040109a0000  RU   0.0  1730764     5956  arm0102_swizzle
>   90783   81470 175  ffff6040109a3f00  RU   0.0  1730764     5956  arm0102_swizzle
>   90784   81470 176  ffff6040109a6900  RU   0.0  1730764     5956  arm0102_swizzle
>   90785   81470 177  ffff6040109a5400  RU   0.0  1730764     5956  arm0102_swizzle
>   90786   81470 178  ffff6040174ebf00  RU   0.0  1730764     5956  arm0102_swizzle
>   90787   81470 180  ffff6040174ed400  RU   0.0  1730764     5956  arm0102_swizzle
>   90788   81470 181  ffff60400e09bf00  RU   0.0  1730764     5956  arm0102_swizzle
>   90789   81470 182  ffff60400e09aa00  RU   0.0  1730764     5956  arm0102_swizzle
>   90790   81470 183  ffff60400e09d400  RU   0.0  1730764     5956  arm0102_swizzle
>   90791   81470 184  ffff60400e09e900  RU   0.0  1730764     5956  arm0102_swizzle
>   90792   81470 185  ffff60400e098000  RU   0.0  1730764     5956  arm0102_swizzle
>   90793   81470 166  ffff60201c132a00  RU   0.0  1804500     6000  arm0102_swizzle
>   90794   81470 186  ffff60400e099500  RU   0.0  1730764     5956  arm0102_swizzle
>   90795   81470 167  ffff60201c136900  RU   0.0  1804500     6000  arm0102_swizzle
>   90796   81470 187  ffff604015f33f00  RU   0.0  1730764     5956  arm0102_swizzle
>   90797   81470 188  ffff604015f30000  RU   0.0  1730764     5956  arm0102_swizzle
>   90798   81470 189  ffff604015f31500  RU   0.0  1730764     5956  arm0102_swizzle
>   90799   81470 190  ffff604015f36900  RU   0.0  1730764     5956  arm0102_swizzle
>   90800   81470 191  ffff604015f32a00  RU   0.0  1730764     5956  arm0102_swizzle
