
crash 8.0.4-17.oe2403sp4
Copyright (C) 2002-2022  Red Hat, Inc.
Copyright (C) 2004, 2005, 2006, 2010  IBM Corporation
Copyright (C) 1999-2006  Hewlett-Packard Co
Copyright (C) 2005, 2006, 2011, 2012  Fujitsu Limited
Copyright (C) 2006, 2007  VA Linux Systems Japan K.K.
Copyright (C) 2005, 2011, 2020-2022  NEC Corporation
Copyright (C) 1999, 2002, 2007  Silicon Graphics, Inc.
Copyright (C) 1999, 2000, 2001, 2002  Mission Critical Linux, Inc.
Copyright (C) 2015, 2021  VMware, Inc.
This program is free software, covered by the GNU General Public License,
and you are welcome to change it and/or distribute copies of it under
certain conditions.  Enter "help copying" to see the conditions.
This program has absolutely no warranty.  Enter "help warranty" for details.
 
NOTE: stdin: not a tty

GNU gdb (GDB) 10.2
Copyright (C) 2021 Free Software Foundation, Inc.
License GPLv3+: GNU GPL version 3 or later <http://gnu.org/licenses/gpl.html>
This is free software: you are free to change and redistribute it.
There is NO WARRANTY, to the extent permitted by law.
Type "show copying" and "show warranty" for details.
This GDB was configured as "aarch64-unknown-linux-gnu".
Type "show configuration" for configuration details.
Find the GDB manual and other documentation resources online at:
    <http://www.gnu.org/software/gdb/documentation/>.

For help, type "help".
Type "apropos word" to search for commands related to "word"...

crash: seek error: kernel virtual address: ffff800080000058  type: "IRQ stack pointer"
crash: seek error: kernel virtual address: ffff800080022058  type: "IRQ stack pointer"
crash: seek error: kernel virtual address: ffff800080044058  type: "IRQ stack pointer"
crash: seek error: kernel virtual address: ffff800080066058  type: "IRQ stack pointer"
crash: seek error: kernel virtual address: ffff800080088058  type: "IRQ stack pointer"
crash: seek error: kernel virtual address: ffff8000800aa058  type: "IRQ stack pointer"
crash: seek error: kernel virtual address: ffff8000800cc058  type: "IRQ stack pointer"
crash: seek error: kernel virtual address: ffff8000800ee058  type: "IRQ stack pointer"
crash: seek error: kernel virtual address: ffff800080110058  type: "IRQ stack pointer"
crash: seek error: kernel virtual address: ffff800080132058  type: "IRQ stack pointer"
crash: seek error: kernel virtual address: ffff800080154058  type: "IRQ stack pointer"
crash: seek error: kernel virtual address: ffff800080176058  type: "IRQ stack pointer"
crash: seek error: kernel virtual address: ffff800080198058  type: "IRQ stack pointer"
crash: seek error: kernel virtual address: ffff8000801ba058  type: "IRQ stack pointer"
crash: seek error: kernel virtual address: ffff8000801dc058  type: "IRQ stack pointer"
crash: seek error: kernel virtual address: ffff8000801fe058  type: "IRQ stack pointer"
crash: seek error: kernel virtual address: ffff800080220058  type: "IRQ stack pointer"
crash: seek error: kernel virtual address: ffff800080242058  type: "IRQ stack pointer"
crash: seek error: kernel virtual address: ffff800080264058  type: "IRQ stack pointer"
crash: seek error: kernel virtual address: ffff800080286058  type: "IRQ stack pointer"
crash: seek error: kernel virtual address: ffff8000802a8058  type: "IRQ stack pointer"
crash: seek error: kernel virtual address: ffff8000802ca058  type: "IRQ stack pointer"
crash: seek error: kernel virtual address: ffff8000802ec058  type: "IRQ stack pointer"
crash: seek error: kernel virtual address: ffff80008030e058  type: "IRQ stack pointer"
crash: seek error: kernel virtual address: ffff800080330058  type: "IRQ stack pointer"
crash: seek error: kernel virtual address: ffff800080352058  type: "IRQ stack pointer"
crash: seek error: kernel virtual address: ffff800080374058  type: "IRQ stack pointer"
crash: seek error: kernel virtual address: ffff800080396058  type: "IRQ stack pointer"
crash: seek error: kernel virtual address: ffff8000803b8058  type: "IRQ stack pointer"
crash: seek error: kernel virtual address: ffff8000803da058  type: "IRQ stack pointer"
crash: seek error: kernel virtual address: ffff8000803fc058  type: "IRQ stack pointer"
crash: seek error: kernel virtual address: ffff80008041e058  type: "IRQ stack pointer"
crash: seek error: kernel virtual address: ffff800080440058  type: "IRQ stack pointer"
crash: seek error: kernel virtual address: ffff800080462058  type: "IRQ stack pointer"
crash: seek error: kernel virtual address: ffff800080484058  type: "IRQ stack pointer"
crash: seek error: kernel virtual address: ffff8000804a6058  type: "IRQ stack pointer"
crash: seek error: kernel virtual address: ffff8000804c8058  type: "IRQ stack pointer"
crash: seek error: kernel virtual address: ffff8000804ea058  type: "IRQ stack pointer"
crash: seek error: kernel virtual address: ffff80008050c058  type: "IRQ stack pointer"
crash: seek error: kernel virtual address: ffff80008052e058  type: "IRQ stack pointer"
crash: seek error: kernel virtual address: ffff800080550058  type: "IRQ stack pointer"
crash: seek error: kernel virtual address: ffff800080572058  type: "IRQ stack pointer"
crash: seek error: kernel virtual address: ffff800080594058  type: "IRQ stack pointer"
crash: seek error: kernel virtual address: ffff8000805b6058  type: "IRQ stack pointer"
crash: seek error: kernel virtual address: ffff8000805d8058  type: "IRQ stack pointer"
crash: seek error: kernel virtual address: ffff8000805fa058  type: "IRQ stack pointer"
crash: seek error: kernel virtual address: ffff80008061c058  type: "IRQ stack pointer"
crash: seek error: kernel virtual address: ffff80008063e058  type: "IRQ stack pointer"
crash: seek error: kernel virtual address: ffff800080660058  type: "IRQ stack pointer"
crash: seek error: kernel virtual address: ffff800080682058  type: "IRQ stack pointer"
crash: seek error: kernel virtual address: ffff8000806a4058  type: "IRQ stack pointer"
crash: seek error: kernel virtual address: ffff8000806c6058  type: "IRQ stack pointer"
crash: seek error: kernel virtual address: ffff8000806e8058  type: "IRQ stack pointer"
crash: seek error: kernel virtual address: ffff80008070a058  type: "IRQ stack pointer"
crash: seek error: kernel virtual address: ffff80008072c058  type: "IRQ stack pointer"
crash: seek error: kernel virtual address: ffff80008074e058  type: "IRQ stack pointer"
crash: seek error: kernel virtual address: ffff800080770058  type: "IRQ stack pointer"
crash: seek error: kernel virtual address: ffff800080792058  type: "IRQ stack pointer"
crash: seek error: kernel virtual address: ffff8000807b4058  type: "IRQ stack pointer"
crash: seek error: kernel virtual address: ffff8000807d6058  type: "IRQ stack pointer"
crash: seek error: kernel virtual address: ffff8000807f8058  type: "IRQ stack pointer"
crash: seek error: kernel virtual address: ffff80008081a058  type: "IRQ stack pointer"
crash: seek error: kernel virtual address: ffff80008083c058  type: "IRQ stack pointer"
crash: seek error: kernel virtual address: ffff80008085e058  type: "IRQ stack pointer"
crash: seek error: kernel virtual address: ffff800080880058  type: "IRQ stack pointer"
crash: seek error: kernel virtual address: ffff8000808a2058  type: "IRQ stack pointer"
crash: seek error: kernel virtual address: ffff8000808c4058  type: "IRQ stack pointer"
crash: seek error: kernel virtual address: ffff8000808e6058  type: "IRQ stack pointer"
crash: seek error: kernel virtual address: ffff800080908058  type: "IRQ stack pointer"
crash: seek error: kernel virtual address: ffff80008092a058  type: "IRQ stack pointer"
crash: seek error: kernel virtual address: ffff80008094c058  type: "IRQ stack pointer"
crash: seek error: kernel virtual address: ffff80008096e058  type: "IRQ stack pointer"
crash: seek error: kernel virtual address: ffff800080990058  type: "IRQ stack pointer"
crash: seek error: kernel virtual address: ffff8000809b2058  type: "IRQ stack pointer"
crash: seek error: kernel virtual address: ffff8000809d4058  type: "IRQ stack pointer"
crash: seek error: kernel virtual address: ffff8000809f6058  type: "IRQ stack pointer"
crash: seek error: kernel virtual address: ffff800080a18058  type: "IRQ stack pointer"
crash: seek error: kernel virtual address: ffff800080a3a058  type: "IRQ stack pointer"
crash: seek error: kernel virtual address: ffff800080a5c058  type: "IRQ stack pointer"
crash: seek error: kernel virtual address: ffff800080a7e058  type: "IRQ stack pointer"
crash: seek error: kernel virtual address: ffff800080aa0058  type: "IRQ stack pointer"
crash: seek error: kernel virtual address: ffff800080ac2058  type: "IRQ stack pointer"
crash: seek error: kernel virtual address: ffff800080ae4058  type: "IRQ stack pointer"
crash: seek error: kernel virtual address: ffff800080b06058  type: "IRQ stack pointer"
crash: seek error: kernel virtual address: ffff800080b28058  type: "IRQ stack pointer"
crash: seek error: kernel virtual address: ffff800080b4a058  type: "IRQ stack pointer"
crash: seek error: kernel virtual address: ffff800080b6c058  type: "IRQ stack pointer"
crash: seek error: kernel virtual address: ffff800080b8e058  type: "IRQ stack pointer"
crash: seek error: kernel virtual address: ffff800080bb0058  type: "IRQ stack pointer"
crash: seek error: kernel virtual address: ffff800080bd2058  type: "IRQ stack pointer"
crash: seek error: kernel virtual address: ffff800080bf4058  type: "IRQ stack pointer"
crash: seek error: kernel virtual address: ffff800080c16058  type: "IRQ stack pointer"
crash: seek error: kernel virtual address: ffff800080c38058  type: "IRQ stack pointer"
crash: seek error: kernel virtual address: ffff800080c5a058  type: "IRQ stack pointer"
crash: seek error: kernel virtual address: ffff800080c7c058  type: "IRQ stack pointer"
crash: seek error: kernel virtual address: ffff800080c9e058  type: "IRQ stack pointer"
crash: seek error: kernel virtual address: ffff800080cc0058  type: "IRQ stack pointer"
crash: seek error: kernel virtual address: ffff800080ce2058  type: "IRQ stack pointer"
crash: seek error: kernel virtual address: ffff800080d04058  type: "IRQ stack pointer"
crash: seek error: kernel virtual address: ffff800080d26058  type: "IRQ stack pointer"
crash: seek error: kernel virtual address: ffff800080d48058  type: "IRQ stack pointer"
crash: seek error: kernel virtual address: ffff800080d6a058  type: "IRQ stack pointer"
crash: seek error: kernel virtual address: ffff800080d8c058  type: "IRQ stack pointer"
crash: seek error: kernel virtual address: ffff800080dae058  type: "IRQ stack pointer"
crash: seek error: kernel virtual address: ffff800080dd0058  type: "IRQ stack pointer"
crash: seek error: kernel virtual address: ffff800080df2058  type: "IRQ stack pointer"
crash: seek error: kernel virtual address: ffff800080e14058  type: "IRQ stack pointer"
crash: seek error: kernel virtual address: ffff800080e36058  type: "IRQ stack pointer"
crash: seek error: kernel virtual address: ffff800080e58058  type: "IRQ stack pointer"
crash: seek error: kernel virtual address: ffff800080e7a058  type: "IRQ stack pointer"
crash: seek error: kernel virtual address: ffff800080e9c058  type: "IRQ stack pointer"
crash: seek error: kernel virtual address: ffff800080ebe058  type: "IRQ stack pointer"
crash: seek error: kernel virtual address: ffff800080ee0058  type: "IRQ stack pointer"
crash: seek error: kernel virtual address: ffff800080f02058  type: "IRQ stack pointer"
crash: seek error: kernel virtual address: ffff800080f24058  type: "IRQ stack pointer"
crash: seek error: kernel virtual address: ffff800080f46058  type: "IRQ stack pointer"
crash: seek error: kernel virtual address: ffff800080f68058  type: "IRQ stack pointer"
crash: seek error: kernel virtual address: ffff800080f8a058  type: "IRQ stack pointer"
crash: seek error: kernel virtual address: ffff800080fac058  type: "IRQ stack pointer"
crash: seek error: kernel virtual address: ffff800080fce058  type: "IRQ stack pointer"
crash: seek error: kernel virtual address: ffff800080ff0058  type: "IRQ stack pointer"
crash: seek error: kernel virtual address: ffff800081012058  type: "IRQ stack pointer"
crash: seek error: kernel virtual address: ffff800081034058  type: "IRQ stack pointer"
crash: seek error: kernel virtual address: ffff800081056058  type: "IRQ stack pointer"
crash: seek error: kernel virtual address: ffff800081078058  type: "IRQ stack pointer"
crash: seek error: kernel virtual address: ffff80008109a058  type: "IRQ stack pointer"
crash: seek error: kernel virtual address: ffff8000810bc058  type: "IRQ stack pointer"
crash: seek error: kernel virtual address: ffff8000810de058  type: "IRQ stack pointer"
crash: seek error: kernel virtual address: ffff800081100058  type: "IRQ stack pointer"
crash: seek error: kernel virtual address: ffff800081122058  type: "IRQ stack pointer"
crash: seek error: kernel virtual address: ffff800081144058  type: "IRQ stack pointer"
crash: seek error: kernel virtual address: ffff800081166058  type: "IRQ stack pointer"
crash: seek error: kernel virtual address: ffff800081188058  type: "IRQ stack pointer"
crash: seek error: kernel virtual address: ffff8000811aa058  type: "IRQ stack pointer"
crash: seek error: kernel virtual address: ffff8000811cc058  type: "IRQ stack pointer"
crash: seek error: kernel virtual address: ffff8000811ee058  type: "IRQ stack pointer"
crash: seek error: kernel virtual address: ffff800081210058  type: "IRQ stack pointer"
crash: seek error: kernel virtual address: ffff800081232058  type: "IRQ stack pointer"
crash: seek error: kernel virtual address: ffff800081254058  type: "IRQ stack pointer"
crash: seek error: kernel virtual address: ffff800081276058  type: "IRQ stack pointer"
crash: seek error: kernel virtual address: ffff800081298058  type: "IRQ stack pointer"
crash: seek error: kernel virtual address: ffff8000812ba058  type: "IRQ stack pointer"
crash: seek error: kernel virtual address: ffff8000812dc058  type: "IRQ stack pointer"
crash: seek error: kernel virtual address: ffff8000812fe058  type: "IRQ stack pointer"
crash: seek error: kernel virtual address: ffff800081320058  type: "IRQ stack pointer"
crash: seek error: kernel virtual address: ffff800081342058  type: "IRQ stack pointer"
crash: seek error: kernel virtual address: ffff800081364058  type: "IRQ stack pointer"
crash: seek error: kernel virtual address: ffff800081386058  type: "IRQ stack pointer"
crash: seek error: kernel virtual address: ffff8000813a8058  type: "IRQ stack pointer"
crash: seek error: kernel virtual address: ffff8000813ca058  type: "IRQ stack pointer"
crash: seek error: kernel virtual address: ffff8000813ec058  type: "IRQ stack pointer"
crash: seek error: kernel virtual address: ffff80008140e058  type: "IRQ stack pointer"
crash: seek error: kernel virtual address: ffff800081430058  type: "IRQ stack pointer"
crash: seek error: kernel virtual address: ffff800081452058  type: "IRQ stack pointer"
crash: seek error: kernel virtual address: ffff800081474058  type: "IRQ stack pointer"
crash: seek error: kernel virtual address: ffff800081496058  type: "IRQ stack pointer"
crash: seek error: kernel virtual address: ffff8000814b8058  type: "IRQ stack pointer"
crash: seek error: kernel virtual address: ffff8000814da058  type: "IRQ stack pointer"
crash: seek error: kernel virtual address: ffff8000814fc058  type: "IRQ stack pointer"
crash: seek error: kernel virtual address: ffff80008151e058  type: "IRQ stack pointer"
crash: seek error: kernel virtual address: ffff800081540058  type: "IRQ stack pointer"
crash: seek error: kernel virtual address: ffff800081562058  type: "IRQ stack pointer"
crash: seek error: kernel virtual address: ffff800081584058  type: "IRQ stack pointer"
crash: seek error: kernel virtual address: ffff8000815a6058  type: "IRQ stack pointer"
crash: seek error: kernel virtual address: ffff8000815c8058  type: "IRQ stack pointer"
crash: seek error: kernel virtual address: ffff8000815ea058  type: "IRQ stack pointer"
crash: seek error: kernel virtual address: ffff80008160c058  type: "IRQ stack pointer"
crash: seek error: kernel virtual address: ffff80008162e058  type: "IRQ stack pointer"
crash: seek error: kernel virtual address: ffff800081650058  type: "IRQ stack pointer"
crash: seek error: kernel virtual address: ffff800081672058  type: "IRQ stack pointer"
crash: seek error: kernel virtual address: ffff800081694058  type: "IRQ stack pointer"
crash: seek error: kernel virtual address: ffff8000816b6058  type: "IRQ stack pointer"
crash: seek error: kernel virtual address: ffff8000816d8058  type: "IRQ stack pointer"
crash: seek error: kernel virtual address: ffff8000816fa058  type: "IRQ stack pointer"
crash: seek error: kernel virtual address: ffff80008171c058  type: "IRQ stack pointer"
crash: seek error: kernel virtual address: ffff80008173e058  type: "IRQ stack pointer"
crash: seek error: kernel virtual address: ffff800081760058  type: "IRQ stack pointer"
crash: seek error: kernel virtual address: ffff800081782058  type: "IRQ stack pointer"
crash: seek error: kernel virtual address: ffff8000817a4058  type: "IRQ stack pointer"
crash: seek error: kernel virtual address: ffff8000817c6058  type: "IRQ stack pointer"
crash: seek error: kernel virtual address: ffff8000817e8058  type: "IRQ stack pointer"
crash: seek error: kernel virtual address: ffff80008180a058  type: "IRQ stack pointer"
crash: seek error: kernel virtual address: ffff80008182c058  type: "IRQ stack pointer"
crash: seek error: kernel virtual address: ffff80008184e058  type: "IRQ stack pointer"
crash: seek error: kernel virtual address: ffff800081870058  type: "IRQ stack pointer"
crash: seek error: kernel virtual address: ffff800081892058  type: "IRQ stack pointer"
crash: seek error: kernel virtual address: ffff8000818b4058  type: "IRQ stack pointer"
crash: seek error: kernel virtual address: ffff8000818d6058  type: "IRQ stack pointer"
crash: seek error: kernel virtual address: ffff8000818f8058  type: "IRQ stack pointer"
crash: seek error: kernel virtual address: ffff80008191a058  type: "IRQ stack pointer"
crash: seek error: kernel virtual address: ffff80008193c058  type: "IRQ stack pointer"
crash: seek error: kernel virtual address: ffff80008195e058  type: "IRQ stack pointer"
crash: seek error: kernel virtual address: ffff800080001600  type: "SDEI stack pointer"
crash: seek error: kernel virtual address: ffff800080023600  type: "SDEI stack pointer"
crash: seek error: kernel virtual address: ffff800080045600  type: "SDEI stack pointer"
crash: seek error: kernel virtual address: ffff800080067600  type: "SDEI stack pointer"
crash: seek error: kernel virtual address: ffff800080089600  type: "SDEI stack pointer"
crash: seek error: kernel virtual address: ffff8000800ab600  type: "SDEI stack pointer"
crash: seek error: kernel virtual address: ffff8000800cd600  type: "SDEI stack pointer"
crash: seek error: kernel virtual address: ffff8000800ef600  type: "SDEI stack pointer"
crash: seek error: kernel virtual address: ffff800080111600  type: "SDEI stack pointer"
crash: seek error: kernel virtual address: ffff800080133600  type: "SDEI stack pointer"
crash: seek error: kernel virtual address: ffff800080155600  type: "SDEI stack pointer"
crash: seek error: kernel virtual address: ffff800080177600  type: "SDEI stack pointer"
crash: seek error: kernel virtual address: ffff800080199600  type: "SDEI stack pointer"
crash: seek error: kernel virtual address: ffff8000801bb600  type: "SDEI stack pointer"
crash: seek error: kernel virtual address: ffff8000801dd600  type: "SDEI stack pointer"
crash: seek error: kernel virtual address: ffff8000801ff600  type: "SDEI stack pointer"
crash: seek error: kernel virtual address: ffff800080221600  type: "SDEI stack pointer"
crash: seek error: kernel virtual address: ffff800080243600  type: "SDEI stack pointer"
crash: seek error: kernel virtual address: ffff800080265600  type: "SDEI stack pointer"
crash: seek error: kernel virtual address: ffff800080287600  type: "SDEI stack pointer"
crash: seek error: kernel virtual address: ffff8000802a9600  type: "SDEI stack pointer"
crash: seek error: kernel virtual address: ffff8000802cb600  type: "SDEI stack pointer"
crash: seek error: kernel virtual address: ffff8000802ed600  type: "SDEI stack pointer"
crash: seek error: kernel virtual address: ffff80008030f600  type: "SDEI stack pointer"
crash: seek error: kernel virtual address: ffff800080331600  type: "SDEI stack pointer"
crash: seek error: kernel virtual address: ffff800080353600  type: "SDEI stack pointer"
crash: seek error: kernel virtual address: ffff800080375600  type: "SDEI stack pointer"
crash: seek error: kernel virtual address: ffff800080397600  type: "SDEI stack pointer"
crash: seek error: kernel virtual address: ffff8000803b9600  type: "SDEI stack pointer"
crash: seek error: kernel virtual address: ffff8000803db600  type: "SDEI stack pointer"
crash: seek error: kernel virtual address: ffff8000803fd600  type: "SDEI stack pointer"
crash: seek error: kernel virtual address: ffff80008041f600  type: "SDEI stack pointer"
crash: seek error: kernel virtual address: ffff800080441600  type: "SDEI stack pointer"
crash: seek error: kernel virtual address: ffff800080463600  type: "SDEI stack pointer"
crash: seek error: kernel virtual address: ffff800080485600  type: "SDEI stack pointer"
crash: seek error: kernel virtual address: ffff8000804a7600  type: "SDEI stack pointer"
crash: seek error: kernel virtual address: ffff8000804c9600  type: "SDEI stack pointer"
crash: seek error: kernel virtual address: ffff8000804eb600  type: "SDEI stack pointer"
crash: seek error: kernel virtual address: ffff80008050d600  type: "SDEI stack pointer"
crash: seek error: kernel virtual address: ffff80008052f600  type: "SDEI stack pointer"
crash: seek error: kernel virtual address: ffff800080551600  type: "SDEI stack pointer"
crash: seek error: kernel virtual address: ffff800080573600  type: "SDEI stack pointer"
crash: seek error: kernel virtual address: ffff800080595600  type: "SDEI stack pointer"
crash: seek error: kernel virtual address: ffff8000805b7600  type: "SDEI stack pointer"
crash: seek error: kernel virtual address: ffff8000805d9600  type: "SDEI stack pointer"
crash: seek error: kernel virtual address: ffff8000805fb600  type: "SDEI stack pointer"
crash: seek error: kernel virtual address: ffff80008061d600  type: "SDEI stack pointer"
crash: seek error: kernel virtual address: ffff80008063f600  type: "SDEI stack pointer"
crash: seek error: kernel virtual address: ffff800080661600  type: "SDEI stack pointer"
crash: seek error: kernel virtual address: ffff800080683600  type: "SDEI stack pointer"
crash: seek error: kernel virtual address: ffff8000806a5600  type: "SDEI stack pointer"
crash: seek error: kernel virtual address: ffff8000806c7600  type: "SDEI stack pointer"
crash: seek error: kernel virtual address: ffff8000806e9600  type: "SDEI stack pointer"
crash: seek error: kernel virtual address: ffff80008070b600  type: "SDEI stack pointer"
crash: seek error: kernel virtual address: ffff80008072d600  type: "SDEI stack pointer"
crash: seek error: kernel virtual address: ffff80008074f600  type: "SDEI stack pointer"
crash: seek error: kernel virtual address: ffff800080771600  type: "SDEI stack pointer"
crash: seek error: kernel virtual address: ffff800080793600  type: "SDEI stack pointer"
crash: seek error: kernel virtual address: ffff8000807b5600  type: "SDEI stack pointer"
crash: seek error: kernel virtual address: ffff8000807d7600  type: "SDEI stack pointer"
crash: seek error: kernel virtual address: ffff8000807f9600  type: "SDEI stack pointer"
crash: seek error: kernel virtual address: ffff80008081b600  type: "SDEI stack pointer"
crash: seek error: kernel virtual address: ffff80008083d600  type: "SDEI stack pointer"
crash: seek error: kernel virtual address: ffff80008085f600  type: "SDEI stack pointer"
crash: seek error: kernel virtual address: ffff800080881600  type: "SDEI stack pointer"
crash: seek error: kernel virtual address: ffff8000808a3600  type: "SDEI stack pointer"
crash: seek error: kernel virtual address: ffff8000808c5600  type: "SDEI stack pointer"
crash: seek error: kernel virtual address: ffff8000808e7600  type: "SDEI stack pointer"
crash: seek error: kernel virtual address: ffff800080909600  type: "SDEI stack pointer"
crash: seek error: kernel virtual address: ffff80008092b600  type: "SDEI stack pointer"
crash: seek error: kernel virtual address: ffff80008094d600  type: "SDEI stack pointer"
crash: seek error: kernel virtual address: ffff80008096f600  type: "SDEI stack pointer"
crash: seek error: kernel virtual address: ffff800080991600  type: "SDEI stack pointer"
crash: seek error: kernel virtual address: ffff8000809b3600  type: "SDEI stack pointer"
crash: seek error: kernel virtual address: ffff8000809d5600  type: "SDEI stack pointer"
crash: seek error: kernel virtual address: ffff8000809f7600  type: "SDEI stack pointer"
crash: seek error: kernel virtual address: ffff800080a19600  type: "SDEI stack pointer"
crash: seek error: kernel virtual address: ffff800080a3b600  type: "SDEI stack pointer"
crash: seek error: kernel virtual address: ffff800080a5d600  type: "SDEI stack pointer"
crash: seek error: kernel virtual address: ffff800080a7f600  type: "SDEI stack pointer"
crash: seek error: kernel virtual address: ffff800080aa1600  type: "SDEI stack pointer"
crash: seek error: kernel virtual address: ffff800080ac3600  type: "SDEI stack pointer"
crash: seek error: kernel virtual address: ffff800080ae5600  type: "SDEI stack pointer"
crash: seek error: kernel virtual address: ffff800080b07600  type: "SDEI stack pointer"
crash: seek error: kernel virtual address: ffff800080b29600  type: "SDEI stack pointer"
crash: seek error: kernel virtual address: ffff800080b4b600  type: "SDEI stack pointer"
crash: seek error: kernel virtual address: ffff800080b6d600  type: "SDEI stack pointer"
crash: seek error: kernel virtual address: ffff800080b8f600  type: "SDEI stack pointer"
crash: seek error: kernel virtual address: ffff800080bb1600  type: "SDEI stack pointer"
crash: seek error: kernel virtual address: ffff800080bd3600  type: "SDEI stack pointer"
crash: seek error: kernel virtual address: ffff800080bf5600  type: "SDEI stack pointer"
crash: seek error: kernel virtual address: ffff800080c17600  type: "SDEI stack pointer"
crash: seek error: kernel virtual address: ffff800080c39600  type: "SDEI stack pointer"
crash: seek error: kernel virtual address: ffff800080c5b600  type: "SDEI stack pointer"
crash: seek error: kernel virtual address: ffff800080c7d600  type: "SDEI stack pointer"
crash: seek error: kernel virtual address: ffff800080c9f600  type: "SDEI stack pointer"
crash: seek error: kernel virtual address: ffff800080cc1600  type: "SDEI stack pointer"
crash: seek error: kernel virtual address: ffff800080ce3600  type: "SDEI stack pointer"
crash: seek error: kernel virtual address: ffff800080d05600  type: "SDEI stack pointer"
crash: seek error: kernel virtual address: ffff800080d27600  type: "SDEI stack pointer"
crash: seek error: kernel virtual address: ffff800080d49600  type: "SDEI stack pointer"
crash: seek error: kernel virtual address: ffff800080d6b600  type: "SDEI stack pointer"
crash: seek error: kernel virtual address: ffff800080d8d600  type: "SDEI stack pointer"
crash: seek error: kernel virtual address: ffff800080daf600  type: "SDEI stack pointer"
crash: seek error: kernel virtual address: ffff800080dd1600  type: "SDEI stack pointer"
crash: seek error: kernel virtual address: ffff800080df3600  type: "SDEI stack pointer"
crash: seek error: kernel virtual address: ffff800080e15600  type: "SDEI stack pointer"
crash: seek error: kernel virtual address: ffff800080e37600  type: "SDEI stack pointer"
crash: seek error: kernel virtual address: ffff800080e59600  type: "SDEI stack pointer"
crash: seek error: kernel virtual address: ffff800080e7b600  type: "SDEI stack pointer"
crash: seek error: kernel virtual address: ffff800080e9d600  type: "SDEI stack pointer"
crash: seek error: kernel virtual address: ffff800080ebf600  type: "SDEI stack pointer"
crash: seek error: kernel virtual address: ffff800080ee1600  type: "SDEI stack pointer"
crash: seek error: kernel virtual address: ffff800080f03600  type: "SDEI stack pointer"
crash: seek error: kernel virtual address: ffff800080f25600  type: "SDEI stack pointer"
crash: seek error: kernel virtual address: ffff800080f47600  type: "SDEI stack pointer"
crash: seek error: kernel virtual address: ffff800080f69600  type: "SDEI stack pointer"
crash: seek error: kernel virtual address: ffff800080f8b600  type: "SDEI stack pointer"
crash: seek error: kernel virtual address: ffff800080fad600  type: "SDEI stack pointer"
crash: seek error: kernel virtual address: ffff800080fcf600  type: "SDEI stack pointer"
crash: seek error: kernel virtual address: ffff800080ff1600  type: "SDEI stack pointer"
crash: seek error: kernel virtual address: ffff800081013600  type: "SDEI stack pointer"
crash: seek error: kernel virtual address: ffff800081035600  type: "SDEI stack pointer"
crash: seek error: kernel virtual address: ffff800081057600  type: "SDEI stack pointer"
crash: seek error: kernel virtual address: ffff800081079600  type: "SDEI stack pointer"
crash: seek error: kernel virtual address: ffff80008109b600  type: "SDEI stack pointer"
crash: seek error: kernel virtual address: ffff8000810bd600  type: "SDEI stack pointer"
crash: seek error: kernel virtual address: ffff8000810df600  type: "SDEI stack pointer"
crash: seek error: kernel virtual address: ffff800081101600  type: "SDEI stack pointer"
crash: seek error: kernel virtual address: ffff800081123600  type: "SDEI stack pointer"
crash: seek error: kernel virtual address: ffff800081145600  type: "SDEI stack pointer"
crash: seek error: kernel virtual address: ffff800081167600  type: "SDEI stack pointer"
crash: seek error: kernel virtual address: ffff800081189600  type: "SDEI stack pointer"
crash: seek error: kernel virtual address: ffff8000811ab600  type: "SDEI stack pointer"
crash: seek error: kernel virtual address: ffff8000811cd600  type: "SDEI stack pointer"
crash: seek error: kernel virtual address: ffff8000811ef600  type: "SDEI stack pointer"
crash: seek error: kernel virtual address: ffff800081211600  type: "SDEI stack pointer"
crash: seek error: kernel virtual address: ffff800081233600  type: "SDEI stack pointer"
crash: seek error: kernel virtual address: ffff800081255600  type: "SDEI stack pointer"
crash: seek error: kernel virtual address: ffff800081277600  type: "SDEI stack pointer"
crash: seek error: kernel virtual address: ffff800081299600  type: "SDEI stack pointer"
crash: seek error: kernel virtual address: ffff8000812bb600  type: "SDEI stack pointer"
crash: seek error: kernel virtual address: ffff8000812dd600  type: "SDEI stack pointer"
crash: seek error: kernel virtual address: ffff8000812ff600  type: "SDEI stack pointer"
crash: seek error: kernel virtual address: ffff800081321600  type: "SDEI stack pointer"
crash: seek error: kernel virtual address: ffff800081343600  type: "SDEI stack pointer"
crash: seek error: kernel virtual address: ffff800081365600  type: "SDEI stack pointer"
crash: seek error: kernel virtual address: ffff800081387600  type: "SDEI stack pointer"
crash: seek error: kernel virtual address: ffff8000813a9600  type: "SDEI stack pointer"
crash: seek error: kernel virtual address: ffff8000813cb600  type: "SDEI stack pointer"
crash: seek error: kernel virtual address: ffff8000813ed600  type: "SDEI stack pointer"
crash: seek error: kernel virtual address: ffff80008140f600  type: "SDEI stack pointer"
crash: seek error: kernel virtual address: ffff800081431600  type: "SDEI stack pointer"
crash: seek error: kernel virtual address: ffff800081453600  type: "SDEI stack pointer"
crash: seek error: kernel virtual address: ffff800081475600  type: "SDEI stack pointer"
crash: seek error: kernel virtual address: ffff800081497600  type: "SDEI stack pointer"
crash: seek error: kernel virtual address: ffff8000814b9600  type: "SDEI stack pointer"
crash: seek error: kernel virtual address: ffff8000814db600  type: "SDEI stack pointer"
crash: seek error: kernel virtual address: ffff8000814fd600  type: "SDEI stack pointer"
crash: seek error: kernel virtual address: ffff80008151f600  type: "SDEI stack pointer"
crash: seek error: kernel virtual address: ffff800081541600  type: "SDEI stack pointer"
crash: seek error: kernel virtual address: ffff800081563600  type: "SDEI stack pointer"
crash: seek error: kernel virtual address: ffff800081585600  type: "SDEI stack pointer"
crash: seek error: kernel virtual address: ffff8000815a7600  type: "SDEI stack pointer"
crash: seek error: kernel virtual address: ffff8000815c9600  type: "SDEI stack pointer"
crash: seek error: kernel virtual address: ffff8000815eb600  type: "SDEI stack pointer"
crash: seek error: kernel virtual address: ffff80008160d600  type: "SDEI stack pointer"
crash: seek error: kernel virtual address: ffff80008162f600  type: "SDEI stack pointer"
crash: seek error: kernel virtual address: ffff800081651600  type: "SDEI stack pointer"
crash: seek error: kernel virtual address: ffff800081673600  type: "SDEI stack pointer"
crash: seek error: kernel virtual address: ffff800081695600  type: "SDEI stack pointer"
crash: seek error: kernel virtual address: ffff8000816b7600  type: "SDEI stack pointer"
crash: seek error: kernel virtual address: ffff8000816d9600  type: "SDEI stack pointer"
crash: seek error: kernel virtual address: ffff8000816fb600  type: "SDEI stack pointer"
crash: seek error: kernel virtual address: ffff80008171d600  type: "SDEI stack pointer"
crash: seek error: kernel virtual address: ffff80008173f600  type: "SDEI stack pointer"
crash: seek error: kernel virtual address: ffff800081761600  type: "SDEI stack pointer"
crash: seek error: kernel virtual address: ffff800081783600  type: "SDEI stack pointer"
crash: seek error: kernel virtual address: ffff8000817a5600  type: "SDEI stack pointer"
crash: seek error: kernel virtual address: ffff8000817c7600  type: "SDEI stack pointer"
crash: seek error: kernel virtual address: ffff8000817e9600  type: "SDEI stack pointer"
crash: seek error: kernel virtual address: ffff80008180b600  type: "SDEI stack pointer"
crash: seek error: kernel virtual address: ffff80008182d600  type: "SDEI stack pointer"
crash: seek error: kernel virtual address: ffff80008184f600  type: "SDEI stack pointer"
crash: seek error: kernel virtual address: ffff800081871600  type: "SDEI stack pointer"
crash: seek error: kernel virtual address: ffff800081893600  type: "SDEI stack pointer"
crash: seek error: kernel virtual address: ffff8000818b5600  type: "SDEI stack pointer"
crash: seek error: kernel virtual address: ffff8000818d7600  type: "SDEI stack pointer"
crash: seek error: kernel virtual address: ffff8000818f9600  type: "SDEI stack pointer"
crash: seek error: kernel virtual address: ffff80008191b600  type: "SDEI stack pointer"
crash: seek error: kernel virtual address: ffff80008193d600  type: "SDEI stack pointer"
crash: seek error: kernel virtual address: ffff80008195f600  type: "SDEI stack pointer"
please wait... (gathering kmem slab cache data)                                                please wait... (gathering module symbol data)                                              please wait... (gathering task table data)                                           please wait... (determining panic task)                                              KERNEL: /tmp/vmlinux-0102  [TAINTED]
    DUMPFILE: /home/sdc/wangxu/vmcore0102/127.0.0.1-2026-09-04-22:39:38/vmcore  [PARTIAL DUMP]
        CPUS: 192
        DATE: Fri Sep  4 22:38:54 CST 2026
      UPTIME: 00:05:47
LOAD AVERAGE: 146.92, 64.02, 24.63
       TASKS: 2177
    NODENAME: localhost0102
     RELEASE: 6.6.0-145.3.23.154.oe2403sp3.aarch64
     VERSION: #1 SMP Mon Jul 27 19:00:34 CST 2026
     MACHINE: aarch64  (unknown Mhz)
      MEMORY: 767.8 GB
       PANIC: "Unable to handle kernel paging request at virtual address ffffbda5543597e0"
         PID: 9703
     COMMAND: "NetworkManager"
        TASK: ffff40400bcbd400  [THREAD_INFO: ffff40400bcbd400]
         CPU: 179
       STATE: TASK_WAKING (PANIC)

crash> set scroll off
scroll: on (none)
crash> ps
      PID    PPID  CPU       TASK        ST  %MEM      VSZ      RSS  COMM
        0       0   0  ffffbda5547638c0  RU   0.0        0        0  [swapper/0]
        0       0   1  ffff00202514e900  RU   0.0        0        0  [swapper/1]
        0       0   2  ffff00202515d400  RU   0.0        0        0  [swapper/2]
        0       0   3  ffff002025159500  RU   0.0        0        0  [swapper/3]
        0       0   4  ffff00202515bf00  RU   0.0        0        0  [swapper/4]
        0       0   5  ffff002025158000  RU   0.0        0        0  [swapper/5]
        0       0   6  ffff00202515e900  RU   0.0        0        0  [swapper/6]
        0       0   7  ffff00202515aa00  RU   0.0        0        0  [swapper/7]
        0       0   8  ffff002025162a00  RU   0.0        0        0  [swapper/8]
        0       0   9  ffff002025165400  RU   0.0        0        0  [swapper/9]
        0       0  10  ffff002025161500  RU   0.0        0        0  [swapper/10]
        0       0  11  ffff002025163f00  RU   0.0        0        0  [swapper/11]
        0       0  12  ffff002025160000  RU   0.0        0        0  [swapper/12]
        0       0  13  ffff002025166900  RU   0.0        0        0  [swapper/13]
        0       0  14  ffff00202516bf00  RU   0.0        0        0  [swapper/14]
        0       0  15  ffff002025168000  RU   0.0        0        0  [swapper/15]
        0       0  16  ffff00202516e900  RU   0.0        0        0  [swapper/16]
        0       0  17  ffff00202516aa00  RU   0.0        0        0  [swapper/17]
        0       0  18  ffff00202516d400  RU   0.0        0        0  [swapper/18]
        0       0  19  ffff002025169500  RU   0.0        0        0  [swapper/19]
        0       0  20  ffff002025170000  RU   0.0        0        0  [swapper/20]
        0       0  21  ffff002025176900  RU   0.0        0        0  [swapper/21]
        0       0  22  ffff002025172a00  RU   0.0        0        0  [swapper/22]
        0       0  23  ffff002025175400  RU   0.0        0        0  [swapper/23]
        0       0  24  ffff00400323d400  RU   0.0        0        0  [swapper/24]
        0       0  25  ffff004003239500  RU   0.0        0        0  [swapper/25]
        0       0  26  ffff00400323bf00  RU   0.0        0        0  [swapper/26]
        0       0  27  ffff004003238000  RU   0.0        0        0  [swapper/27]
        0       0  28  ffff00400323e900  RU   0.0        0        0  [swapper/28]
        0       0  29  ffff00400323aa00  RU   0.0        0        0  [swapper/29]
        0       0  30  ffff004003245400  RU   0.0        0        0  [swapper/30]
        0       0  31  ffff004003241500  RU   0.0        0        0  [swapper/31]
        0       0  32  ffff004003243f00  RU   0.0        0        0  [swapper/32]
        0       0  33  ffff004003240000  RU   0.0        0        0  [swapper/33]
        0       0  34  ffff004003246900  RU   0.0        0        0  [swapper/34]
        0       0  35  ffff004003242a00  RU   0.0        0        0  [swapper/35]
        0       0  36  ffff00400324bf00  RU   0.0        0        0  [swapper/36]
        0       0  37  ffff004003248000  RU   0.0        0        0  [swapper/37]
        0       0  38  ffff00400324e900  RU   0.0        0        0  [swapper/38]
        0       0  39  ffff00400324aa00  RU   0.0        0        0  [swapper/39]
        0       0  40  ffff00400324d400  RU   0.0        0        0  [swapper/40]
        0       0  41  ffff004003249500  RU   0.0        0        0  [swapper/41]
        0       0  42  ffff004003256900  RU   0.0        0        0  [swapper/42]
        0       0  43  ffff004003252a00  RU   0.0        0        0  [swapper/43]
        0       0  44  ffff004003255400  RU   0.0        0        0  [swapper/44]
        0       0  45  ffff004003251500  RU   0.0        0        0  [swapper/45]
        0       0  46  ffff004003253f00  RU   0.0        0        0  [swapper/46]
        0       0  47  ffff004003250000  RU   0.0        0        0  [swapper/47]
        0       0  48  ffff202003413f00  RU   0.0        0        0  [swapper/48]
        0       0  49  ffff202003410000  RU   0.0        0        0  [swapper/49]
        0       0  50  ffff202003416900  RU   0.0        0        0  [swapper/50]
        0       0  51  ffff202003412a00  RU   0.0        0        0  [swapper/51]
        0       0  52  ffff202003415400  RU   0.0        0        0  [swapper/52]
        0       0  53  ffff202003411500  RU   0.0        0        0  [swapper/53]
        0       0  54  ffff202003418000  RU   0.0        0        0  [swapper/54]
        0       0  55  ffff20200341e900  RU   0.0        0        0  [swapper/55]
        0       0  56  ffff20200341aa00  RU   0.0        0        0  [swapper/56]
        0       0  57  ffff20200341d400  RU   0.0        0        0  [swapper/57]
        0       0  58  ffff202003419500  RU   0.0        0        0  [swapper/58]
        0       0  59  ffff20200341bf00  RU   0.0        0        0  [swapper/59]
        0       0  60  ffff202003422a00  RU   0.0        0        0  [swapper/60]
        0       0  61  ffff202003425400  RU   0.0        0        0  [swapper/61]
        0       0  62  ffff202003421500  RU   0.0        0        0  [swapper/62]
        0       0  63  ffff202003423f00  RU   0.0        0        0  [swapper/63]
        0       0  64  ffff202003420000  RU   0.0        0        0  [swapper/64]
        0       0  65  ffff202003426900  RU   0.0        0        0  [swapper/65]
        0       0  66  ffff202003433f00  RU   0.0        0        0  [swapper/66]
        0       0  67  ffff202003430000  RU   0.0        0        0  [swapper/67]
        0       0  68  ffff202003436900  RU   0.0        0        0  [swapper/68]
        0       0  69  ffff202003432a00  RU   0.0        0        0  [swapper/69]
        0       0  70  ffff202003435400  RU   0.0        0        0  [swapper/70]
        0       0  71  ffff202003431500  RU   0.0        0        0  [swapper/71]
        0       0  72  ffff2040032b2a00  RU   0.0        0        0  [swapper/72]
        0       0  73  ffff2040032b5400  RU   0.0        0        0  [swapper/73]
        0       0  74  ffff2040032b1500  RU   0.0        0        0  [swapper/74]
        0       0  75  ffff2040032b3f00  RU   0.0        0        0  [swapper/75]
        0       0  76  ffff2040032b0000  RU   0.0        0        0  [swapper/76]
        0       0  77  ffff2040032b6900  RU   0.0        0        0  [swapper/77]
        0       0  78  ffff2040032b8000  RU   0.0        0        0  [swapper/78]
        0       0  79  ffff2040032be900  RU   0.0        0        0  [swapper/79]
        0       0  80  ffff2040032baa00  RU   0.0        0        0  [swapper/80]
        0       0  81  ffff2040032bd400  RU   0.0        0        0  [swapper/81]
        0       0  82  ffff2040032b9500  RU   0.0        0        0  [swapper/82]
        0       0  83  ffff2040032bbf00  RU   0.0        0        0  [swapper/83]
        0       0  84  ffff2040032c2a00  RU   0.0        0        0  [swapper/84]
        0       0  85  ffff2040032c5400  RU   0.0        0        0  [swapper/85]
        0       0  86  ffff2040032c1500  RU   0.0        0        0  [swapper/86]
        0       0  87  ffff2040032c3f00  RU   0.0        0        0  [swapper/87]
        0       0  88  ffff2040032c0000  RU   0.0        0        0  [swapper/88]
        0       0  89  ffff2040032c6900  RU   0.0        0        0  [swapper/89]
        0       0  90  ffff2040032c8000  RU   0.0        0        0  [swapper/90]
        0       0  91  ffff2040032ce900  RU   0.0        0        0  [swapper/91]
        0       0  92  ffff2040032caa00  RU   0.0        0        0  [swapper/92]
        0       0  93  ffff2040032cd400  RU   0.0        0        0  [swapper/93]
        0       0  94  ffff2040032c9500  RU   0.0        0        0  [swapper/94]
        0       0  95  ffff2040032cbf00  RU   0.0        0        0  [swapper/95]
        0       0  96  ffff40200349bf00  RU   0.0        0        0  [swapper/96]
        0       0  97  ffff402003498000  RU   0.0        0        0  [swapper/97]
        0       0  98  ffff40200349e900  RU   0.0        0        0  [swapper/98]
        0       0  99  ffff40200349aa00  RU   0.0        0        0  [swapper/99]
        0       0 100  ffff40200349d400  RU   0.0        0        0  [swapper/100]
        0       0 101  ffff402003499500  RU   0.0        0        0  [swapper/101]
        0       0 102  ffff4020034a0000  RU   0.0        0        0  [swapper/102]
        0       0 103  ffff4020034a6900  RU   0.0        0        0  [swapper/103]
        0       0 104  ffff4020034a2a00  RU   0.0        0        0  [swapper/104]
        0       0 105  ffff4020034a5400  RU   0.0        0        0  [swapper/105]
        0       0 106  ffff4020034a1500  RU   0.0        0        0  [swapper/106]
        0       0 107  ffff4020034a3f00  RU   0.0        0        0  [swapper/107]
        0       0 108  ffff4020034abf00  RU   0.0        0        0  [swapper/108]
        0       0 109  ffff4020034a8000  RU   0.0        0        0  [swapper/109]
        0       0 110  ffff4020034ae900  RU   0.0        0        0  [swapper/110]
        0       0 111  ffff4020034aaa00  RU   0.0        0        0  [swapper/111]
        0       0 112  ffff4020034ad400  RU   0.0        0        0  [swapper/112]
        0       0 113  ffff4020034a9500  RU   0.0        0        0  [swapper/113]
        0       0 114  ffff4020034b1500  RU   0.0        0        0  [swapper/114]
        0       0 115  ffff4020034b3f00  RU   0.0        0        0  [swapper/115]
        0       0 116  ffff4020034b0000  RU   0.0        0        0  [swapper/116]
        0       0 117  ffff4020034b6900  RU   0.0        0        0  [swapper/117]
        0       0 118  ffff4020034b2a00  RU   0.0        0        0  [swapper/118]
        0       0 119  ffff4020034b5400  RU   0.0        0        0  [swapper/119]
        0       0 120  ffff404003249500  RU   0.0        0        0  [swapper/120]
        0       0 121  ffff40400324bf00  RU   0.0        0        0  [swapper/121]
        0       0 122  ffff404003248000  RU   0.0        0        0  [swapper/122]
        0       0 123  ffff40400324e900  RU   0.0        0        0  [swapper/123]
        0       0 124  ffff40400324aa00  RU   0.0        0        0  [swapper/124]
        0       0 125  ffff40400324d400  RU   0.0        0        0  [swapper/125]
        0       0 126  ffff404003255400  RU   0.0        0        0  [swapper/126]
        0       0 127  ffff404003251500  RU   0.0        0        0  [swapper/127]
        0       0 128  ffff404003253f00  RU   0.0        0        0  [swapper/128]
        0       0 129  ffff404003250000  RU   0.0        0        0  [swapper/129]
        0       0 130  ffff404003256900  RU   0.0        0        0  [swapper/130]
        0       0 131  ffff404003252a00  RU   0.0        0        0  [swapper/131]
        0       0 132  ffff40400325d400  RU   0.0        0        0  [swapper/132]
        0       0 133  ffff404003259500  RU   0.0        0        0  [swapper/133]
        0       0 134  ffff40400325bf00  RU   0.0        0        0  [swapper/134]
        0       0 135  ffff404003258000  RU   0.0        0        0  [swapper/135]
        0       0 136  ffff40400325e900  RU   0.0        0        0  [swapper/136]
        0       0 137  ffff40400325aa00  RU   0.0        0        0  [swapper/137]
        0       0 138  ffff404003266900  RU   0.0        0        0  [swapper/138]
        0       0 139  ffff404003262a00  RU   0.0        0        0  [swapper/139]
        0       0 140  ffff404003265400  RU   0.0        0        0  [swapper/140]
        0       0 141  ffff404003261500  RU   0.0        0        0  [swapper/141]
        0       0 142  ffff404003263f00  RU   0.0        0        0  [swapper/142]
        0       0 143  ffff404003260000  RU   0.0        0        0  [swapper/143]
        0       0 144  ffff602003418000  RU   0.0        0        0  [swapper/144]
        0       0 145  ffff60200341e900  RU   0.0        0        0  [swapper/145]
        0       0 146  ffff60200341aa00  RU   0.0        0        0  [swapper/146]
        0       0 147  ffff60200341d400  RU   0.0        0        0  [swapper/147]
        0       0 148  ffff602003419500  RU   0.0        0        0  [swapper/148]
        0       0 149  ffff60200341bf00  RU   0.0        0        0  [swapper/149]
        0       0 150  ffff602003463f00  RU   0.0        0        0  [swapper/150]
        0       0 151  ffff602003460000  RU   0.0        0        0  [swapper/151]
        0       0 152  ffff602003466900  RU   0.0        0        0  [swapper/152]
        0       0 153  ffff602003462a00  RU   0.0        0        0  [swapper/153]
        0       0 154  ffff602003465400  RU   0.0        0        0  [swapper/154]
        0       0 155  ffff602003461500  RU   0.0        0        0  [swapper/155]
        0       0 156  ffff60200346e900  RU   0.0        0        0  [swapper/156]
        0       0 157  ffff60200346aa00  RU   0.0        0        0  [swapper/157]
        0       0 158  ffff60200346d400  RU   0.0        0        0  [swapper/158]
        0       0 159  ffff602003469500  RU   0.0        0        0  [swapper/159]
        0       0 160  ffff60200346bf00  RU   0.0        0        0  [swapper/160]
        0       0 161  ffff602003468000  RU   0.0        0        0  [swapper/161]
        0       0 162  ffff602003471500  RU   0.0        0        0  [swapper/162]
        0       0 163  ffff602003473f00  RU   0.0        0        0  [swapper/163]
        0       0 164  ffff602003470000  RU   0.0        0        0  [swapper/164]
        0       0 165  ffff602003476900  RU   0.0        0        0  [swapper/165]
        0       0 166  ffff602003472a00  RU   0.0        0        0  [swapper/166]
        0       0 167  ffff602003475400  RU   0.0        0        0  [swapper/167]
        0       0 168  ffff604003255400  RU   0.0        0        0  [swapper/168]
        0       0 169  ffff604003251500  RU   0.0        0        0  [swapper/169]
        0       0 170  ffff604003253f00  RU   0.0        0        0  [swapper/170]
        0       0 171  ffff604003250000  RU   0.0        0        0  [swapper/171]
        0       0 172  ffff604003256900  RU   0.0        0        0  [swapper/172]
        0       0 173  ffff604003252a00  RU   0.0        0        0  [swapper/173]
        0       0 174  ffff60400329aa00  RU   0.0        0        0  [swapper/174]
        0       0 175  ffff60400329d400  RU   0.0        0        0  [swapper/175]
        0       0 176  ffff604003299500  RU   0.0        0        0  [swapper/176]
        0       0 177  ffff60400329bf00  RU   0.0        0        0  [swapper/177]
        0       0 178  ffff604003298000  RU   0.0        0        0  [swapper/178]
        0       0 179  ffff60400329e900  RU   0.0        0        0  [swapper/179]
        0       0 180  ffff6040032a1500  RU   0.0        0        0  [swapper/180]
        0       0 181  ffff6040032a3f00  RU   0.0        0        0  [swapper/181]
        0       0 182  ffff6040032a0000  RU   0.0        0        0  [swapper/182]
        0       0 183  ffff6040032a6900  RU   0.0        0        0  [swapper/183]
        0       0 184  ffff6040032a2a00  RU   0.0        0        0  [swapper/184]
        0       0 185  ffff6040032a5400  RU   0.0        0        0  [swapper/185]
        0       0 186  ffff6040032a8000  RU   0.0        0        0  [swapper/186]
        0       0 187  ffff6040032ae900  RU   0.0        0        0  [swapper/187]
        0       0 188  ffff6040032aaa00  RU   0.0        0        0  [swapper/188]
        0       0 189  ffff6040032ad400  RU   0.0        0        0  [swapper/189]
        0       0 190  ffff6040032a9500  RU   0.0        0        0  [swapper/190]
        0       0 191  ffff6040032abf00  RU   0.0        0        0  [swapper/191]
        1       0 179  ffff2020003c3f00  IN   0.0    24500    16084  systemd
        2       0  49  ffff2020003c0000  IN   0.0        0        0  [kthreadd]
        3       2   5  ffff2020003c6900  IN   0.0        0        0  [pool_workqueue_]
        4       2   0  ffff2020003c2a00  ID   0.0        0        0  [kworker/R-rcu_g]
        5       2   0  ffff2020003c5400  ID   0.0        0        0  [kworker/R-rcu_p]
        6       2   0  ffff2020003c1500  ID   0.0        0        0  [kworker/R-slub_]
        7       2   0  ffff002025140000  ID   0.0        0        0  [kworker/R-netns]
        9       2   0  ffff002025142a00  ID   0.0        0        0  [kworker/0:0H]
       11       2  25  ffff002025141500  ID   0.0        0        0  [kworker/u384:0]
       12       2   0  ffff002025143f00  ID   0.0        0        0  [kworker/R-mm_pe]
       13       2   0  ffff00202514aa00  ID   0.0        0        0  [rcu_tasks_rude_]
       14       2   0  ffff00202514d400  ID   0.0        0        0  [rcu_tasks_trace]
       15       2   0  ffff002025149500  IN   0.0        0        0  [ksoftirqd/0]
       16       2   7  ffff00202514bf00  ID   0.0        0        0  [rcu_sched]
       17       2   0  ffff002025148000  IN   0.0        0        0  [migration/0]
       18       2   0  ffff002025171500  IN   0.0        0        0  [cpuhp/0]
       19       2   1  ffff002025173f00  IN   0.0        0        0  [cpuhp/1]
       20       2   1  ffff002025198000  IN   0.0        0        0  [migration/1]
       21       2   1  ffff00202519e900  IN   0.0        0        0  [ksoftirqd/1]
       22       2   1  ffff00202519aa00  ID   0.0        0        0  [kworker/1:0]
       23       2   1  ffff00202519d400  ID   0.0        0        0  [kworker/1:0H]
       24       2   2  ffff002025199500  IN   0.0        0        0  [cpuhp/2]
       25       2   2  ffff00202519bf00  IN   0.0        0        0  [migration/2]
       26       2   2  ffff0020253a0000  IN   0.0        0        0  [ksoftirqd/2]
       27       2   2  ffff0020253a6900  ID   0.0        0        0  [kworker/2:0]
       28       2   2  ffff0020253a2a00  ID   0.0        0        0  [kworker/2:0H]
       29       2   3  ffff0020253a5400  IN   0.0        0        0  [cpuhp/3]
       30       2   3  ffff0020253a1500  IN   0.0        0        0  [migration/3]
       31       2   3  ffff0020253a3f00  IN   0.0        0        0  [ksoftirqd/3]
       32       2   3  ffff0020253aaa00  ID   0.0        0        0  [kworker/3:0]
       33       2   3  ffff0020253ad400  ID   0.0        0        0  [kworker/3:0H]
       34       2   4  ffff0020253a9500  IN   0.0        0        0  [cpuhp/4]
       35       2   4  ffff0020253abf00  IN   0.0        0        0  [migration/4]
       36       2   4  ffff0020253a8000  IN   0.0        0        0  [ksoftirqd/4]
       37       2   4  ffff0020253ae900  ID   0.0        0        0  [kworker/4:0]
       38       2   4  ffff0020253b9500  ID   0.0        0        0  [kworker/4:0H]
       39       2   5  ffff0020253bbf00  IN   0.0        0        0  [cpuhp/5]
       40       2   5  ffff0020253b8000  IN   0.0        0        0  [migration/5]
       41       2   5  ffff0020253be900  IN   0.0        0        0  [ksoftirqd/5]
       43       2   5  ffff0020253bd400  ID   0.0        0        0  [kworker/5:0H]
       44       2   6  ffff0020253cbf00  IN   0.0        0        0  [cpuhp/6]
       45       2   6  ffff0020253c8000  IN   0.0        0        0  [migration/6]
       46       2   6  ffff0020253ce900  IN   0.0        0        0  [ksoftirqd/6]
       48       2   6  ffff0020253cd400  ID   0.0        0        0  [kworker/6:0H]
       49       2   7  ffff0020253c9500  IN   0.0        0        0  [cpuhp/7]
       50       2   7  ffff002025518000  IN   0.0        0        0  [migration/7]
       51       2   7  ffff00202551e900  IN   0.0        0        0  [ksoftirqd/7]
       52       2   7  ffff00202551aa00  ID   0.0        0        0  [kworker/7:0]
       53       2   7  ffff00202551d400  ID   0.0        0        0  [kworker/7:0H]
       54       2   8  ffff002025519500  IN   0.0        0        0  [cpuhp/8]
       55       2   8  ffff00202551bf00  IN   0.0        0        0  [migration/8]
       56       2   8  ffff00202552d400  IN   0.0        0        0  [ksoftirqd/8]
       57       2   8  ffff002025529500  ID   0.0        0        0  [kworker/8:0]
       58       2   8  ffff00202552bf00  ID   0.0        0        0  [kworker/8:0H]
       59       2   9  ffff002025528000  IN   0.0        0        0  [cpuhp/9]
       60       2   9  ffff00202552e900  IN   0.0        0        0  [migration/9]
       61       2   9  ffff00202552aa00  IN   0.0        0        0  [ksoftirqd/9]
       63       2   9  ffff002025531500  ID   0.0        0        0  [kworker/9:0H]
       64       2  10  ffff002025533f00  IN   0.0        0        0  [cpuhp/10]
       65       2  10  ffff002025530000  IN   0.0        0        0  [migration/10]
       66       2  10  ffff002025536900  IN   0.0        0        0  [ksoftirqd/10]
       68       2  10  ffff002025639500  ID   0.0        0        0  [kworker/10:0H]
       69       2  11  ffff00202563bf00  IN   0.0        0        0  [cpuhp/11]
       70       2  11  ffff002025638000  IN   0.0        0        0  [migration/11]
       71       2  11  ffff00202563e900  IN   0.0        0        0  [ksoftirqd/11]
       72       2  11  ffff00202563aa00  ID   0.0        0        0  [kworker/11:0]
       73       2  11  ffff00202563d400  ID   0.0        0        0  [kworker/11:0H]
       74       2  12  ffff00202564e900  IN   0.0        0        0  [cpuhp/12]
       75       2  12  ffff00202564aa00  IN   0.0        0        0  [migration/12]
       76       2  12  ffff00202564d400  IN   0.0        0        0  [ksoftirqd/12]
       77       2  12  ffff002025649500  ID   0.0        0        0  [kworker/12:0]
       78       2  12  ffff00202564bf00  ID   0.0        0        0  [kworker/12:0H]
       79       2  13  ffff002025648000  IN   0.0        0        0  [cpuhp/13]
       80       2  13  ffff002025656900  IN   0.0        0        0  [migration/13]
       81       2  13  ffff002025652a00  IN   0.0        0        0  [ksoftirqd/13]
       82       2  13  ffff002025655400  ID   0.0        0        0  [kworker/13:0]
       83       2  13  ffff002025651500  ID   0.0        0        0  [kworker/13:0H]
       84       2  14  ffff002025653f00  IN   0.0        0        0  [cpuhp/14]
       85       2  14  ffff002025650000  IN   0.0        0        0  [migration/14]
       86       2  14  ffff002025660000  IN   0.0        0        0  [ksoftirqd/14]
       87       2  14  ffff002025666900  ID   0.0        0        0  [kworker/14:0]
       88       2  14  ffff002025662a00  ID   0.0        0        0  [kworker/14:0H]
       89       2  15  ffff002025665400  IN   0.0        0        0  [cpuhp/15]
       90       2  15  ffff002025661500  IN   0.0        0        0  [migration/15]
       91       2  15  ffff002025663f00  IN   0.0        0        0  [ksoftirqd/15]
       92       2  15  ffff00202566d400  ID   0.0        0        0  [kworker/15:0]
       93       2  15  ffff002025669500  ID   0.0        0        0  [kworker/15:0H]
       94       2  16  ffff00202566bf00  IN   0.0        0        0  [cpuhp/16]
       95       2  16  ffff002025668000  IN   0.0        0        0  [migration/16]
       96       2  16  ffff00202566e900  IN   0.0        0        0  [ksoftirqd/16]
       97       2  16  ffff00202566aa00  ID   0.0        0        0  [kworker/16:0]
       98       2  16  ffff0020257ce900  ID   0.0        0        0  [kworker/16:0H]
       99       2  17  ffff0020257caa00  IN   0.0        0        0  [cpuhp/17]
      100       2  17  ffff0020257cd400  IN   0.0        0        0  [migration/17]
      101       2  17  ffff0020257c9500  IN   0.0        0        0  [ksoftirqd/17]
      102       2  17  ffff0020257cbf00  ID   0.0        0        0  [kworker/17:0]
      103       2  17  ffff0020257c8000  ID   0.0        0        0  [kworker/17:0H]
      104       2  18  ffff0020257d5400  IN   0.0        0        0  [cpuhp/18]
      105       2  18  ffff0020257d1500  IN   0.0        0        0  [migration/18]
      106       2  18  ffff0020257d3f00  IN   0.0        0        0  [ksoftirqd/18]
      107       2  18  ffff0020257d0000  ID   0.0        0        0  [kworker/18:0]
      108       2  18  ffff0020257d6900  ID   0.0        0        0  [kworker/18:0H]
      109       2  19  ffff0020257d2a00  IN   0.0        0        0  [cpuhp/19]
      110       2  19  ffff0020257daa00  IN   0.0        0        0  [migration/19]
      111       2  19  ffff0020257dd400  IN   0.0        0        0  [ksoftirqd/19]
      112       2  19  ffff0020257d9500  ID   0.0        0        0  [kworker/19:0]
      113       2  19  ffff0020257dbf00  ID   0.0        0        0  [kworker/19:0H]
      114       2  20  ffff0020257d8000  IN   0.0        0        0  [cpuhp/20]
      115       2  20  ffff0020257de900  IN   0.0        0        0  [migration/20]
      116       2  20  ffff002025cdaa00  IN   0.0        0        0  [ksoftirqd/20]
      118       2  20  ffff002025cd9500  ID   0.0        0        0  [kworker/20:0H]
      119       2  21  ffff002025cdbf00  IN   0.0        0        0  [cpuhp/21]
      120       2  21  ffff002025cd8000  IN   0.0        0        0  [migration/21]
      121       2  21  ffff002025cde900  IN   0.0        0        0  [ksoftirqd/21]
      123       2  21  ffff002025ce2a00  ID   0.0        0        0  [kworker/21:0H]
      124       2  22  ffff002025ce5400  IN   0.0        0        0  [cpuhp/22]
      125       2  22  ffff002025ce1500  IN   0.0        0        0  [migration/22]
      126       2  22  ffff002025ce3f00  IN   0.0        0        0  [ksoftirqd/22]
      128       2  22  ffff002025cfe900  ID   0.0        0        0  [kworker/22:0H]
      129       2  23  ffff002025cfaa00  IN   0.0        0        0  [cpuhp/23]
      130       2  23  ffff002025cfd400  IN   0.0        0        0  [migration/23]
      131       2  23  ffff002025cf9500  IN   0.0        0        0  [ksoftirqd/23]
      132       2  23  ffff002025cfbf00  ID   0.0        0        0  [kworker/23:0]
      133       2  23  ffff002025cf8000  ID   0.0        0        0  [kworker/23:0H]
      134       2  24  ffff004003266900  IN   0.0        0        0  [cpuhp/24]
      135       2  24  ffff004003262a00  IN   0.0        0        0  [migration/24]
      136       2  24  ffff004003265400  IN   0.0        0        0  [ksoftirqd/24]
      137       2  24  ffff004003261500  ID   0.0        0        0  [kworker/24:0]
      138       2  24  ffff004003263f00  ID   0.0        0        0  [kworker/24:0H]
      139       2  25  ffff004003260000  IN   0.0        0        0  [cpuhp/25]
      140       2  25  ffff00400326e900  IN   0.0        0        0  [migration/25]
      141       2  25  ffff00400326aa00  IN   0.0        0        0  [ksoftirqd/25]
      142       2  25  ffff00400326d400  ID   0.0        0        0  [kworker/25:0]
      143       2  25  ffff004003269500  ID   0.0        0        0  [kworker/25:0H]
      144       2  26  ffff00400326bf00  IN   0.0        0        0  [cpuhp/26]
      145       2  26  ffff004003268000  IN   0.0        0        0  [migration/26]
      146       2  26  ffff004003275400  IN   0.0        0        0  [ksoftirqd/26]
      147       2  26  ffff004003271500  ID   0.0        0        0  [kworker/26:0]
      148       2  26  ffff004003273f00  ID   0.0        0        0  [kworker/26:0H]
      149       2  27  ffff004003270000  IN   0.0        0        0  [cpuhp/27]
      150       2  27  ffff004003276900  IN   0.0        0        0  [migration/27]
      151       2  27  ffff004003272a00  IN   0.0        0        0  [ksoftirqd/27]
      152       2  27  ffff00400327aa00  ID   0.0        0        0  [kworker/27:0]
      153       2  27  ffff00400327d400  ID   0.0        0        0  [kworker/27:0H]
      154       2  28  ffff004003279500  IN   0.0        0        0  [cpuhp/28]
      155       2  28  ffff00400327bf00  IN   0.0        0        0  [migration/28]
      156       2  28  ffff004003278000  IN   0.0        0        0  [ksoftirqd/28]
      158       2  28  ffff004003282a00  ID   0.0        0        0  [kworker/28:0H]
      159       2  29  ffff004003285400  IN   0.0        0        0  [cpuhp/29]
      160       2  29  ffff004003281500  IN   0.0        0        0  [migration/29]
      161       2  29  ffff004003283f00  IN   0.0        0        0  [ksoftirqd/29]
      163       2  29  ffff004003286900  ID   0.0        0        0  [kworker/29:0H]
      164       2  30  ffff00400328d400  IN   0.0        0        0  [cpuhp/30]
      165       2  30  ffff004003289500  IN   0.0        0        0  [migration/30]
      166       2  30  ffff00400328bf00  IN   0.0        0        0  [ksoftirqd/30]
      167       2  30  ffff004003288000  ID   0.0        0        0  [kworker/30:0]
      168       2  30  ffff00400328e900  ID   0.0        0        0  [kworker/30:0H]
      169       2  31  ffff00400328aa00  IN   0.0        0        0  [cpuhp/31]
      170       2  31  ffff004003abbf00  IN   0.0        0        0  [migration/31]
      171       2  31  ffff004003ab8000  IN   0.0        0        0  [ksoftirqd/31]
      173       2  31  ffff004003abaa00  ID   0.0        0        0  [kworker/31:0H]
      174       2  32  ffff004003abd400  IN   0.0        0        0  [cpuhp/32]
      175       2  32  ffff004003ab9500  IN   0.0        0        0  [migration/32]
      176       2  32  ffff004003ac2a00  IN   0.0        0        0  [ksoftirqd/32]
      177       2  32  ffff004003ac5400  ID   0.0        0        0  [kworker/32:0]
      178       2  32  ffff004003ac1500  ID   0.0        0        0  [kworker/32:0H]
      179       2  33  ffff004003ac3f00  IN   0.0        0        0  [cpuhp/33]
      180       2  33  ffff004003ac0000  IN   0.0        0        0  [migration/33]
      181       2  33  ffff004003ac6900  IN   0.0        0        0  [ksoftirqd/33]
      182       2  33  ffff004003ac9500  ID   0.0        0        0  [kworker/33:0]
      183       2  33  ffff004003acbf00  ID   0.0        0        0  [kworker/33:0H]
      184       2  34  ffff004003ac8000  IN   0.0        0        0  [cpuhp/34]
      185       2  34  ffff004003ace900  IN   0.0        0        0  [migration/34]
      186       2  34  ffff004003acaa00  IN   0.0        0        0  [ksoftirqd/34]
      187       2  34  ffff004003acd400  ID   0.0        0        0  [kworker/34:0]
      188       2  34  ffff004003ad2a00  ID   0.0        0        0  [kworker/34:0H]
      189       2  35  ffff004003ad5400  IN   0.0        0        0  [cpuhp/35]
      190       2  35  ffff004003ad1500  IN   0.0        0        0  [migration/35]
      191       2  35  ffff004003ad3f00  IN   0.0        0        0  [ksoftirqd/35]
      193       2  35  ffff004003ad6900  ID   0.0        0        0  [kworker/35:0H]
      194       2  36  ffff004003ae3f00  IN   0.0        0        0  [cpuhp/36]
      195       2  36  ffff004003ae0000  IN   0.0        0        0  [migration/36]
      196       2  36  ffff004003ae6900  IN   0.0        0        0  [ksoftirqd/36]
      197       2  36  ffff004003ae2a00  ID   0.0        0        0  [kworker/36:0]
      198       2  36  ffff004003ae5400  ID   0.0        0        0  [kworker/36:0H]
      199       2  37  ffff004003ae1500  IN   0.0        0        0  [cpuhp/37]
      200       2  37  ffff004003aed400  IN   0.0        0        0  [migration/37]
      201       2  37  ffff004003ae9500  IN   0.0        0        0  [ksoftirqd/37]
      203       2  37  ffff004003ae8000  ID   0.0        0        0  [kworker/37:0H]
      204       2  38  ffff004003aee900  IN   0.0        0        0  [cpuhp/38]
      205       2  38  ffff004003aeaa00  IN   0.0        0        0  [migration/38]
      206       2  38  ffff004003cb0000  IN   0.0        0        0  [ksoftirqd/38]
      207       2  38  ffff004003cb6900  ID   0.0        0        0  [kworker/38:0]
      208       2  38  ffff004003cb2a00  ID   0.0        0        0  [kworker/38:0H]
      209       2  39  ffff004003cb5400  IN   0.0        0        0  [cpuhp/39]
      210       2  39  ffff004003cb1500  IN   0.0        0        0  [migration/39]
      211       2  39  ffff004003cb3f00  IN   0.0        0        0  [ksoftirqd/39]
      212       2  39  ffff004003cb8000  ID   0.0        0        0  [kworker/39:0]
      213       2  39  ffff004003cbe900  ID   0.0        0        0  [kworker/39:0H]
      214       2  40  ffff004003cbaa00  IN   0.0        0        0  [cpuhp/40]
      215       2  40  ffff004003cbd400  IN   0.0        0        0  [migration/40]
      216       2  40  ffff004003cb9500  IN   0.0        0        0  [ksoftirqd/40]
      217       2  40  ffff004003cbbf00  ID   0.0        0        0  [kworker/40:0]
      218       2  40  ffff004003cc2a00  ID   0.0        0        0  [kworker/40:0H]
      219       2  41  ffff004003cc5400  IN   0.0        0        0  [cpuhp/41]
      220       2  41  ffff004003cc1500  IN   0.0        0        0  [migration/41]
      221       2  41  ffff004003cc3f00  IN   0.0        0        0  [ksoftirqd/41]
      223       2  41  ffff004003cc6900  ID   0.0        0        0  [kworker/41:0H]
      224       2  42  ffff004003ccaa00  IN   0.0        0        0  [cpuhp/42]
      225       2  42  ffff004003ccd400  IN   0.0        0        0  [migration/42]
      226       2  42  ffff004003cc9500  IN   0.0        0        0  [ksoftirqd/42]
      228       2  42  ffff004003cc8000  ID   0.0        0        0  [kworker/42:0H]
      229       2  43  ffff004003cce900  IN   0.0        0        0  [cpuhp/43]
      230       2  43  ffff004003cd5400  IN   0.0        0        0  [migration/43]
      231       2  43  ffff004003cd1500  IN   0.0        0        0  [ksoftirqd/43]
      232       2  43  ffff004003cd3f00  ID   0.0        0        0  [kworker/43:0]
      233       2  43  ffff004003cd0000  ID   0.0        0        0  [kworker/43:0H]
      234       2  44  ffff004003cd6900  IN   0.0        0        0  [cpuhp/44]
      235       2  44  ffff004003cd2a00  IN   0.0        0        0  [migration/44]
      236       2  44  ffff004003cdaa00  IN   0.0        0        0  [ksoftirqd/44]
      237       2  44  ffff004003cdd400  ID   0.0        0        0  [kworker/44:0]
      238       2  44  ffff004003cd9500  ID   0.0        0        0  [kworker/44:0H]
      239       2  45  ffff004003cdbf00  IN   0.0        0        0  [cpuhp/45]
      240       2  45  ffff004003cd8000  IN   0.0        0        0  [migration/45]
      241       2  45  ffff004003cde900  IN   0.0        0        0  [ksoftirqd/45]
      242       2  45  ffff004003ce3f00  ID   0.0        0        0  [kworker/45:0]
      243       2  45  ffff004003ce0000  ID   0.0        0        0  [kworker/45:0H]
      244       2  46  ffff004003ce6900  IN   0.0        0        0  [cpuhp/46]
      245       2  46  ffff004003ce2a00  IN   0.0        0        0  [migration/46]
      246       2  46  ffff004003ce5400  IN   0.0        0        0  [ksoftirqd/46]
      247       2  46  ffff004003ce1500  ID   0.0        0        0  [kworker/46:0]
      248       2  46  ffff004004299500  ID   0.0        0        0  [kworker/46:0H]
      249       2  47  ffff00400429bf00  IN   0.0        0        0  [cpuhp/47]
      250       2  47  ffff004004298000  IN   0.0        0        0  [migration/47]
      251       2  47  ffff00400429e900  IN   0.0        0        0  [ksoftirqd/47]
      252       2  47  ffff00400429aa00  ID   0.0        0        0  [kworker/47:0]
      253       2  47  ffff00400429d400  ID   0.0        0        0  [kworker/47:0H]
      254       2  48  ffff20200344e900  IN   0.0        0        0  [cpuhp/48]
      255       2  48  ffff20200344aa00  IN   0.0        0        0  [migration/48]
      256       2  48  ffff20200344d400  IN   0.0        0        0  [ksoftirqd/48]
      257       2  48  ffff202003449500  ID   0.0        0        0  [kworker/48:0]
      258       2  48  ffff20200344bf00  ID   0.0        0        0  [kworker/48:0H]
      259       2  49  ffff202003448000  IN   0.0        0        0  [cpuhp/49]
      260       2  49  ffff202003453f00  IN   0.0        0        0  [migration/49]
      261       2  49  ffff202003450000  IN   0.0        0        0  [ksoftirqd/49]
      263       2  49  ffff202003452a00  ID   0.0        0        0  [kworker/49:0H]
      264       2  50  ffff202003455400  IN   0.0        0        0  [cpuhp/50]
      265       2  50  ffff202003451500  IN   0.0        0        0  [migration/50]
      266       2  50  ffff202003713f00  IN   0.0        0        0  [ksoftirqd/50]
      268       2  50  ffff202003716900  ID   0.0        0        0  [kworker/50:0H]
      269       2  51  ffff202003712a00  IN   0.0        0        0  [cpuhp/51]
      270       2  51  ffff202003715400  IN   0.0        0        0  [migration/51]
      271       2  51  ffff202003711500  IN   0.0        0        0  [ksoftirqd/51]
      272       2  51  ffff20200371e900  ID   0.0        0        0  [kworker/51:0]
      273       2  51  ffff20200371aa00  ID   0.0        0        0  [kworker/51:0H]
      274       2  52  ffff20200371d400  IN   0.0        0        0  [cpuhp/52]
      275       2  52  ffff202003719500  IN   0.0        0        0  [migration/52]
      276       2  52  ffff20200371bf00  IN   0.0        0        0  [ksoftirqd/52]
      277       2  52  ffff202003718000  ID   0.0        0        0  [kworker/52:0]
      278       2  52  ffff202003722a00  ID   0.0        0        0  [kworker/52:0H]
      279       2  53  ffff202003725400  IN   0.0        0        0  [cpuhp/53]
      280       2  53  ffff202003721500  IN   0.0        0        0  [migration/53]
      281       2  53  ffff202003723f00  IN   0.0        0        0  [ksoftirqd/53]
      282       2  53  ffff202003720000  ID   0.0        0        0  [kworker/53:0]
      283       2  53  ffff202003726900  ID   0.0        0        0  [kworker/53:0H]
      284       2  54  ffff202003729500  IN   0.0        0        0  [cpuhp/54]
      285       2  54  ffff20200372bf00  IN   0.0        0        0  [migration/54]
      286       2  54  ffff202003728000  IN   0.0        0        0  [ksoftirqd/54]
      287       2  54  ffff20200372e900  ID   0.0        0        0  [kworker/54:0]
      288       2  54  ffff20200372aa00  ID   0.0        0        0  [kworker/54:0H]
      289       2  55  ffff20200372d400  IN   0.0        0        0  [cpuhp/55]
      290       2  55  ffff202003732a00  IN   0.0        0        0  [migration/55]
      291       2  55  ffff202003735400  IN   0.0        0        0  [ksoftirqd/55]
      292       2  55  ffff202003731500  ID   0.0        0        0  [kworker/55:0]
      293       2  55  ffff202003733f00  ID   0.0        0        0  [kworker/55:0H]
      294       2  56  ffff202003730000  IN   0.0        0        0  [cpuhp/56]
      295       2  56  ffff202003736900  IN   0.0        0        0  [migration/56]
      296       2  56  ffff202003738000  IN   0.0        0        0  [ksoftirqd/56]
      297       2  56  ffff20200373e900  ID   0.0        0        0  [kworker/56:0]
      298       2  56  ffff20200373aa00  ID   0.0        0        0  [kworker/56:0H]
      299       2  57  ffff20200373d400  IN   0.0        0        0  [cpuhp/57]
      300       2  57  ffff202003739500  IN   0.0        0        0  [migration/57]
      301       2  57  ffff20200373bf00  IN   0.0        0        0  [ksoftirqd/57]
      302       2  57  ffff202003746900  ID   0.0        0        0  [kworker/57:0]
      303       2  57  ffff202003742a00  ID   0.0        0        0  [kworker/57:0H]
      304       2  58  ffff202003745400  IN   0.0        0        0  [cpuhp/58]
      305       2  58  ffff202003741500  IN   0.0        0        0  [migration/58]
      306       2  58  ffff202003743f00  IN   0.0        0        0  [ksoftirqd/58]
      307       2  58  ffff202003740000  ID   0.0        0        0  [kworker/58:0]
      308       2  58  ffff202003942a00  ID   0.0        0        0  [kworker/58:0H]
      309       2  59  ffff202003945400  IN   0.0        0        0  [cpuhp/59]
      310       2  59  ffff202003941500  IN   0.0        0        0  [migration/59]
      311       2  59  ffff202003943f00  IN   0.0        0        0  [ksoftirqd/59]
      312       2  59  ffff202003940000  ID   0.0        0        0  [kworker/59:0]
      313       2  59  ffff202003946900  ID   0.0        0        0  [kworker/59:0H]
      314       2  60  ffff202003951500  IN   0.0        0        0  [cpuhp/60]
      315       2  60  ffff202003953f00  IN   0.0        0        0  [migration/60]
      316       2  60  ffff202003950000  IN   0.0        0        0  [ksoftirqd/60]
      317       2  60  ffff202003956900  ID   0.0        0        0  [kworker/60:0]
      318       2  60  ffff202003952a00  ID   0.0        0        0  [kworker/60:0H]
      319       2  61  ffff202003955400  IN   0.0        0        0  [cpuhp/61]
      320       2  61  ffff20200395bf00  IN   0.0        0        0  [migration/61]
      321       2  61  ffff202003958000  IN   0.0        0        0  [ksoftirqd/61]
      322       2  61  ffff20200395e900  ID   0.0        0        0  [kworker/61:0]
      323       2  61  ffff20200395aa00  ID   0.0        0        0  [kworker/61:0H]
      324       2  62  ffff20200395d400  IN   0.0        0        0  [cpuhp/62]
      325       2  62  ffff202003959500  IN   0.0        0        0  [migration/62]
      326       2  62  ffff202003962a00  IN   0.0        0        0  [ksoftirqd/62]
      327       2  62  ffff202003965400  ID   0.0        0        0  [kworker/62:0]
      328       2  62  ffff202003961500  ID   0.0        0        0  [kworker/62:0H]
      329       2  63  ffff202003963f00  IN   0.0        0        0  [cpuhp/63]
      330       2  63  ffff202003960000  IN   0.0        0        0  [migration/63]
      331       2  63  ffff202003966900  IN   0.0        0        0  [ksoftirqd/63]
      332       2  63  ffff202003969500  ID   0.0        0        0  [kworker/63:0]
      333       2  63  ffff20200396bf00  ID   0.0        0        0  [kworker/63:0H]
      334       2  64  ffff202003968000  IN   0.0        0        0  [cpuhp/64]
      335       2  64  ffff20200396e900  IN   0.0        0        0  [migration/64]
      336       2  64  ffff20200396aa00  IN   0.0        0        0  [ksoftirqd/64]
      337       2  64  ffff20200396d400  ID   0.0        0        0  [kworker/64:0]
      338       2  64  ffff202003971500  ID   0.0        0        0  [kworker/64:0H]
      339       2  65  ffff202003973f00  IN   0.0        0        0  [cpuhp/65]
      340       2  65  ffff202003970000  IN   0.0        0        0  [migration/65]
      341       2  65  ffff202003976900  IN   0.0        0        0  [ksoftirqd/65]
      342       2  65  ffff202003972a00  ID   0.0        0        0  [kworker/65:0]
      343       2  65  ffff202003975400  ID   0.0        0        0  [kworker/65:0H]
      344       2  66  ffff202003b76900  IN   0.0        0        0  [cpuhp/66]
      345       2  66  ffff202003b72a00  IN   0.0        0        0  [migration/66]
      346       2  66  ffff202003b75400  IN   0.0        0        0  [ksoftirqd/66]
      347       2  66  ffff202003b71500  ID   0.0        0        0  [kworker/66:0]
      348       2  66  ffff202003b73f00  ID   0.0        0        0  [kworker/66:0H]
      349       2  67  ffff202003b70000  IN   0.0        0        0  [cpuhp/67]
      350       2  67  ffff202003b7e900  IN   0.0        0        0  [migration/67]
      351       2  67  ffff202003b7aa00  IN   0.0        0        0  [ksoftirqd/67]
      352       2  67  ffff202003b7d400  ID   0.0        0        0  [kworker/67:0]
      353       2  67  ffff202003b79500  ID   0.0        0        0  [kworker/67:0H]
      354       2  68  ffff202003b7bf00  IN   0.0        0        0  [cpuhp/68]
      355       2  68  ffff202003b78000  IN   0.0        0        0  [migration/68]
      356       2  68  ffff202003b80000  IN   0.0        0        0  [ksoftirqd/68]
      357       2  68  ffff202003b86900  ID   0.0        0        0  [kworker/68:0]
      358       2  68  ffff202003b82a00  ID   0.0        0        0  [kworker/68:0H]
      359       2  69  ffff202003b85400  IN   0.0        0        0  [cpuhp/69]
      360       2  69  ffff202003b81500  IN   0.0        0        0  [migration/69]
      361       2  69  ffff202003b83f00  IN   0.0        0        0  [ksoftirqd/69]
      363       2  69  ffff202003b8d400  ID   0.0        0        0  [kworker/69:0H]
      364       2  70  ffff202003b89500  IN   0.0        0        0  [cpuhp/70]
      365       2  70  ffff202003b8bf00  IN   0.0        0        0  [migration/70]
      366       2  70  ffff202003b88000  IN   0.0        0        0  [ksoftirqd/70]
      367       2  70  ffff202003b8e900  ID   0.0        0        0  [kworker/70:0]
      368       2  70  ffff202003b9bf00  ID   0.0        0        0  [kworker/70:0H]
      369       2  71  ffff202003b98000  IN   0.0        0        0  [cpuhp/71]
      370       2  71  ffff202003b9e900  IN   0.0        0        0  [migration/71]
      371       2  71  ffff202003b9aa00  IN   0.0        0        0  [ksoftirqd/71]
      372       2  71  ffff202003b9d400  ID   0.0        0        0  [kworker/71:0]
      373       2  71  ffff202003b99500  ID   0.0        0        0  [kworker/71:0H]
      374       2  72  ffff2040032f0000  IN   0.0        0        0  [cpuhp/72]
      375       2  72  ffff2040032f6900  IN   0.0        0        0  [migration/72]
      376       2  72  ffff2040032f2a00  IN   0.0        0        0  [ksoftirqd/72]
      377       2  72  ffff2040032f5400  ID   0.0        0        0  [kworker/72:0]
      378       2  72  ffff2040032f1500  ID   0.0        0        0  [kworker/72:0H]
      379       2  73  ffff2040032f3f00  IN   0.0        0        0  [cpuhp/73]
      380       2  73  ffff2040032fbf00  IN   0.0        0        0  [migration/73]
      381       2  73  ffff2040032f8000  IN   0.0        0        0  [ksoftirqd/73]
      382       2  73  ffff2040032fe900  ID   0.0        0        0  [kworker/73:0]
      383       2  73  ffff2040032faa00  ID   0.0        0        0  [kworker/73:0H]
      384       2  74  ffff2040032fd400  IN   0.0        0        0  [cpuhp/74]
      385       2  74  ffff2040032f9500  IN   0.0        0        0  [migration/74]
      386       2  74  ffff204003306900  IN   0.0        0        0  [ksoftirqd/74]
      387       2  74  ffff204003302a00  ID   0.0        0        0  [kworker/74:0]
      388       2  74  ffff204003305400  ID   0.0        0        0  [kworker/74:0H]
      389       2  75  ffff204003301500  IN   0.0        0        0  [cpuhp/75]
      390       2  75  ffff204003303f00  IN   0.0        0        0  [migration/75]
      391       2  75  ffff204003300000  IN   0.0        0        0  [ksoftirqd/75]
      392       2  75  ffff2040035c3f00  ID   0.0        0        0  [kworker/75:0]
      393       2  75  ffff2040035c0000  ID   0.0        0        0  [kworker/75:0H]
      394       2  76  ffff2040035c6900  IN   0.0        0        0  [cpuhp/76]
      395       2  76  ffff2040035c2a00  IN   0.0        0        0  [migration/76]
      396       2  76  ffff2040035c5400  IN   0.0        0        0  [ksoftirqd/76]
      398       2  76  ffff2040035cd400  ID   0.0        0        0  [kworker/76:0H]
      399       2  77  ffff2040035c9500  IN   0.0        0        0  [cpuhp/77]
      400       2  77  ffff2040035cbf00  IN   0.0        0        0  [migration/77]
      401       2  77  ffff2040035c8000  IN   0.0        0        0  [ksoftirqd/77]
      402       2  77  ffff2040035ce900  ID   0.0        0        0  [kworker/77:0]
      403       2  77  ffff2040035caa00  ID   0.0        0        0  [kworker/77:0H]
      404       2  78  ffff2040035d3f00  IN   0.0        0        0  [cpuhp/78]
      405       2  78  ffff2040035d0000  IN   0.0        0        0  [migration/78]
      406       2  78  ffff2040035d6900  IN   0.0        0        0  [ksoftirqd/78]
      408       2  78  ffff2040035d5400  ID   0.0        0        0  [kworker/78:0H]
      409       2  79  ffff2040035d1500  IN   0.0        0        0  [cpuhp/79]
      410       2  79  ffff2040035d8000  IN   0.0        0        0  [migration/79]
      411       2  79  ffff2040035de900  IN   0.0        0        0  [ksoftirqd/79]
      412       2  79  ffff2040035daa00  ID   0.0        0        0  [kworker/79:0]
      413       2  79  ffff2040035dd400  ID   0.0        0        0  [kworker/79:0H]
      414       2  80  ffff2040035d9500  IN   0.0        0        0  [cpuhp/80]
      415       2  80  ffff2040035dbf00  IN   0.0        0        0  [migration/80]
      416       2  80  ffff2040035e5400  IN   0.0        0        0  [ksoftirqd/80]
      418       2  80  ffff2040035e3f00  ID   0.0        0        0  [kworker/80:0H]
      419       2  81  ffff2040035e0000  IN   0.0        0        0  [cpuhp/81]
      420       2  81  ffff2040035e6900  IN   0.0        0        0  [migration/81]
      421       2  81  ffff2040035e2a00  IN   0.0        0        0  [ksoftirqd/81]
      422       2  81  ffff2040035ebf00  ID   0.0        0        0  [kworker/81:0]
      423       2  81  ffff2040035e8000  ID   0.0        0        0  [kworker/81:0H]
      424       2  82  ffff2040035ee900  IN   0.0        0        0  [cpuhp/82]
      425       2  82  ffff2040035eaa00  IN   0.0        0        0  [migration/82]
      426       2  82  ffff2040035ed400  IN   0.0        0        0  [ksoftirqd/82]
      427       2  82  ffff2040035e9500  ID   0.0        0        0  [kworker/82:0]
      428       2  82  ffff2040035f2a00  ID   0.0        0        0  [kworker/82:0H]
      429       2  83  ffff2040035f5400  IN   0.0        0        0  [cpuhp/83]
      430       2  83  ffff2040035f1500  IN   0.0        0        0  [migration/83]
      431       2  83  ffff2040035f3f00  IN   0.0        0        0  [ksoftirqd/83]
      432       2  83  ffff2040035f0000  ID   0.0        0        0  [kworker/83:0]
      433       2  83  ffff2040035f6900  ID   0.0        0        0  [kworker/83:0H]
      434       2  84  ffff2040037be900  IN   0.0        0        0  [cpuhp/84]
      435       2  84  ffff2040037baa00  IN   0.0        0        0  [migration/84]
      436       2  84  ffff2040037bd400  IN   0.0        0        0  [ksoftirqd/84]
      437       2  84  ffff2040037b9500  ID   0.0        0        0  [kworker/84:0]
      438       2  84  ffff2040037bbf00  ID   0.0        0        0  [kworker/84:0H]
      439       2  85  ffff2040037b8000  IN   0.0        0        0  [cpuhp/85]
      440       2  85  ffff2040037c0000  IN   0.0        0        0  [migration/85]
      441       2  85  ffff2040037c6900  IN   0.0        0        0  [ksoftirqd/85]
      442       2  85  ffff2040037c2a00  ID   0.0        0        0  [kworker/85:0]
      443       2  85  ffff2040037c5400  ID   0.0        0        0  [kworker/85:0H]
      444       2  86  ffff2040037c1500  IN   0.0        0        0  [cpuhp/86]
      445       2  86  ffff2040037c3f00  IN   0.0        0        0  [migration/86]
      446       2  86  ffff2040037c9500  IN   0.0        0        0  [ksoftirqd/86]
      447       2  86  ffff2040037cbf00  ID   0.0        0        0  [kworker/86:0]
      448       2  86  ffff2040037c8000  ID   0.0        0        0  [kworker/86:0H]
      449       2  87  ffff2040037ce900  IN   0.0        0        0  [cpuhp/87]
      450       2  87  ffff2040037caa00  IN   0.0        0        0  [migration/87]
      451       2  87  ffff2040037cd400  IN   0.0        0        0  [ksoftirqd/87]
      452       2  87  ffff2040037d0000  ID   0.0        0        0  [kworker/87:0]
      453       2  87  ffff2040037d6900  ID   0.0        0        0  [kworker/87:0H]
      454       2  88  ffff2040037d2a00  IN   0.0        0        0  [cpuhp/88]
      455       2  88  ffff2040037d5400  IN   0.0        0        0  [migration/88]
      456       2  88  ffff2040037d1500  IN   0.0        0        0  [ksoftirqd/88]
      457       2  88  ffff2040037d3f00  ID   0.0        0        0  [kworker/88:0]
      458       2  88  ffff2040037dd400  ID   0.0        0        0  [kworker/88:0H]
      459       2  89  ffff2040037d9500  IN   0.0        0        0  [cpuhp/89]
      460       2  89  ffff2040037dbf00  IN   0.0        0        0  [migration/89]
      461       2  89  ffff2040037d8000  IN   0.0        0        0  [ksoftirqd/89]
      462       2  89  ffff2040037de900  ID   0.0        0        0  [kworker/89:0]
      463       2  89  ffff2040037daa00  ID   0.0        0        0  [kworker/89:0H]
      464       2  90  ffff2040037e6900  IN   0.0        0        0  [cpuhp/90]
      465       2  90  ffff2040037e2a00  IN   0.0        0        0  [migration/90]
      466       2  90  ffff2040037e5400  IN   0.0        0        0  [ksoftirqd/90]
      468       2  90  ffff2040037e3f00  ID   0.0        0        0  [kworker/90:0H]
      469       2  91  ffff2040037e0000  IN   0.0        0        0  [cpuhp/91]
      470       2  91  ffff204003e12a00  IN   0.0        0        0  [migration/91]
      471       2  91  ffff204003e15400  IN   0.0        0        0  [ksoftirqd/91]
      472       2  91  ffff204003e11500  ID   0.0        0        0  [kworker/91:0]
      473       2  91  ffff204003e13f00  ID   0.0        0        0  [kworker/91:0H]
      474       2  92  ffff204003e10000  IN   0.0        0        0  [cpuhp/92]
      475       2  92  ffff204003e16900  IN   0.0        0        0  [migration/92]
      476       2  92  ffff204003e1d400  IN   0.0        0        0  [ksoftirqd/92]
      477       2  92  ffff204003e19500  ID   0.0        0        0  [kworker/92:0]
      478       2  92  ffff204003e1bf00  ID   0.0        0        0  [kworker/92:0H]
      479       2  93  ffff204003e18000  IN   0.0        0        0  [cpuhp/93]
      480       2  93  ffff204003e1e900  IN   0.0        0        0  [migration/93]
      481       2  93  ffff204003e1aa00  IN   0.0        0        0  [ksoftirqd/93]
      482       2  93  ffff204003e23f00  ID   0.0        0        0  [kworker/93:0]
      483       2  93  ffff204003e20000  ID   0.0        0        0  [kworker/93:0H]
      484       2  94  ffff204003e26900  IN   0.0        0        0  [cpuhp/94]
      485       2  94  ffff204003e22a00  IN   0.0        0        0  [migration/94]
      486       2  94  ffff204003e25400  IN   0.0        0        0  [ksoftirqd/94]
      487       2  94  ffff204003e21500  ID   0.0        0        0  [kworker/94:0]
      488       2  94  ffff204003e36900  ID   0.0        0        0  [kworker/94:0H]
      489       2  95  ffff204003e32a00  IN   0.0        0        0  [cpuhp/95]
      490       2  95  ffff204003e35400  IN   0.0        0        0  [migration/95]
      491       2  95  ffff204003e31500  IN   0.0        0        0  [ksoftirqd/95]
      492       2  95  ffff204003e33f00  ID   0.0        0        0  [kworker/95:0]
      493       2  95  ffff204003e30000  ID   0.0        0        0  [kworker/95:0H]
      494       2  96  ffff4020034b9500  IN   0.0        0        0  [cpuhp/96]
      495       2  96  ffff4020034bbf00  IN   0.0        0        0  [migration/96]
      496       2  96  ffff4020034b8000  IN   0.0        0        0  [ksoftirqd/96]
      498       2  96  ffff4020034baa00  ID   0.0        0        0  [kworker/96:0H]
      499       2  97  ffff4020034bd400  IN   0.0        0        0  [cpuhp/97]
      500       2  97  ffff4020034c0000  IN   0.0        0        0  [migration/97]
      501       2  97  ffff4020034c6900  IN   0.0        0        0  [ksoftirqd/97]
      503       2  97  ffff4020034c5400  ID   0.0        0        0  [kworker/97:0H]
      504       2  98  ffff4020034c1500  IN   0.0        0        0  [cpuhp/98]
      505       2  98  ffff4020034c3f00  IN   0.0        0        0  [migration/98]
      506       2  98  ffff4020034cbf00  IN   0.0        0        0  [ksoftirqd/98]
      507       2  98  ffff4020034c8000  ID   0.0        0        0  [kworker/98:0]
      508       2  98  ffff4020034ce900  ID   0.0        0        0  [kworker/98:0H]
      509       2  99  ffff4020034caa00  IN   0.0        0        0  [cpuhp/99]
      510       2  99  ffff4020034cd400  IN   0.0        0        0  [migration/99]
      511       2  99  ffff4020034c9500  IN   0.0        0        0  [ksoftirqd/99]
      513       2  99  ffff40200378aa00  ID   0.0        0        0  [kworker/99:0H]
      514       2 100  ffff40200378d400  IN   0.0        0        0  [cpuhp/100]
      515       2 100  ffff402003789500  IN   0.0        0        0  [migration/100]
      516       2 100  ffff40200378bf00  IN   0.0        0        0  [ksoftirqd/100]
      517       2 100  ffff402003788000  ID   0.0        0        0  [kworker/100:0]
      518       2 100  ffff402003790000  ID   0.0        0        0  [kworker/100:0H]
      519       2 101  ffff402003796900  IN   0.0        0        0  [cpuhp/101]
      520       2 101  ffff402003792a00  IN   0.0        0        0  [migration/101]
      521       2 101  ffff402003795400  IN   0.0        0        0  [ksoftirqd/101]
      522       2 101  ffff402003791500  ID   0.0        0        0  [kworker/101:0]
      523       2 101  ffff402003793f00  ID   0.0        0        0  [kworker/101:0H]
      524       2 102  ffff40200379e900  IN   0.0        0        0  [cpuhp/102]
      525       2 102  ffff40200379aa00  IN   0.0        0        0  [migration/102]
      526       2 102  ffff40200379d400  IN   0.0        0        0  [ksoftirqd/102]
      528       2 102  ffff40200379bf00  ID   0.0        0        0  [kworker/102:0H]
      529       2 103  ffff402003798000  IN   0.0        0        0  [cpuhp/103]
      530       2 103  ffff4020037a0000  IN   0.0        0        0  [migration/103]
      531       2 103  ffff4020037a6900  IN   0.0        0        0  [ksoftirqd/103]
      533       2 103  ffff4020037a5400  ID   0.0        0        0  [kworker/103:0H]
      534       2 104  ffff4020037a1500  IN   0.0        0        0  [cpuhp/104]
      535       2 104  ffff4020037a3f00  IN   0.0        0        0  [migration/104]
      536       2 104  ffff4020037abf00  IN   0.0        0        0  [ksoftirqd/104]
      537       2 104  ffff4020037a8000  ID   0.0        0        0  [kworker/104:0]
      538       2 104  ffff4020037ae900  ID   0.0        0        0  [kworker/104:0H]
      539       2 105  ffff4020037aaa00  IN   0.0        0        0  [cpuhp/105]
      540       2 105  ffff4020037ad400  IN   0.0        0        0  [migration/105]
      541       2 105  ffff4020037a9500  IN   0.0        0        0  [ksoftirqd/105]
      542       2 105  ffff4020037b3f00  ID   0.0        0        0  [kworker/105:0]
      543       2 105  ffff4020037b0000  ID   0.0        0        0  [kworker/105:0H]
      544       2 106  ffff4020037b6900  IN   0.0        0        0  [cpuhp/106]
      545       2 106  ffff4020037b2a00  IN   0.0        0        0  [migration/106]
      546       2 106  ffff4020037b5400  IN   0.0        0        0  [ksoftirqd/106]
      547       2 106  ffff4020037b1500  ID   0.0        0        0  [kworker/106:0]
      548       2 106  ffff4020037b9500  ID   0.0        0        0  [kworker/106:0H]
      549       2 107  ffff4020037bbf00  IN   0.0        0        0  [cpuhp/107]
      550       2 107  ffff4020037b8000  IN   0.0        0        0  [migration/107]
      551       2 107  ffff4020037be900  IN   0.0        0        0  [ksoftirqd/107]
      552       2 107  ffff4020037baa00  ID   0.0        0        0  [kworker/107:0]
      553       2 107  ffff4020037bd400  ID   0.0        0        0  [kworker/107:0H]
      554       2 108  ffff402003986900  IN   0.0        0        0  [cpuhp/108]
      555       2 108  ffff402003982a00  IN   0.0        0        0  [migration/108]
      556       2 108  ffff402003985400  IN   0.0        0        0  [ksoftirqd/108]
      557       2 108  ffff402003981500  ID   0.0        0        0  [kworker/108:0]
      558       2 108  ffff402003983f00  ID   0.0        0        0  [kworker/108:0H]
      559       2 109  ffff402003980000  IN   0.0        0        0  [cpuhp/109]
      560       2 109  ffff40200398d400  IN   0.0        0        0  [migration/109]
      561       2 109  ffff402003989500  IN   0.0        0        0  [ksoftirqd/109]
      563       2 109  ffff402003988000  ID   0.0        0        0  [kworker/109:0H]
      564       2 110  ffff40200398e900  IN   0.0        0        0  [cpuhp/110]
      565       2 110  ffff40200398aa00  IN   0.0        0        0  [migration/110]
      566       2 110  ffff402003991500  IN   0.0        0        0  [ksoftirqd/110]
      568       2 110  ffff402003990000  ID   0.0        0        0  [kworker/110:0H]
      569       2 111  ffff402003996900  IN   0.0        0        0  [cpuhp/111]
      570       2 111  ffff402003992a00  IN   0.0        0        0  [migration/111]
      571       2 111  ffff402003995400  IN   0.0        0        0  [ksoftirqd/111]
      573       2 111  ffff40200399aa00  ID   0.0        0        0  [kworker/111:0H]
      574       2 112  ffff40200399d400  IN   0.0        0        0  [cpuhp/112]
      575       2 112  ffff402003999500  IN   0.0        0        0  [migration/112]
      576       2 112  ffff40200399bf00  IN   0.0        0        0  [ksoftirqd/112]
      578       2 112  ffff4020039a6900  ID   0.0        0        0  [kworker/112:0H]
      579       2 113  ffff4020039a2a00  IN   0.0        0        0  [cpuhp/113]
      580       2 113  ffff4020039a5400  IN   0.0        0        0  [migration/113]
      581       2 113  ffff4020039a1500  IN   0.0        0        0  [ksoftirqd/113]
      583       2 113  ffff4020039a0000  ID   0.0        0        0  [kworker/113:0H]
      584       2 114  ffff4020039ae900  IN   0.0        0        0  [cpuhp/114]
      585       2 114  ffff4020039aaa00  IN   0.0        0        0  [migration/114]
      586       2 114  ffff4020039ad400  IN   0.0        0        0  [ksoftirqd/114]
      588       2 114  ffff4020039abf00  ID   0.0        0        0  [kworker/114:0H]
      589       2 115  ffff4020039a8000  IN   0.0        0        0  [cpuhp/115]
      590       2 115  ffff402003bebf00  IN   0.0        0        0  [migration/115]
      591       2 115  ffff402003be8000  IN   0.0        0        0  [ksoftirqd/115]
      592       2 115  ffff402003bee900  ID   0.0        0        0  [kworker/115:0]
      593       2 115  ffff402003beaa00  ID   0.0        0        0  [kworker/115:0H]
      594       2 116  ffff402003bed400  IN   0.0        0        0  [cpuhp/116]
      595       2 116  ffff402003be9500  IN   0.0        0        0  [migration/116]
      596       2 116  ffff402003bf0000  IN   0.0        0        0  [ksoftirqd/116]
      598       2 116  ffff402003bf2a00  ID   0.0        0        0  [kworker/116:0H]
      599       2 117  ffff402003bf5400  IN   0.0        0        0  [cpuhp/117]
      600       2 117  ffff402003bf1500  IN   0.0        0        0  [migration/117]
      601       2 117  ffff402003bf3f00  IN   0.0        0        0  [ksoftirqd/117]
      603       2 117  ffff402003bfd400  ID   0.0        0        0  [kworker/117:0H]
      604       2 118  ffff402003bf9500  IN   0.0        0        0  [cpuhp/118]
      605       2 118  ffff402003bfbf00  IN   0.0        0        0  [migration/118]
      606       2 118  ffff402003bf8000  IN   0.0        0        0  [ksoftirqd/118]
      607       2 118  ffff402003bfe900  ID   0.0        0        0  [kworker/118:0]
      608       2 118  ffff402003c09500  ID   0.0        0        0  [kworker/118:0H]
      609       2 119  ffff402003c0bf00  IN   0.0        0        0  [cpuhp/119]
      610       2 119  ffff402003c08000  IN   0.0        0        0  [migration/119]
      611       2 119  ffff402003c0e900  IN   0.0        0        0  [ksoftirqd/119]
      612       2 119  ffff402003c0aa00  ID   0.0        0        0  [kworker/119:0]
      613       2 119  ffff402003c0d400  ID   0.0        0        0  [kworker/119:0H]
      614       2 120  ffff404003283f00  IN   0.0        0        0  [cpuhp/120]
      615       2 120  ffff404003280000  IN   0.0        0        0  [migration/120]
      616       2 120  ffff404003286900  IN   0.0        0        0  [ksoftirqd/120]
      618       2 120  ffff404003285400  ID   0.0        0        0  [kworker/120:0H]
      619       2 121  ffff404003281500  IN   0.0        0        0  [cpuhp/121]
      620       2 121  ffff404003289500  IN   0.0        0        0  [migration/121]
      621       2 121  ffff40400328bf00  IN   0.0        0        0  [ksoftirqd/121]
      622       2 121  ffff404003288000  ID   0.0        0        0  [kworker/121:0]
      623       2 121  ffff40400328e900  ID   0.0        0        0  [kworker/121:0H]
      624       2 122  ffff40400328aa00  IN   0.0        0        0  [cpuhp/122]
      625       2 122  ffff40400328d400  IN   0.0        0        0  [migration/122]
      626       2 122  ffff40400354bf00  IN   0.0        0        0  [ksoftirqd/122]
      627       2 122  ffff404003548000  ID   0.0        0        0  [kworker/122:0]
      628       2 122  ffff40400354e900  ID   0.0        0        0  [kworker/122:0H]
      629       2 123  ffff40400354aa00  IN   0.0        0        0  [cpuhp/123]
      630       2 123  ffff40400354d400  IN   0.0        0        0  [migration/123]
      631       2 123  ffff404003549500  IN   0.0        0        0  [ksoftirqd/123]
      632       2 123  ffff404003550000  ID   0.0        0        0  [kworker/123:0]
      633       2 123  ffff404003556900  ID   0.0        0        0  [kworker/123:0H]
      634       2 124  ffff404003552a00  IN   0.0        0        0  [cpuhp/124]
      635       2 124  ffff404003555400  IN   0.0        0        0  [migration/124]
      636       2 124  ffff404003551500  IN   0.0        0        0  [ksoftirqd/124]
      637       2 124  ffff404003553f00  ID   0.0        0        0  [kworker/124:0]
      638       2 124  ffff40400355e900  ID   0.0        0        0  [kworker/124:0H]
      639       2 125  ffff40400355aa00  IN   0.0        0        0  [cpuhp/125]
      640       2 125  ffff40400355d400  IN   0.0        0        0  [migration/125]
      641       2 125  ffff404003559500  IN   0.0        0        0  [ksoftirqd/125]
      643       2 125  ffff404003558000  ID   0.0        0        0  [kworker/125:0H]
      644       2 126  ffff404003562a00  IN   0.0        0        0  [cpuhp/126]
      645       2 126  ffff404003565400  IN   0.0        0        0  [migration/126]
      646       2 126  ffff404003561500  IN   0.0        0        0  [ksoftirqd/126]
      647       2 126  ffff404003563f00  ID   0.0        0        0  [kworker/126:0]
      648       2 126  ffff404003560000  ID   0.0        0        0  [kworker/126:0H]
      649       2 127  ffff404003566900  IN   0.0        0        0  [cpuhp/127]
      650       2 127  ffff404003568000  IN   0.0        0        0  [migration/127]
      651       2 127  ffff40400356e900  IN   0.0        0        0  [ksoftirqd/127]
      653       2 127  ffff40400356d400  ID   0.0        0        0  [kworker/127:0H]
      654       2 128  ffff404003569500  IN   0.0        0        0  [cpuhp/128]
      655       2 128  ffff40400356bf00  IN   0.0        0        0  [migration/128]
      656       2 128  ffff404003576900  IN   0.0        0        0  [ksoftirqd/128]
      657       2 128  ffff404003572a00  ID   0.0        0        0  [kworker/128:0]
      658       2 128  ffff404003575400  ID   0.0        0        0  [kworker/128:0H]
      659       2 129  ffff404003571500  IN   0.0        0        0  [cpuhp/129]
      660       2 129  ffff404003573f00  IN   0.0        0        0  [migration/129]
      661       2 129  ffff404003570000  IN   0.0        0        0  [ksoftirqd/129]
      663       2 129  ffff40400357d400  ID   0.0        0        0  [kworker/129:0H]
      664       2 130  ffff404003579500  IN   0.0        0        0  [cpuhp/130]
      665       2 130  ffff40400357bf00  IN   0.0        0        0  [migration/130]
      666       2 130  ffff404003578000  IN   0.0        0        0  [ksoftirqd/130]
      667       2 130  ffff40400357e900  ID   0.0        0        0  [kworker/130:0]
      668       2 130  ffff404003779500  ID   0.0        0        0  [kworker/130:0H]
      669       2 131  ffff40400377bf00  IN   0.0        0        0  [cpuhp/131]
      670       2 131  ffff404003778000  IN   0.0        0        0  [migration/131]
      671       2 131  ffff40400377e900  IN   0.0        0        0  [ksoftirqd/131]
      672       2 131  ffff40400377aa00  ID   0.0        0        0  [kworker/131:0]
      673       2 131  ffff40400377d400  ID   0.0        0        0  [kworker/131:0H]
      674       2 132  ffff40400378bf00  IN   0.0        0        0  [cpuhp/132]
      675       2 132  ffff404003788000  IN   0.0        0        0  [migration/132]
      676       2 132  ffff40400378e900  IN   0.0        0        0  [ksoftirqd/132]
      677       2 132  ffff40400378aa00  ID   0.0        0        0  [kworker/132:0]
      678       2 132  ffff40400378d400  ID   0.0        0        0  [kworker/132:0H]
      679       2 133  ffff404003789500  IN   0.0        0        0  [cpuhp/133]
      680       2 133  ffff404003795400  IN   0.0        0        0  [migration/133]
      681       2 133  ffff404003791500  IN   0.0        0        0  [ksoftirqd/133]
      682       2 133  ffff404003793f00  ID   0.0        0        0  [kworker/133:0]
      683       2 133  ffff404003790000  ID   0.0        0        0  [kworker/133:0H]
      684       2 134  ffff404003796900  IN   0.0        0        0  [cpuhp/134]
      685       2 134  ffff404003792a00  IN   0.0        0        0  [migration/134]
      686       2 134  ffff40400379bf00  IN   0.0        0        0  [ksoftirqd/134]
      688       2 134  ffff40400379e900  ID   0.0        0        0  [kworker/134:0H]
      689       2 135  ffff40400379aa00  IN   0.0        0        0  [cpuhp/135]
      690       2 135  ffff40400379d400  IN   0.0        0        0  [migration/135]
      691       2 135  ffff404003799500  IN   0.0        0        0  [ksoftirqd/135]
      692       2 135  ffff4040037a3f00  ID   0.0        0        0  [kworker/135:0]
      693       2 135  ffff4040037a0000  ID   0.0        0        0  [kworker/135:0H]
      694       2 136  ffff4040037a6900  IN   0.0        0        0  [cpuhp/136]
      695       2 136  ffff4040037a2a00  IN   0.0        0        0  [migration/136]
      696       2 136  ffff4040037a5400  IN   0.0        0        0  [ksoftirqd/136]
      697       2 136  ffff4040037a1500  ID   0.0        0        0  [kworker/136:0]
      698       2 136  ffff4040037aaa00  ID   0.0        0        0  [kworker/136:0H]
      699       2 137  ffff4040037ad400  IN   0.0        0        0  [cpuhp/137]
      700       2 137  ffff4040037a9500  IN   0.0        0        0  [migration/137]
      701       2 137  ffff4040037abf00  IN   0.0        0        0  [ksoftirqd/137]
      702       2 137  ffff4040037a8000  ID   0.0        0        0  [kworker/137:0]
      703       2 137  ffff4040037ae900  ID   0.0        0        0  [kworker/137:0H]
      704       2 138  ffff4040039a9500  IN   0.0        0        0  [cpuhp/138]
      705       2 138  ffff4040039abf00  IN   0.0        0        0  [migration/138]
      706       2 138  ffff4040039a8000  IN   0.0        0        0  [ksoftirqd/138]
      707       2 138  ffff4040039ae900  ID   0.0        0        0  [kworker/138:0]
      708       2 138  ffff4040039aaa00  ID   0.0        0        0  [kworker/138:0H]
      709       2 139  ffff4040039ad400  IN   0.0        0        0  [cpuhp/139]
      710       2 139  ffff4040039b2a00  IN   0.0        0        0  [migration/139]
      711       2 139  ffff4040039b5400  IN   0.0        0        0  [ksoftirqd/139]
      712       2 139  ffff4040039b1500  ID   0.0        0        0  [kworker/139:0]
      713       2 139  ffff4040039b3f00  ID   0.0        0        0  [kworker/139:0H]
      714       2 140  ffff4040039b0000  IN   0.0        0        0  [cpuhp/140]
      715       2 140  ffff4040039b6900  IN   0.0        0        0  [migration/140]
      716       2 140  ffff4040039baa00  IN   0.0        0        0  [ksoftirqd/140]
      717       2 140  ffff4040039bd400  ID   0.0        0        0  [kworker/140:0]
      718       2 140  ffff4040039b9500  ID   0.0        0        0  [kworker/140:0H]
      719       2 141  ffff4040039bbf00  IN   0.0        0        0  [cpuhp/141]
      720       2 141  ffff4040039b8000  IN   0.0        0        0  [migration/141]
      721       2 141  ffff4040039be900  IN   0.0        0        0  [ksoftirqd/141]
      723       2 141  ffff4040039c5400  ID   0.0        0        0  [kworker/141:0H]
      724       2 142  ffff4040039c1500  IN   0.0        0        0  [cpuhp/142]
      725       2 142  ffff4040039c3f00  IN   0.0        0        0  [migration/142]
      726       2 142  ffff4040039c0000  IN   0.0        0        0  [ksoftirqd/142]
      727       2 142  ffff4040039c6900  ID   0.0        0        0  [kworker/142:0]
      728       2 142  ffff4040039d0000  ID   0.0        0        0  [kworker/142:0H]
      729       2 143  ffff4040039d6900  IN   0.0        0        0  [cpuhp/143]
      730       2 143  ffff4040039d2a00  IN   0.0        0        0  [migration/143]
      731       2 143  ffff4040039d5400  IN   0.0        0        0  [ksoftirqd/143]
      733       2 143  ffff4040039d3f00  ID   0.0        0        0  [kworker/143:0H]
      734       2 144  ffff602003478000  IN   0.0        0        0  [cpuhp/144]
      735       2 144  ffff60200347e900  IN   0.0        0        0  [migration/144]
      736       2 144  ffff60200347aa00  IN   0.0        0        0  [ksoftirqd/144]
      737       2 144  ffff60200347d400  ID   0.0        0        0  [kworker/144:0]
      738       2 144  ffff602003479500  ID   0.0        0        0  [kworker/144:0H]
      739       2 145  ffff60200347bf00  IN   0.0        0        0  [cpuhp/145]
      740       2 145  ffff602003481500  IN   0.0        0        0  [migration/145]
      741       2 145  ffff602003483f00  IN   0.0        0        0  [ksoftirqd/145]
      742       2 145  ffff602003480000  ID   0.0        0        0  [kworker/145:0]
      743       2 145  ffff602003486900  ID   0.0        0        0  [kworker/145:0H]
      744       2 146  ffff602003482a00  IN   0.0        0        0  [cpuhp/146]
      745       2 146  ffff602003485400  IN   0.0        0        0  [migration/146]
      746       2 146  ffff60200348aa00  IN   0.0        0        0  [ksoftirqd/146]
      747       2 146  ffff60200348d400  ID   0.0        0        0  [kworker/146:0]
      748       2 146  ffff602003489500  ID   0.0        0        0  [kworker/146:0H]
      749       2 147  ffff60200348bf00  IN   0.0        0        0  [cpuhp/147]
      750       2 147  ffff602003488000  IN   0.0        0        0  [migration/147]
      751       2 147  ffff60200348e900  IN   0.0        0        0  [ksoftirqd/147]
      752       2 147  ffff602003491500  ID   0.0        0        0  [kworker/147:0]
      753       2 147  ffff602003493f00  ID   0.0        0        0  [kworker/147:0H]
      754       2 148  ffff602003490000  IN   0.0        0        0  [cpuhp/148]
      755       2 148  ffff602003496900  IN   0.0        0        0  [migration/148]
      756       2 148  ffff602003492a00  IN   0.0        0        0  [ksoftirqd/148]
      757       2 148  ffff602003495400  ID   0.0        0        0  [kworker/148:0]
      758       2 148  ffff6020037caa00  ID   0.0        0        0  [kworker/148:0H]
      759       2 149  ffff6020037cd400  IN   0.0        0        0  [cpuhp/149]
      760       2 149  ffff6020037c9500  IN   0.0        0        0  [migration/149]
      761       2 149  ffff6020037cbf00  IN   0.0        0        0  [ksoftirqd/149]
      762       2 149  ffff6020037c8000  ID   0.0        0        0  [kworker/149:0]
      763       2 149  ffff6020037ce900  ID   0.0        0        0  [kworker/149:0H]
      764       2 150  ffff6020037d0000  IN   0.0        0        0  [cpuhp/150]
      765       2 150  ffff6020037d6900  IN   0.0        0        0  [migration/150]
      766       2 150  ffff6020037d2a00  IN   0.0        0        0  [ksoftirqd/150]
      767       2 150  ffff6020037d5400  ID   0.0        0        0  [kworker/150:0]
      768       2 150  ffff6020037d1500  ID   0.0        0        0  [kworker/150:0H]
      769       2 151  ffff6020037d3f00  IN   0.0        0        0  [cpuhp/151]
      770       2 151  ffff6020037d8000  IN   0.0        0        0  [migration/151]
      771       2 151  ffff6020037de900  IN   0.0        0        0  [ksoftirqd/151]
      772       2 151  ffff6020037daa00  ID   0.0        0        0  [kworker/151:0]
      773       2 151  ffff6020037dd400  ID   0.0        0        0  [kworker/151:0H]
      774       2 152  ffff6020037d9500  IN   0.0        0        0  [cpuhp/152]
      775       2 152  ffff6020037dbf00  IN   0.0        0        0  [migration/152]
      776       2 152  ffff6020037e6900  IN   0.0        0        0  [ksoftirqd/152]
      777       2 152  ffff6020037e2a00  ID   0.0        0        0  [kworker/152:0]
      778       2 152  ffff6020037e5400  ID   0.0        0        0  [kworker/152:0H]
      779       2 153  ffff6020037e1500  IN   0.0        0        0  [cpuhp/153]
      780       2 153  ffff6020037e3f00  IN   0.0        0        0  [migration/153]
      781       2 153  ffff6020037e0000  IN   0.0        0        0  [ksoftirqd/153]
      782       2 153  ffff6020037e8000  ID   0.0        0        0  [kworker/153:0]
      783       2 153  ffff6020037ee900  ID   0.0        0        0  [kworker/153:0H]
      784       2 154  ffff6020037eaa00  IN   0.0        0        0  [cpuhp/154]
      785       2 154  ffff6020037ed400  IN   0.0        0        0  [migration/154]
      786       2 154  ffff6020037e9500  IN   0.0        0        0  [ksoftirqd/154]
      787       2 154  ffff6020037ebf00  ID   0.0        0        0  [kworker/154:0]
      788       2 154  ffff6020037f3f00  ID   0.0        0        0  [kworker/154:0H]
      789       2 155  ffff6020037f0000  IN   0.0        0        0  [cpuhp/155]
      790       2 155  ffff6020037f6900  IN   0.0        0        0  [migration/155]
      791       2 155  ffff6020037f2a00  IN   0.0        0        0  [ksoftirqd/155]
      792       2 155  ffff6020037f5400  ID   0.0        0        0  [kworker/155:0]
      793       2 155  ffff6020037f1500  ID   0.0        0        0  [kworker/155:0H]
      794       2 156  ffff6020039fd400  IN   0.0        0        0  [cpuhp/156]
      795       2 156  ffff6020039f9500  IN   0.0        0        0  [migration/156]
      796       2 156  ffff6020039fbf00  IN   0.0        0        0  [ksoftirqd/156]
      797       2 156  ffff6020039f8000  ID   0.0        0        0  [kworker/156:0]
      798       2 156  ffff6020039fe900  ID   0.0        0        0  [kworker/156:0H]
      799       2 157  ffff6020039faa00  IN   0.0        0        0  [cpuhp/157]
      800       2 157  ffff602003a01500  IN   0.0        0        0  [migration/157]
      801       2 157  ffff602003a03f00  IN   0.0        0        0  [ksoftirqd/157]
      802       2 157  ffff602003a00000  ID   0.0        0        0  [kworker/157:0]
      803       2 157  ffff602003a06900  ID   0.0        0        0  [kworker/157:0H]
      804       2 158  ffff602003a02a00  IN   0.0        0        0  [cpuhp/158]
      805       2 158  ffff602003a05400  IN   0.0        0        0  [migration/158]
      806       2 158  ffff602003a0bf00  IN   0.0        0        0  [ksoftirqd/158]
      807       2 158  ffff602003a08000  ID   0.0        0        0  [kworker/158:0]
      808       2 158  ffff602003a0e900  ID   0.0        0        0  [kworker/158:0H]
      809       2 159  ffff602003a0aa00  IN   0.0        0        0  [cpuhp/159]
      810       2 159  ffff602003a0d400  IN   0.0        0        0  [migration/159]
      811       2 159  ffff602003a09500  IN   0.0        0        0  [ksoftirqd/159]
      812       2 159  ffff602003a15400  ID   0.0        0        0  [kworker/159:0]
      813       2 159  ffff602003a11500  ID   0.0        0        0  [kworker/159:0H]
      814       2 160  ffff602003a13f00  IN   0.0        0        0  [cpuhp/160]
      815       2 160  ffff602003a10000  IN   0.0        0        0  [migration/160]
      816       2 160  ffff602003a16900  IN   0.0        0        0  [ksoftirqd/160]
      817       2 160  ffff602003a12a00  ID   0.0        0        0  [kworker/160:0]
      818       2 160  ffff602003a1aa00  ID   0.0        0        0  [kworker/160:0H]
      819       2 161  ffff602003a1d400  IN   0.0        0        0  [cpuhp/161]
      820       2 161  ffff602003a19500  IN   0.0        0        0  [migration/161]
      821       2 161  ffff602003a1bf00  IN   0.0        0        0  [ksoftirqd/161]
      822       2 161  ffff602003a18000  ID   0.0        0        0  [kworker/161:0]
      823       2 161  ffff602003a1e900  ID   0.0        0        0  [kworker/161:0H]
      824       2 162  ffff602003a20000  IN   0.0        0        0  [cpuhp/162]
      825       2 162  ffff602003a26900  IN   0.0        0        0  [migration/162]
      826       2 162  ffff602003a22a00  IN   0.0        0        0  [ksoftirqd/162]
      827       2 162  ffff602003a25400  ID   0.0        0        0  [kworker/162:0]
      828       2 162  ffff602003a21500  ID   0.0        0        0  [kworker/162:0H]
      829       2 163  ffff602003a23f00  IN   0.0        0        0  [cpuhp/163]
      830       2 163  ffff602003a2d400  IN   0.0        0        0  [migration/163]
      831       2 163  ffff602003a29500  IN   0.0        0        0  [ksoftirqd/163]
      832       2 163  ffff602003a2bf00  ID   0.0        0        0  [kworker/163:0]
      833       2 163  ffff602003a28000  ID   0.0        0        0  [kworker/163:0H]
      834       2 164  ffff602003a2e900  IN   0.0        0        0  [cpuhp/164]
      835       2 164  ffff602003a2aa00  IN   0.0        0        0  [migration/164]
      836       2 164  ffff602004018000  IN   0.0        0        0  [ksoftirqd/164]
      837       2 164  ffff60200401e900  ID   0.0        0        0  [kworker/164:0]
      838       2 164  ffff60200401aa00  ID   0.0        0        0  [kworker/164:0H]
      839       2 165  ffff60200401d400  IN   0.0        0        0  [cpuhp/165]
      840       2 165  ffff602004019500  IN   0.0        0        0  [migration/165]
      841       2 165  ffff60200401bf00  IN   0.0        0        0  [ksoftirqd/165]
      842       2 165  ffff602004026900  ID   0.0        0        0  [kworker/165:0]
      843       2 165  ffff602004022a00  ID   0.0        0        0  [kworker/165:0H]
      844       2 166  ffff602004025400  IN   0.0        0        0  [cpuhp/166]
      845       2 166  ffff602004021500  IN   0.0        0        0  [migration/166]
      846       2 166  ffff602004023f00  IN   0.0        0        0  [ksoftirqd/166]
      847       2 166  ffff602004020000  ID   0.0        0        0  [kworker/166:0]
      848       2 166  ffff602004032a00  ID   0.0        0        0  [kworker/166:0H]
      849       2 167  ffff602004035400  IN   0.0        0        0  [cpuhp/167]
      850       2 167  ffff602004031500  IN   0.0        0        0  [migration/167]
      851       2 167  ffff602004033f00  IN   0.0        0        0  [ksoftirqd/167]
      852       2 167  ffff602004030000  ID   0.0        0        0  [kworker/167:0]
      853       2 167  ffff602004036900  ID   0.0        0        0  [kworker/167:0H]
      854       2 168  ffff6040032b6900  IN   0.0        0        0  [cpuhp/168]
      855       2 168  ffff6040032b2a00  IN   0.0        0        0  [migration/168]
      856       2 168  ffff6040032b5400  IN   0.0        0        0  [ksoftirqd/168]
      857       2 168  ffff6040032b1500  ID   0.0        0        0  [kworker/168:0]
      858       2 168  ffff6040032b3f00  ID   0.0        0        0  [kworker/168:0H]
      859       2 169  ffff6040032b0000  IN   0.0        0        0  [cpuhp/169]
      860       2 169  ffff6040032b9500  IN   0.0        0        0  [migration/169]
      861       2 169  ffff6040032bbf00  IN   0.0        0        0  [ksoftirqd/169]
      862       2 169  ffff6040032b8000  ID   0.0        0        0  [kworker/169:0]
      863       2 169  ffff6040032be900  ID   0.0        0        0  [kworker/169:0H]
      864       2 170  ffff6040032baa00  IN   0.0        0        0  [cpuhp/170]
      865       2 170  ffff6040032bd400  IN   0.0        0        0  [migration/170]
      866       2 170  ffff6040032c3f00  IN   0.0        0        0  [ksoftirqd/170]
      868       2 170  ffff6040032c6900  ID   0.0        0        0  [kworker/170:0H]
      869       2 171  ffff6040032c2a00  IN   0.0        0        0  [cpuhp/171]
      870       2 171  ffff6040032c5400  IN   0.0        0        0  [migration/171]
      871       2 171  ffff6040032c1500  IN   0.0        0        0  [ksoftirqd/171]
      872       2 171  ffff6040032c9500  ID   0.0        0        0  [kworker/171:0]
      873       2 171  ffff6040032cbf00  ID   0.0        0        0  [kworker/171:0H]
      874       2 172  ffff6040032c8000  IN   0.0        0        0  [cpuhp/172]
      875       2 172  ffff6040032ce900  IN   0.0        0        0  [migration/172]
      876       2 172  ffff6040032caa00  IN   0.0        0        0  [ksoftirqd/172]
      877       2 172  ffff6040032cd400  ID   0.0        0        0  [kworker/172:0]
      878       2 172  ffff6040039c3f00  ID   0.0        0        0  [kworker/172:0H]
      879       2 173  ffff6040039c0000  IN   0.0        0        0  [cpuhp/173]
      880       2 173  ffff6040039c6900  IN   0.0        0        0  [migration/173]
      881       2 173  ffff6040039c2a00  IN   0.0        0        0  [ksoftirqd/173]
      882       2 173  ffff6040039c5400  ID   0.0        0        0  [kworker/173:0]
      883       2 173  ffff6040039c1500  ID   0.0        0        0  [kworker/173:0H]
      884       2 174  ffff6040039c9500  IN   0.0        0        0  [cpuhp/174]
      885       2 174  ffff6040039cbf00  IN   0.0        0        0  [migration/174]
      886       2 174  ffff6040039c8000  IN   0.0        0        0  [ksoftirqd/174]
      887       2 174  ffff6040039ce900  ID   0.0        0        0  [kworker/174:0]
      888       2 174  ffff6040039caa00  ID   0.0        0        0  [kworker/174:0H]
      889       2 175  ffff6040039cd400  IN   0.0        0        0  [cpuhp/175]
      890       2 175  ffff6040039d0000  IN   0.0        0        0  [migration/175]
      891       2 175  ffff6040039d6900  IN   0.0        0        0  [ksoftirqd/175]
      892       2 175  ffff6040039d2a00  ID   0.0        0        0  [kworker/175:0]
      893       2 175  ffff6040039d5400  ID   0.0        0        0  [kworker/175:0H]
      894       2 176  ffff6040039d1500  IN   0.0        0        0  [cpuhp/176]
      895       2 176  ffff6040039d3f00  IN   0.0        0        0  [migration/176]
      896       2 176  ffff6040039dd400  IN   0.0        0        0  [ksoftirqd/176]
      897       2 176  ffff6040039d9500  ID   0.0        0        0  [kworker/176:0]
      898       2 176  ffff6040039dbf00  ID   0.0        0        0  [kworker/176:0H]
      899       2 177  ffff6040039d8000  IN   0.0        0        0  [cpuhp/177]
      900       2 177  ffff6040039de900  IN   0.0        0        0  [migration/177]
      901       2 177  ffff6040039daa00  IN   0.0        0        0  [ksoftirqd/177]
      902       2 177  ffff6040039e6900  ID   0.0        0        0  [kworker/177:0]
      903       2 177  ffff6040039e2a00  ID   0.0        0        0  [kworker/177:0H]
      904       2 178  ffff6040039e5400  IN   0.0        0        0  [cpuhp/178]
      905       2 178  ffff6040039e1500  IN   0.0        0        0  [migration/178]
      906       2 178  ffff6040039e3f00  IN   0.0        0        0  [ksoftirqd/178]
      907       2 178  ffff6040039e0000  ID   0.0        0        0  [kworker/178:0]
      908       2 178  ffff6040039ee900  ID   0.0        0        0  [kworker/178:0H]
      909       2 179  ffff6040039eaa00  IN   0.0        0        0  [cpuhp/179]
      910       2 179  ffff6040039ed400  IN   0.0        0        0  [migration/179]
      911       2 179  ffff6040039e9500  IN   0.0        0        0  [ksoftirqd/179]
      912       2 179  ffff6040039ebf00  ID   0.0        0        0  [kworker/179:0]
      913       2 179  ffff6040039e8000  ID   0.0        0        0  [kworker/179:0H]
      914       2 180  ffff604003bf6900  IN   0.0        0        0  [cpuhp/180]
      915       2 180  ffff604003bf2a00  IN   0.0        0        0  [migration/180]
      916       2 180  ffff604003bf5400  IN   0.0        0        0  [ksoftirqd/180]
      917       2 180  ffff604003bf1500  ID   0.0        0        0  [kworker/180:0]
      918       2 180  ffff604003bf3f00  ID   0.0        0        0  [kworker/180:0H]
      919       2 181  ffff604003bf0000  IN   0.0        0        0  [cpuhp/181]
      920       2 181  ffff604003bf9500  IN   0.0        0        0  [migration/181]
      921       2 181  ffff604003bfbf00  IN   0.0        0        0  [ksoftirqd/181]
      922       2 181  ffff604003bf8000  ID   0.0        0        0  [kworker/181:0]
      923       2 181  ffff604003bfe900  ID   0.0        0        0  [kworker/181:0H]
      924       2 182  ffff604003bfaa00  IN   0.0        0        0  [cpuhp/182]
      925       2 182  ffff604003bfd400  IN   0.0        0        0  [migration/182]
      926       2 182  ffff604003c00000  IN   0.0        0        0  [ksoftirqd/182]
      927       2 182  ffff604003c06900  ID   0.0        0        0  [kworker/182:0]
      928       2 182  ffff604003c02a00  ID   0.0        0        0  [kworker/182:0H]
      929       2 183  ffff604003c05400  IN   0.0        0        0  [cpuhp/183]
      930       2 183  ffff604003c01500  IN   0.0        0        0  [migration/183]
      931       2 183  ffff604003c03f00  IN   0.0        0        0  [ksoftirqd/183]
      932       2 183  ffff604003c08000  ID   0.0        0        0  [kworker/183:0]
      933       2 183  ffff604003c0e900  ID   0.0        0        0  [kworker/183:0H]
      934       2 184  ffff604003c0aa00  IN   0.0        0        0  [cpuhp/184]
      935       2 184  ffff604003c0d400  IN   0.0        0        0  [migration/184]
      936       2 184  ffff604003c09500  IN   0.0        0        0  [ksoftirqd/184]
      937       2 184  ffff604003c0bf00  ID   0.0        0        0  [kworker/184:0]
      938       2 184  ffff604003c11500  ID   0.0        0        0  [kworker/184:0H]
      939       2 185  ffff604003c13f00  IN   0.0        0        0  [cpuhp/185]
      940       2 185  ffff604003c10000  IN   0.0        0        0  [migration/185]
      941       2 185  ffff604003c16900  IN   0.0        0        0  [ksoftirqd/185]
      942       2 185  ffff604003c12a00  ID   0.0        0        0  [kworker/185:0]
      943       2 185  ffff604003c15400  ID   0.0        0        0  [kworker/185:0H]
      944       2 186  ffff604003c18000  IN   0.0        0        0  [cpuhp/186]
      945       2 186  ffff604003c1e900  IN   0.0        0        0  [migration/186]
      946       2 186  ffff604003c1aa00  IN   0.0        0        0  [ksoftirqd/186]
      947       2 186  ffff604003c1d400  ID   0.0        0        0  [kworker/186:0]
      948       2 186  ffff604003c19500  ID   0.0        0        0  [kworker/186:0H]
      949       2 187  ffff604003c1bf00  IN   0.0        0        0  [cpuhp/187]
      950       2 187  ffff604003c23f00  IN   0.0        0        0  [migration/187]
      951       2 187  ffff604003c20000  IN   0.0        0        0  [ksoftirqd/187]
      952       2 187  ffff604003c26900  ID   0.0        0        0  [kworker/187:0]
      953       2 187  ffff604003c22a00  ID   0.0        0        0  [kworker/187:0H]
      954       2 188  ffff604003c25400  IN   0.0        0        0  [cpuhp/188]
      955       2 188  ffff604003c21500  IN   0.0        0        0  [migration/188]
      956       2 188  ffff604004213f00  IN   0.0        0        0  [ksoftirqd/188]
      957       2 188  ffff604004210000  ID   0.0        0        0  [kworker/188:0]
      958       2 188  ffff604004216900  ID   0.0        0        0  [kworker/188:0H]
      959       2 189  ffff604004212a00  IN   0.0        0        0  [cpuhp/189]
      960       2 189  ffff604004215400  IN   0.0        0        0  [migration/189]
      961       2 189  ffff604004211500  IN   0.0        0        0  [ksoftirqd/189]
      962       2 189  ffff60400421bf00  ID   0.0        0        0  [kworker/189:0]
      963       2 189  ffff604004218000  ID   0.0        0        0  [kworker/189:0H]
      964       2 190  ffff60400421e900  IN   0.0        0        0  [cpuhp/190]
      965       2 190  ffff60400421aa00  IN   0.0        0        0  [migration/190]
      966       2 190  ffff60400421d400  IN   0.0        0        0  [ksoftirqd/190]
      967       2 190  ffff604004219500  ID   0.0        0        0  [kworker/190:0]
      968       2 190  ffff60400422aa00  ID   0.0        0        0  [kworker/190:0H]
      969       2 191  ffff60400422d400  IN   0.0        0        0  [cpuhp/191]
      970       2 191  ffff604004229500  IN   0.0        0        0  [migration/191]
      971       2 191  ffff60400422bf00  IN   0.0        0        0  [ksoftirqd/191]
      972       2 191  ffff604004228000  ID   0.0        0        0  [kworker/191:0]
      973       2 191  ffff60400422e900  ID   0.0        0        0  [kworker/191:0H]
      974       2 191  ffff604004232a00  ID   0.0        0        0  [kworker/191:1]
      976       2  47  ffff0040042c5400  ID   0.0        0        0  [kworker/u386:0]
      977       2  48  ffff202004129500  ID   0.0        0        0  [kworker/u387:0]
      978       2  78  ffff204003f96900  ID   0.0        0        0  [kworker/u388:0]
      979       2 119  ffff402004156900  ID   0.0        0        0  [kworker/u389:0]
      980       2 129  ffff404003f65400  ID   0.0        0        0  [kworker/u390:0]
      981       2 179  ffff602004152a00  ID   0.0        0        0  [kworker/u391:0]
      982       2 179  ffff604004235400  ID   0.0        0        0  [kworker/u392:0]
      983       2 142  ffff604004231500  IN   0.0        0        0  [kdevtmpfs]
      984       2  10  ffff604004233f00  ID   0.0        0        0  [kworker/R-inet_]
      985       2 179  ffff604004230000  IN   0.0        0        0  [kauditd]
      987       2   2  ffff00202618aa00  ID   0.0        0        0  [kworker/2:2]
      988       2 179  ffff00202618d400  IN   0.0        0        0  [khungtaskd]
      989       2  22  ffff002026189500  ID   0.0        0        0  [kworker/u385:1]
      990       2  14  ffff00202618bf00  IN   0.0        0        0  [oom_reaper]
      991       2  15  ffff00202622aa00  ID   0.0        0        0  [kworker/R-write]
      992       2  16  ffff00202622d400  IN   0.0        0        0  [kcompactd0]
      993       2  28  ffff002026229500  IN   0.0        0        0  [kcompactd1]
      994       2  60  ffff00202622bf00  IN   0.0        0        0  [kcompactd2]
      995       2  75  ffff002026228000  IN   0.0        0        0  [kcompactd3]
      996       2  98  ffff00202622e900  IN   0.0        0        0  [kcompactd4]
      997       2 127  ffff002026239500  IN   0.0        0        0  [kcompactd5]
      998       2 153  ffff00202623bf00  IN   0.0        0        0  [kcompactd6]
      999       2 173  ffff002026238000  IN   0.0        0        0  [kcompactd7]
     1000       2  17  ffff00202623e900  IN   0.0        0        0  [ksmd]
     1001       2 179  ffff00202623aa00  IN   0.0        0        0  [khugepaged]
     1002       2  24  ffff00202623d400  ID   0.0        0        0  [kworker/R-kinte]
     1003       2  19  ffff002026241500  ID   0.0        0        0  [kworker/R-kbloc]
     1004       2  20  ffff002026243f00  ID   0.0        0        0  [kworker/R-blkcg]
     1005       2   3  ffff002026240000  ID   0.0        0        0  [kworker/3:1]
     1006       2   7  ffff002026905400  ID   0.0        0        0  [kworker/7:1]
     1007       2   9  ffff002026901500  ID   0.0        0        0  [kworker/R-tpm_d]
     1008       2  10  ffff002026903f00  ID   0.0        0        0  [kworker/R-md]
     1009       2  21  ffff002026900000  ID   0.0        0        0  [kworker/R-md_bi]
     1010       2  22  ffff002026906900  ID   0.0        0        0  [kworker/R-edac-]
     1011       2  24  ffff002026902a00  ID   0.0        0        0  [kworker/u384:1]
     1012       2   1  ffff002026923f00  ID   0.0        0        0  [kworker/1:1]
     1013       2   4  ffff002026920000  ID   0.0        0        0  [kworker/4:1]
     1014       2   5  ffff002026926900  ID   0.0        0        0  [kworker/5:1]
     1015       2   6  ffff002026922a00  ID   0.0        0        0  [kworker/6:1]
     1016       2   9  ffff002026925400  ID   0.0        0        0  [kworker/9:1]
     1017       2  10  ffff002026921500  ID   0.0        0        0  [kworker/10:1]
     1018       2  11  ffff00202692e900  ID   0.0        0        0  [kworker/11:1]
     1019       2  12  ffff00202692aa00  ID   0.0        0        0  [kworker/12:1]
     1021       2  14  ffff002026929500  ID   0.0        0        0  [kworker/14:1]
     1022       2  15  ffff00202692bf00  ID   0.0        0        0  [kworker/15:1]
     1023       2  18  ffff002026928000  ID   0.0        0        0  [kworker/18:1]
     1024       2  16  ffff002027471500  ID   0.0        0        0  [kworker/16:1]
     1025       2  17  ffff002027473f00  ID   0.0        0        0  [kworker/17:1]
     1026       2  19  ffff002027470000  ID   0.0        0        0  [kworker/19:1]
     1027       2  21  ffff002027476900  ID   0.0        0        0  [kworker/21:1]
     1028       2  20  ffff002027472a00  ID   0.0        0        0  [kworker/20:1]
     1029       2  22  ffff002027475400  ID   0.0        0        0  [kworker/22:1]
     1030       2  23  ffff002027479500  ID   0.0        0        0  [kworker/23:1]
     1031       2  27  ffff0040042c1500  ID   0.0        0        0  [kworker/27:1]
     1032       2  24  ffff0040042c3f00  ID   0.0        0        0  [kworker/24:1]
     1034       2  26  ffff0040042c6900  ID   0.0        0        0  [kworker/26:1]
     1035       2  28  ffff0040042c2a00  ID   0.0        0        0  [kworker/28:1]
     1036       2  29  ffff004005578000  ID   0.0        0        0  [kworker/29:1]
     1037       2  30  ffff00400557e900  ID   0.0        0        0  [kworker/30:1]
     1039       2  32  ffff00400557d400  ID   0.0        0        0  [kworker/32:1]
     1040       2  33  ffff004005579500  ID   0.0        0        0  [kworker/33:1]
     1041       2  34  ffff00400557bf00  ID   0.0        0        0  [kworker/34:1]
     1042       2  35  ffff004005583f00  ID   0.0        0        0  [kworker/35:1]
     1043       2  36  ffff004005580000  ID   0.0        0        0  [kworker/36:1]
     1045       2  38  ffff004005582a00  ID   0.0        0        0  [kworker/38:1]
     1046       2  39  ffff004005585400  ID   0.0        0        0  [kworker/39:1]
     1047       2  41  ffff004005581500  ID   0.0        0        0  [kworker/41:1]
     1048       2  40  ffff00400558bf00  ID   0.0        0        0  [kworker/40:1]
     1049       2  42  ffff004005588000  ID   0.0        0        0  [kworker/42:1]
     1050       2  43  ffff00400558e900  ID   0.0        0        0  [kworker/43:1]
     1051       2  45  ffff00400558aa00  ID   0.0        0        0  [kworker/45:1]
     1052       2  44  ffff00400558d400  ID   0.0        0        0  [kworker/44:1]
     1053       2  46  ffff004005589500  ID   0.0        0        0  [kworker/46:1]
     1054       2  47  ffff004005593f00  ID   0.0        0        0  [kworker/47:1]
     1056       2  49  ffff202004128000  ID   0.0        0        0  [kworker/49:1]
     1057       2  50  ffff20200412e900  ID   0.0        0        0  [kworker/50:1]
     1058       2  51  ffff20200412aa00  ID   0.0        0        0  [kworker/51:1]
     1059       2  52  ffff20200412d400  ID   0.0        0        0  [kworker/52:1]
     1060       2  53  ffff202005329500  ID   0.0        0        0  [kworker/53:1]
     1061       2  54  ffff20200532bf00  ID   0.0        0        0  [kworker/54:1]
     1062       2  55  ffff202005328000  ID   0.0        0        0  [kworker/55:1]
     1063       2  56  ffff20200532e900  ID   0.0        0        0  [kworker/56:1]
     1064       2  57  ffff20200532aa00  ID   0.0        0        0  [kworker/57:1]
     1065       2  58  ffff20200532d400  ID   0.0        0        0  [kworker/58:1]
     1066       2  59  ffff202005336900  ID   0.0        0        0  [kworker/59:1]
     1067       2  60  ffff202005332a00  ID   0.0        0        0  [kworker/60:1]
     1068       2  61  ffff202005335400  ID   0.0        0        0  [kworker/61:1]
     1069       2  62  ffff202005331500  ID   0.0        0        0  [kworker/62:1]
     1070       2  63  ffff202005333f00  ID   0.0        0        0  [kworker/63:1]
     1071       2   7  ffff202005330000  ID   0.0        0        0  [kworker/R-devfr]
     1072       2  64  ffff20200533bf00  ID   0.0        0        0  [kworker/64:1]
     1073       2  65  ffff202005338000  ID   0.0        0        0  [kworker/65:1]
     1074       2  66  ffff20200533e900  ID   0.0        0        0  [kworker/66:1]
     1075       2  67  ffff20200533aa00  ID   0.0        0        0  [kworker/67:1]
     1076       2  69  ffff20200533d400  ID   0.0        0        0  [kworker/69:1]
     1077       2  68  ffff202005339500  ID   0.0        0        0  [kworker/68:1]
     1078       2  70  ffff202005343f00  ID   0.0        0        0  [kworker/70:1]
     1079       2  71  ffff202005340000  ID   0.0        0        0  [kworker/71:1]
     1080       2  73  ffff204003f92a00  ID   0.0        0        0  [kworker/73:1]
     1081       2  72  ffff204003f95400  ID   0.0        0        0  [kworker/72:1]
     1082       2  74  ffff204003f91500  ID   0.0        0        0  [kworker/74:1]
     1083       2  75  ffff204003f93f00  ID   0.0        0        0  [kworker/75:1]
     1084       2  76  ffff204003f90000  ID   0.0        0        0  [kworker/76:1]
     1086       2  78  ffff2040055b3f00  ID   0.0        0        0  [kworker/78:1]
     1087       2  79  ffff2040055b0000  ID   0.0        0        0  [kworker/79:1]
     1088       2  80  ffff2040055b6900  ID   0.0        0        0  [kworker/80:1]
     1089       2  81  ffff2040055b2a00  ID   0.0        0        0  [kworker/81:1]
     1090       2  82  ffff2040055b5400  ID   0.0        0        0  [kworker/82:1]
     1091       2  83  ffff2040055bbf00  ID   0.0        0        0  [kworker/83:1]
     1092       2  84  ffff2040055b8000  ID   0.0        0        0  [kworker/84:1]
     1093       2  85  ffff2040055be900  ID   0.0        0        0  [kworker/85:1]
     1094       2  86  ffff2040055baa00  ID   0.0        0        0  [kworker/86:1]
     1095       2  87  ffff2040055bd400  ID   0.0        0        0  [kworker/87:1]
     1096       2  88  ffff2040055b9500  ID   0.0        0        0  [kworker/88:1]
     1097       2  89  ffff2040055c2a00  ID   0.0        0        0  [kworker/89:1]
     1098       2  90  ffff2040055c5400  ID   0.0        0        0  [kworker/90:1]
     1099       2  91  ffff2040055c1500  ID   0.0        0        0  [kworker/91:1]
     1100       2  92  ffff2040055c3f00  ID   0.0        0        0  [kworker/92:1]
     1101       2  93  ffff2040055c0000  ID   0.0        0        0  [kworker/93:1]
     1102       2  94  ffff2040055c6900  ID   0.0        0        0  [kworker/94:1]
     1103       2  95  ffff2040055c9500  ID   0.0        0        0  [kworker/95:1]
     1104       2  96  ffff402004152a00  ID   0.0        0        0  [kworker/96:1]
     1105       2  97  ffff402004155400  ID   0.0        0        0  [kworker/97:1]
     1106       2  98  ffff402004151500  ID   0.0        0        0  [kworker/98:1]
     1108       2 100  ffff402004150000  ID   0.0        0        0  [kworker/100:1]
     1109       2 101  ffff4020052f6900  ID   0.0        0        0  [kworker/101:1]
     1110       2 102  ffff4020052f2a00  ID   0.0        0        0  [kworker/102:1]
     1111       2 103  ffff4020052f5400  ID   0.0        0        0  [kworker/103:1]
     1112       2 105  ffff4020052f1500  ID   0.0        0        0  [kworker/105:1]
     1113       2 104  ffff4020052f3f00  ID   0.0        0        0  [kworker/104:1]
     1114       2 106  ffff4020052f0000  ID   0.0        0        0  [kworker/106:1]
     1115       2 107  ffff4020052f8000  ID   0.0        0        0  [kworker/107:1]
     1116       2 108  ffff4020052fe900  ID   0.0        0        0  [kworker/108:1]
     1117       2 109  ffff4020052faa00  ID   0.0        0        0  [kworker/109:1]
     1118       2 110  ffff4020052fd400  ID   0.0        0        0  [kworker/110:1]
     1119       2 111  ffff4020052f9500  ID   0.0        0        0  [kworker/111:1]
     1120       2 112  ffff4020052fbf00  ID   0.0        0        0  [kworker/112:1]
     1121       2 113  ffff402005302a00  ID   0.0        0        0  [kworker/113:1]
     1122       2 114  ffff402005305400  ID   0.0        0        0  [kworker/114:1]
     1123       2 115  ffff402005301500  ID   0.0        0        0  [kworker/115:1]
     1124       2 117  ffff402005303f00  ID   0.0        0        0  [kworker/117:1]
     1125       2 116  ffff402005300000  ID   0.0        0        0  [kworker/116:1]
     1126       2 118  ffff402005306900  ID   0.0        0        0  [kworker/118:1]
     1127       2 119  ffff402005309500  ID   0.0        0        0  [kworker/119:1]
     1128       2 120  ffff404003f61500  ID   0.0        0        0  [kworker/120:1]
     1129       2 121  ffff404003f63f00  ID   0.0        0        0  [kworker/121:1]
     1130       2 122  ffff404003f60000  ID   0.0        0        0  [kworker/122:1]
     1131       2 123  ffff404003f66900  ID   0.0        0        0  [kworker/123:1]
     1132       2 124  ffff404003f62a00  ID   0.0        0        0  [kworker/124:1]
     1133       2 125  ffff4040055b5400  ID   0.0        0        0  [kworker/125:1]
     1134       2 126  ffff4040055b1500  ID   0.0        0        0  [kworker/126:1]
     1135       2 127  ffff4040055b3f00  ID   0.0        0        0  [kworker/127:1]
     1136       2 128  ffff4040055b0000  ID   0.0        0        0  [kworker/128:1]
     1137       2 129  ffff4040055b6900  ID   0.0        0        0  [kworker/129:1]
     1138       2 130  ffff4040055b2a00  ID   0.0        0        0  [kworker/130:1]
     1139       2 131  ffff4040055bbf00  ID   0.0        0        0  [kworker/131:1]
     1140       2 133  ffff4040055b8000  ID   0.0        0        0  [kworker/133:1]
     1141       2 132  ffff4040055be900  ID   0.0        0        0  [kworker/132:1]
     1142       2 134  ffff4040055baa00  ID   0.0        0        0  [kworker/134:1]
     1143       2 135  ffff4040055bd400  ID   0.0        0        0  [kworker/135:1]
     1144       2 137  ffff4040055b9500  ID   0.0        0        0  [kworker/137:1]
     1145       2 136  ffff4040055c5400  ID   0.0        0        0  [kworker/136:1]
     1146       2 138  ffff4040055c1500  ID   0.0        0        0  [kworker/138:1]
     1147       2 139  ffff4040055c3f00  ID   0.0        0        0  [kworker/139:1]
     1148       2 141  ffff4040055c0000  ID   0.0        0        0  [kworker/141:1]
     1149       2 140  ffff4040055c6900  ID   0.0        0        0  [kworker/140:1]
     1150       2 142  ffff4040055c2a00  ID   0.0        0        0  [kworker/142:1]
     1151       2 143  ffff4040055c9500  ID   0.0        0        0  [kworker/143:1]
     1152       2 145  ffff602004155400  ID   0.0        0        0  [kworker/145:1]
     1153       2 144  ffff602004151500  ID   0.0        0        0  [kworker/144:1]
     1154       2 146  ffff602004153f00  ID   0.0        0        0  [kworker/146:1]
     1155       2 147  ffff602004150000  ID   0.0        0        0  [kworker/147:1]
     1156       2 148  ffff602004156900  ID   0.0        0        0  [kworker/148:1]
     1157       2 149  ffff602005d52a00  ID   0.0        0        0  [kworker/149:1]
     1158       2 150  ffff602005d55400  ID   0.0        0        0  [kworker/150:1]
     1159       2 151  ffff602005d51500  ID   0.0        0        0  [kworker/151:1]
     1160       2 152  ffff602005d53f00  ID   0.0        0        0  [kworker/152:1]
     1161       2 153  ffff602005d50000  ID   0.0        0        0  [kworker/153:1]
     1162       2 154  ffff602005d56900  ID   0.0        0        0  [kworker/154:1]
     1163       2 155  ffff602005d5aa00  ID   0.0        0        0  [kworker/155:1]
     1164       2 156  ffff602005d5d400  ID   0.0        0        0  [kworker/156:1]
     1165       2 157  ffff602005d59500  ID   0.0        0        0  [kworker/157:1]
     1166       2 158  ffff602005d5bf00  ID   0.0        0        0  [kworker/158:1]
     1167       2 159  ffff602005d58000  ID   0.0        0        0  [kworker/159:1]
     1168       2 160  ffff602005d5e900  ID   0.0        0        0  [kworker/160:1]
     1169       2 161  ffff602005d60000  ID   0.0        0        0  [kworker/161:1]
     1170       2 162  ffff602005d66900  ID   0.0        0        0  [kworker/162:1]
     1171       2 163  ffff602005d62a00  ID   0.0        0        0  [kworker/163:1]
     1172       2 164  ffff602005d65400  ID   0.0        0        0  [kworker/164:1]
     1173       2 165  ffff602005d61500  ID   0.0        0        0  [kworker/165:1]
     1174       2 166  ffff602005d63f00  ID   0.0        0        0  [kworker/166:1]
     1175       2 167  ffff602005d6aa00  ID   0.0        0        0  [kworker/167:1]
     1176       2 168  ffff604004236900  ID   0.0        0        0  [kworker/168:1]
     1179       2 171  ffff6040055a8000  ID   0.0        0        0  [kworker/171:1]
     1180       2 172  ffff6040055ae900  ID   0.0        0        0  [kworker/172:1]
     1181       2 173  ffff6040055aaa00  ID   0.0        0        0  [kworker/173:1]
     1182       2 174  ffff6040055ad400  ID   0.0        0        0  [kworker/174:1]
     1183       2 175  ffff6040055b6900  ID   0.0        0        0  [kworker/175:1]
     1184       2 176  ffff6040055b2a00  ID   0.0        0        0  [kworker/176:1]
     1185       2 177  ffff6040055b5400  ID   0.0        0        0  [kworker/177:1]
     1186       2 178  ffff6040055b1500  ID   0.0        0        0  [kworker/178:1]
     1187       2 179  ffff6040055b3f00  ID   0.0        0        0  [kworker/179:1]
     1188       2 180  ffff6040055b0000  ID   0.0        0        0  [kworker/180:1]
     1189       2 181  ffff6040055be900  ID   0.0        0        0  [kworker/181:1]
     1190       2 182  ffff6040055baa00  ID   0.0        0        0  [kworker/182:1]
     1191       2 183  ffff6040055bd400  ID   0.0        0        0  [kworker/183:1]
     1192       2 184  ffff6040055b9500  ID   0.0        0        0  [kworker/184:1]
     1193       2 185  ffff6040055bbf00  ID   0.0        0        0  [kworker/185:1]
     1194       2 186  ffff6040055b8000  ID   0.0        0        0  [kworker/186:1]
     1195       2 187  ffff6040055c0000  ID   0.0        0        0  [kworker/187:1]
     1196       2 188  ffff6040055c6900  ID   0.0        0        0  [kworker/188:1]
     1197       2 189  ffff6040055c2a00  ID   0.0        0        0  [kworker/189:1]
     1198       2 190  ffff6040055c5400  ID   0.0        0        0  [kworker/190:1]
     1199       2   8  ffff00202747bf00  ID   0.0        0        0  [kworker/8:1]
     1200       2   3  ffff002027478000  IN   0.0        0        0  [watchdogd]
     1201       2   3  ffff00202747e900  ID   0.0        0        0  [kworker/R-quota]
     1202       2   2  ffff00202747aa00  ID   0.0        0        0  [kworker/2:1H]
     1203       2   0  ffff00202747d400  IN   0.0        0        0  [kswapd0]
     1204       2  47  ffff002027536900  IN   0.0        0        0  [kswapd1]
     1205       2  48  ffff002027532a00  IN   0.0        0        0  [kswapd2]
     1206       2  72  ffff002027535400  IN   0.0        0        0  [kswapd3]
     1207       2  96  ffff002027531500  IN   0.0        0        0  [kswapd4]
     1208       2 120  ffff002027533f00  IN   0.0        0        0  [kswapd5]
     1209       2 144  ffff002027530000  IN   0.0        0        0  [kswapd6]
     1210       2 168  ffff00202753bf00  IN   0.0        0        0  [kswapd7]
     1212       2  17  ffff00202753e900  ID   0.0        0        0  [kworker/R-kthro]
     1218       2   0  ffff002027539500  IN   0.0        0        0  [irq/14-ACPI:Ged]
     1219       2   0  ffff00202754aa00  IN   0.0        0        0  [irq/19-ACPI:Ged]
     1220       2  11  ffff00202754d400  ID   0.0        0        0  [kworker/R-acpi_]
     1222       2   0  ffff004005591500  IN   0.0        0        0  [irq/28-arm-smmu]
     1223       2   2  ffff002027549500  IN   0.0        0        0  [irq/30-arm-smmu]
     1224       2   3  ffff00202754bf00  IN   0.0        0        0  [irq/31-arm-smmu]
     1225       2   5  ffff002027548000  IN   0.0        0        0  [irq/33-arm-smmu]
     1226       2   6  ffff00202754e900  IN   0.0        0        0  [irq/34-arm-smmu]
     1227       2   8  ffff00202a6dbf00  IN   0.0        0        0  [irq/36-arm-smmu]
     1228       2   9  ffff00202a6d8000  IN   0.0        0        0  [irq/37-arm-smmu]
     1229       2  11  ffff00202a6de900  IN   0.0        0        0  [irq/39-arm-smmu]
     1230       2  48  ffff00202a6daa00  IN   0.0        0        0  [irq/40-arm-smmu]
     1231       2  50  ffff00202a6dd400  IN   0.0        0        0  [irq/42-arm-smmu]
     1232       2  51  ffff00202a6d9500  IN   0.0        0        0  [irq/43-arm-smmu]
     1233       2  53  ffff00202a6e3f00  IN   0.0        0        0  [irq/45-arm-smmu]
     1234       2  54  ffff00202a6e0000  IN   0.0        0        0  [irq/46-arm-smmu]
     1235       2  56  ffff00202a6e6900  IN   0.0        0        0  [irq/48-arm-smmu]
     1236       2  57  ffff00202a6e2a00  IN   0.0        0        0  [irq/49-arm-smmu]
     1237       2  59  ffff00202a6e5400  IN   0.0        0        0  [irq/51-arm-smmu]
     1238       2  96  ffff00202a6e1500  IN   0.0        0        0  [irq/52-arm-smmu]
     1239       2  98  ffff00202a6f5400  IN   0.0        0        0  [irq/54-arm-smmu]
     1240       2  99  ffff00202a6f1500  IN   0.0        0        0  [irq/55-arm-smmu]
     1241       2 101  ffff00202a6f3f00  IN   0.0        0        0  [irq/57-arm-smmu]
     1242       2 102  ffff00202a6f0000  IN   0.0        0        0  [irq/58-arm-smmu]
     1243       2 104  ffff00202a6f6900  IN   0.0        0        0  [irq/60-arm-smmu]
     1244       2 105  ffff00202a6f2a00  IN   0.0        0        0  [irq/61-arm-smmu]
     1245       2 107  ffff00202a701500  IN   0.0        0        0  [irq/63-arm-smmu]
     1246       2 144  ffff00202a703f00  IN   0.0        0        0  [irq/64-arm-smmu]
     1247       2 146  ffff00202a700000  IN   0.0        0        0  [irq/66-arm-smmu]
     1248       2 147  ffff00202a706900  IN   0.0        0        0  [irq/67-arm-smmu]
     1249       2 149  ffff00202a702a00  IN   0.0        0        0  [irq/69-arm-smmu]
     1250       2 150  ffff00202a705400  IN   0.0        0        0  [irq/70-arm-smmu]
     1251       2 152  ffff00202bce1500  IN   0.0        0        0  [irq/72-arm-smmu]
     1252       2 153  ffff00202bce3f00  IN   0.0        0        0  [irq/73-arm-smmu]
     1253       2 155  ffff00202bce0000  IN   0.0        0        0  [irq/75-arm-smmu]
     1254       2  13  ffff00202bce6900  ID   0.0        0        0  [kworker/R-kmpat]
     1255       2  14  ffff00202bce2a00  ID   0.0        0        0  [kworker/R-kalua]
     1256       2  15  ffff00202bce5400  IN   0.0        0        0  [spi0]
     1257       2  48  ffff202005346900  ID   0.0        0        0  [kworker/u387:1]
     1258       2 117  ffff40200530bf00  ID   0.0        0        0  [kworker/u389:1]
     1259       2 179  ffff602005d6d400  ID   0.0        0        0  [kworker/u391:1]
     1260       2   0  ffff00202bced400  ID   0.0        0        0  [kworker/0:2]
     1261       2   0  ffff00202bce9500  ID   0.0        0        0  [kworker/0:3]
     1262       2  48  ffff202005342a00  ID   0.0        0        0  [kworker/48:2]
     1263       2  96  ffff402005308000  ID   0.0        0        0  [kworker/96:2]
     1265       2   9  ffff602005d6bf00  ID   0.0        0        0  [kworker/R-mld]
     1266       2  10  ffff602005d68000  ID   0.0        0        0  [kworker/R-ipv6_]
     1267       2  25  ffff0040055ad400  ID   0.0        0        0  [kworker/25:1H]
     1268       2  12  ffff0040055a9500  ID   0.0        0        0  [kworker/R-kstrp]
     1269       2  13  ffff0040055abf00  ID   0.0        0        0  [kworker/R-xsche]
     1355       2  25  ffff004006a82a00  ID   0.0        0        0  [kworker/u386:2]
     1356       2  16  ffff004006a85400  IN   0.0        0        0  [irq/91-aerdrv]
     1357       2  18  ffff004006a81500  IN   0.0        0        0  [irq/93-aerdrv]
     1358       2  20  ffff004006a83f00  IN   0.0        0        0  [irq/95-aerdrv]
     1359       2  22  ffff004006a80000  IN   0.0        0        0  [irq/97-aerdrv]
     1360       2   0  ffff004006a86900  IN   0.0        0        0  [irq/99-aerdrv]
     1361       2  64  ffff00202bd0e900  IN   0.0        0        0  [irq/101-aerdrv]
     1362       2  66  ffff00202bd0d400  IN   0.0        0        0  [irq/103-aerdrv]
     1363       2  68  ffff00202bd08000  IN   0.0        0        0  [irq/105-aerdrv]
     1364       2 160  ffff00202bd0bf00  IN   0.0        0        0  [irq/107-aerdrv]
     1365       2  14  ffff00202bd0aa00  ID   0.0        0        0  [kworker/u393:0]
     1366       2  15  ffff00202bd09500  ID   0.0        0        0  [kworker/u394:0]
     1367       2  16  ffff0040055aaa00  ID   0.0        0        0  [kworker/u395:0]
     1368       2  17  ffff202005345400  ID   0.0        0        0  [kworker/u396:0]
     1369       2  18  ffff2040055cbf00  ID   0.0        0        0  [kworker/u397:0]
     1370       2  19  ffff40200530e900  ID   0.0        0        0  [kworker/u398:0]
     1371       2  20  ffff4040055cbf00  ID   0.0        0        0  [kworker/u399:0]
     1372       2  21  ffff602005d6e900  ID   0.0        0        0  [kworker/u400:0]
     1373       2  22  ffff6040055c1500  ID   0.0        0        0  [kworker/u401:0]
     1374       2  35  ffff0040055ae900  ID   0.0        0        0  [kworker/35:2]
     1377       2  36  ffff0040055a8000  ID   0.0        0        0  [kworker/36:1H]
     1389       2   1  ffff00202e85e900  ID   0.0        0        0  [kworker/1:1H]
     1417       2  37  ffff004006a8aa00  ID   0.0        0        0  [kworker/37:2]
     1419       2  35  ffff004006a8d400  ID   0.0        0        0  [kworker/35:1H]
     1424       2  38  ffff004006a89500  ID   0.0        0        0  [kworker/38:1H]
     1426       2  39  ffff004006a8bf00  ID   0.0        0        0  [kworker/39:1H]
     1429       2   0  ffff00202e859500  ID   0.0        0        0  [kworker/0:1H]
     1431       2  40  ffff004006a88000  ID   0.0        0        0  [kworker/40:1H]
     1432       2  26  ffff004006a8e900  ID   0.0        0        0  [kworker/26:1H]
     1433       2  41  ffff004006a91500  ID   0.0        0        0  [kworker/41:1H]
     1435       2   9  ffff00202e85d400  ID   0.0        0        0  [kworker/9:2]
     1436       2  10  ffff00202e85aa00  ID   0.0        0        0  [kworker/10:1H]
     1437       2  10  ffff00202e85bf00  ID   0.0        0        0  [kworker/10:2]
     1444       2  28  ffff00202e858000  ID   0.0        0        0  [kworker/R-kmpat]
     1445       2  28  ffff00202f24e900  ID   0.0        0        0  [kworker/R-kmpat]
     1450       2   5  ffff00202f24bf00  ID   0.0        0        0  [kworker/5:1H]
     1451       2   6  ffff00202f249500  ID   0.0        0        0  [kworker/6:1H]
     1452       2  49  ffff20200534aa00  ID   0.0        0        0  [kworker/49:1H]
     1454       2  96  ffff40200530aa00  ID   0.0        0        0  [kworker/96:1H]
     1456       2  97  ffff40200530d400  ID   0.0        0        0  [kworker/97:2]
     1460       2 145  ffff602005d72a00  ID   0.0        0        0  [kworker/145:1H]
     1461       2  50  ffff202005352a00  ID   0.0        0        0  [kworker/50:1H]
     1521       2  42  ffff004006a9d400  ID   0.0        0        0  [kworker/42:2]
     1523       2  42  ffff004006a99500  ID   0.0        0        0  [kworker/42:1H]
     1547       2  99  ffff402005310000  ID   0.0        0        0  [kworker/99:1H]
     1548       2   5  ffff00202fe95400  ID   0.0        0        0  [kworker/5:2]
     1591       2  49  ffff20200535d400  ID   0.0        0        0  [kworker/49:2]
     1594       2  99  ffff402005318000  ID   0.0        0        0  [kworker/99:2]
     1595       2 100  ffff40200531e900  ID   0.0        0        0  [kworker/100:1H]
     1596       2 102  ffff40200531aa00  ID   0.0        0        0  [kworker/102:1H]
     1602       2   6  ffff00202fe91500  ID   0.0        0        0  [kworker/6:2]
     1603       2 125  ffff4040055d8000  ID   0.0        0        0  [kworker/125:1H]
     1604       2 125  ffff4040055de900  ID   0.0        0        0  [kworker/125:2]
     1622       2 121  ffff4040055daa00  ID   0.0        0        0  [kworker/u390:1]
     1627       2 124  ffff4040055dd400  ID   0.0        0        0  [kworker/124:1H]
     1628       2 105  ffff402005321500  ID   0.0        0        0  [kworker/105:1H]
     1634       2 104  ffff402005323f00  ID   0.0        0        0  [kworker/104:1H]
     1635       2 121  ffff4040055d9500  ID   0.0        0        0  [kworker/121:1H]
     1638       2 108  ffff402005320000  ID   0.0        0        0  [kworker/108:1H]
     1643       2 107  ffff402005326900  ID   0.0        0        0  [kworker/107:1H]
     1645       2 106  ffff402005322a00  ID   0.0        0        0  [kworker/106:1H]
     1646       2 109  ffff402005325400  ID   0.0        0        0  [kworker/109:1H]
     1647       2 113  ffff40200a3d3f00  ID   0.0        0        0  [kworker/113:1H]
     1650       2 112  ffff40200a3d0000  ID   0.0        0        0  [kworker/112:1H]
     1651       2 110  ffff40200a3d6900  ID   0.0        0        0  [kworker/110:1H]
     1652       2 111  ffff40200a3d2a00  ID   0.0        0        0  [kworker/111:1H]
     1657       2 114  ffff40200a3d5400  ID   0.0        0        0  [kworker/114:1H]
     1659       2 115  ffff40200a3d1500  ID   0.0        0        0  [kworker/115:1H]
     1660       2 118  ffff40200a3de900  ID   0.0        0        0  [kworker/118:1H]
     1661       2 119  ffff40200a3daa00  ID   0.0        0        0  [kworker/119:1H]
     1663       2 117  ffff40200a3dd400  ID   0.0        0        0  [kworker/117:1H]
     1664       2 116  ffff40200a3d9500  ID   0.0        0        0  [kworker/116:1H]
     1666       2 179  ffff40200a3dbf00  IN   0.0        0        0  [hwrng]
     1670       2 113  ffff40200a3d8000  ID   0.0        0        0  [kworker/113:2]
     1671       2  97  ffff40200b325400  ID   0.0        0        0  [kworker/97:1H]
     1672       2 120  ffff404009222a00  ID   0.0        0        0  [kworker/120:1H]
     1674       2  98  ffff40200b329500  ID   0.0        0        0  [kworker/98:1H]
     1678       2  37  ffff004006a9bf00  ID   0.0        0        0  [kworker/37:1H]
     1680       2 126  ffff404009225400  ID   0.0        0        0  [kworker/126:1H]
     1681       2 127  ffff404009221500  ID   0.0        0        0  [kworker/127:1H]
     1683       2 128  ffff404009223f00  ID   0.0        0        0  [kworker/128:1H]
     1685       2 101  ffff40200b332a00  ID   0.0        0        0  [kworker/101:1H]
     1688       2 144  ffff602005d75400  ID   0.0        0        0  [kworker/144:1H]
     1691       2 122  ffff404009220000  ID   0.0        0        0  [kworker/122:1H]
     1692       2   4  ffff00202fe93f00  ID   0.0        0        0  [kworker/4:1H]
     1693       2 103  ffff40200b33e900  ID   0.0        0        0  [kworker/103:1H]
     1694       2  48  ffff202005359500  ID   0.0        0        0  [kworker/48:1H]
     1699       2  38  ffff20200535bf00  IN   0.0        0        0  [scsi_eh_0]
     1700       2  40  ffff202005358000  ID   0.0        0        0  [kworker/R-nfit]
     1704       2  42  ffff20200535e900  ID   0.0        0        0  [kworker/R-scsi_]
     1705       2  43  ffff004006a98000  ID   0.0        0        0  [kworker/43:1H]
     1706       2  45  ffff004006aa0000  ID   0.0        0        0  [kworker/45:1H]
     1708       2  44  ffff004006aa6900  ID   0.0        0        0  [kworker/44:1H]
     1710       2  46  ffff004006aa2a00  ID   0.0        0        0  [kworker/46:1H]
     1712       2  44  ffff004006aa5400  ID   0.0        0        0  [kworker/R-ata_s]
     1718       2  11  ffff00202fe90000  ID   0.0        0        0  [kworker/11:1H]
     1719       2   9  ffff00202fe96900  ID   0.0        0        0  [kworker/9:1H]
     1721       2  12  ffff00202fe92a00  ID   0.0        0        0  [kworker/12:1H]
     1726       2  17  ffff002034731500  ID   0.0        0        0  [kworker/17:1H]
     1727       2 168  ffff6040055c3f00  ID   0.0        0        0  [kworker/168:1H]
     1732       2  72  ffff2040055c8000  ID   0.0        0        0  [kworker/72:1H]
     1735       2  19  ffff002034733f00  ID   0.0        0        0  [kworker/19:1H]
     1736       2  20  ffff002034730000  ID   0.0        0        0  [kworker/20:1H]
     1743       2  16  ffff00202e855400  ID   0.0        0        0  [kworker/16:1H]
     1744       2  18  ffff00202e856900  ID   0.0        0        0  [kworker/18:1H]
     1750       2  21  ffff00202c3e1500  ID   0.0        0        0  [kworker/21:1H]
     1751       2   7  ffff00202c3e3f00  ID   0.0        0        0  [kworker/7:1H]
     1752       2  47  ffff004006aa1500  ID   0.0        0        0  [kworker/47:1H]
     1757       2  15  ffff00202c3e0000  ID   0.0        0        0  [kworker/15:1H]
     1764       2   8  ffff00202c3e6900  ID   0.0        0        0  [kworker/8:1H]
     1765       2  13  ffff00202c3e2a00  ID   0.0        0        0  [kworker/13:1H]
     1766       2  14  ffff00202c3e5400  ID   0.0        0        0  [kworker/14:1H]
     1770       2  27  ffff002035078000  IN   0.0        0        0  [scsi_eh_1]
     1771       2  50  ffff00203507e900  ID   0.0        0        0  [kworker/R-scsi_]
     1777       2  51  ffff20200535aa00  ID   0.0        0        0  [kworker/51:1H]
     1779       2  26  ffff00203507d400  IN   0.0        0        0  [scsi_eh_2]
     1780       2  28  ffff002035079500  ID   0.0        0        0  [kworker/R-scsi_]
     1790       2 146  ffff602005d71500  ID   0.0        0        0  [kworker/146:1H]
     1794       2 191  ffff604008e32a00  ID   0.0        0        0  [kworker/191:1H]
     1805       2  95  ffff2040089d5400  ID   0.0        0        0  [kworker/95:1H]
     1807       2  22  ffff2040089d1500  IN   0.0        0        0  [scsi_eh_3]
     1808       2  30  ffff004006aa3f00  ID   0.0        0        0  [kworker/30:1H]
     1811       2  27  ffff00400c485400  ID   0.0        0        0  [kworker/27:1H]
     1812       2  25  ffff00400c481500  ID   0.0        0        0  [kworker/R-scsi_]
     1813       2 148  ffff602005d70000  ID   0.0        0        0  [kworker/148:1H]
     1820       2 172  ffff604008e33f00  ID   0.0        0        0  [kworker/172:1H]
     1822       2 151  ffff6020073fd400  ID   0.0        0        0  [kworker/151:1H]
     1825       2 147  ffff6020073fbf00  ID   0.0        0        0  [kworker/147:1H]
     1835       2  52  ffff20200c7d8000  ID   0.0        0        0  [kworker/52:1H]
     1838       2 111  ffff20200c7de900  IN   0.0        0        0  [scsi_eh_4]
     1839       2 109  ffff20200c7daa00  ID   0.0        0        0  [kworker/R-scsi_]
     1840       2 152  ffff60200748e900  ID   0.0        0        0  [kworker/152:1H]
     1844       2 174  ffff604009023f00  ID   0.0        0        0  [kworker/174:1H]
     1850       2 153  ffff60200748aa00  ID   0.0        0        0  [kworker/153:1H]
     1852       2  31  ffff00400c483f00  ID   0.0        0        0  [kworker/31:1H]
     1854       2  94  ffff2040089d3f00  ID   0.0        0        0  [kworker/94:1H]
     1855       2  56  ffff20200c7dd400  ID   0.0        0        0  [kworker/56:1H]
     1863       2  53  ffff202006c0bf00  ID   0.0        0        0  [kworker/53:1H]
     1864       2  73  ffff2040089d0000  ID   0.0        0        0  [kworker/73:1H]
     1900       2 173  ffff604009022a00  ID   0.0        0        0  [kworker/173:1H]
     1905       2   7  ffff0020350e2a00  ID   0.0        0        0  [kworker/u385:3]
     1909       2  57  ffff202006c09500  ID   0.0        0        0  [kworker/57:1H]
     1910       2  55  ffff202006d53f00  ID   0.0        0        0  [kworker/55:1H]
     1911       2  28  ffff00400c480000  ID   0.0        0        0  [kworker/28:1H]
     1913       2  59  ffff202006d51500  ID   0.0        0        0  [kworker/59:1H]
     1914       2  23  ffff0020350e6900  ID   0.0        0        0  [kworker/23:1H]
     1915       2  63  ffff202006d50000  ID   0.0        0        0  [kworker/63:1H]
     1916       2  66  ffff202006d56900  ID   0.0        0        0  [kworker/66:1H]
     1917       2  64  ffff202006d52a00  ID   0.0        0        0  [kworker/64:1H]
     1919       2  54  ffff202006d55400  ID   0.0        0        0  [kworker/54:1H]
     1920       2  62  ffff202009bb5400  ID   0.0        0        0  [kworker/62:1H]
     1921       2  61  ffff202009a5aa00  ID   0.0        0        0  [kworker/61:1H]
     1922       2 149  ffff60200748d400  ID   0.0        0        0  [kworker/149:1H]
     1927       2  65  ffff20200725d400  ID   0.0        0        0  [kworker/65:1H]
     1928       2  67  ffff20200725aa00  ID   0.0        0        0  [kworker/67:1H]
     1929       2 171  ffff604009025400  ID   0.0        0        0  [kworker/171:1H]
     1931       2  22  ffff0020350e5400  ID   0.0        0        0  [kworker/22:1H]
     1932       2  60  ffff202007258000  ID   0.0        0        0  [kworker/60:1H]
     1933       2 174  ffff20200725e900  IN   0.0        0        0  [scsi_eh_5]
     1934       2 174  ffff202007259500  ID   0.0        0        0  [kworker/R-scsi_]
     1935       2  48  ffff20200725bf00  ID   0.0        0        0  [kworker/u387:2]
     1936       2 147  ffff202006f26900  IN   0.0        0        0  [scsi_eh_6]
     1937       2 147  ffff202006f23f00  ID   0.0        0        0  [kworker/R-scsi_]
     1938       2 147  ffff202006f20000  IN   0.0        0        0  [scsi_eh_7]
     1939       2 147  ffff202006f22a00  ID   0.0        0        0  [kworker/R-scsi_]
     1941       2 117  ffff402017c99500  ID   0.0        0        0  [kworker/u389:3]
     1943       2  58  ffff202006f21500  ID   0.0        0        0  [kworker/58:1H]
     1944       2  33  ffff00400c486900  ID   0.0        0        0  [kworker/33:1H]
     1951       2  34  ffff00400c482a00  ID   0.0        0        0  [kworker/34:1H]
     1952       2 130  ffff404009226900  ID   0.0        0        0  [kworker/130:1H]
     1954       2 136  ffff40400a911500  ID   0.0        0        0  [kworker/136:1H]
     1955       2 144  ffff40400a913f00  IN   0.0        0        0  [scsi_eh_8]
     1956       2 172  ffff40400a910000  ID   0.0        0        0  [kworker/R-scsi_]
     1957       2 144  ffff40400a916900  IN   0.0        0        0  [scsi_eh_9]
     1958       2 172  ffff40400a912a00  ID   0.0        0        0  [kworker/R-scsi_]
     1959       2 145  ffff60200b1ee900  ID   0.0        0        0  [kworker/u391:2]
     1960       2  70  ffff60200b1eaa00  ID   0.0        0        0  [kworker/R-0000:]
     1962       2 179  ffff604009026900  ID   0.0        0        0  [kworker/u392:1]
     1965       2  71  ffff604009020000  ID   0.0        0        0  [kworker/R-scsi_]
     1966       2 170  ffff604009021500  ID   0.0        0        0  [kworker/R-0000:]
     1967       2 170  ffff202009a58000  ID   0.0        0        0  [kworker/R-0000:]
     1968       2  99  ffff402017ca1500  ID   0.0        0        0  [kworker/99:3]
     1974       2 175  ffff6040092ad400  ID   0.0        0        0  [kworker/175:1H]
     1975       2 176  ffff6040092a9500  ID   0.0        0        0  [kworker/176:1H]
     1977       2 178  ffff6040092abf00  ID   0.0        0        0  [kworker/178:1H]
     1985       2 180  ffff6040092a8000  ID   0.0        0        0  [kworker/180:1H]
     1994       2 181  ffff6040092ae900  ID   0.0        0        0  [kworker/181:1H]
     2006       2  69  ffff20200ada6900  ID   0.0        0        0  [kworker/R-poll_]
     2007       2 127  ffff40400a915400  ID   0.0        0        0  [kworker/127:2]
     2011       2  69  ffff20200ada5400  ID   0.0        0        0  [kworker/69:2]
     2012       2 144  ffff20200ada1500  ID   0.0        0        0  [kworker/R-ttm]
     2013       2  70  ffff20200ada3f00  IN   0.0        0        0  [card0-crtc0]
     2019       2 129  ffff40400a91d400  ID   0.0        0        0  [kworker/129:2]
     2029       2 150  ffff60200b1f2a00  ID   0.0        0        0  [kworker/150:1H]
     2038       2 154  ffff60200b1f3f00  ID   0.0        0        0  [kworker/154:1H]
     2039       2 156  ffff60200b1f0000  ID   0.0        0        0  [kworker/156:1H]
     2040       2 155  ffff60200b1f6900  ID   0.0        0        0  [kworker/155:1H]
     2062       2  25  ffff20200ada2a00  IN   0.0        0        0  [irq/391-hisi_sa]
     2063       2  37  ffff202005bcaa00  IN   0.0        0        0  [irq/392-hisi_sa]
     2064       2  49  ffff202005bcd400  IN   0.0        0        0  [irq/393-hisi_sa]
     2065       2  61  ffff202005bc9500  IN   0.0        0        0  [irq/394-hisi_sa]
     2067       2  73  ffff202005bcbf00  IN   0.0        0        0  [irq/395-hisi_sa]
     2068       2  85  ffff202005bc8000  IN   0.0        0        0  [irq/396-hisi_sa]
     2069       2  97  ffff202005bce900  IN   0.0        0        0  [irq/397-hisi_sa]
     2070       2 109  ffff202005bdd400  IN   0.0        0        0  [irq/398-hisi_sa]
     2071       2 121  ffff202005bd9500  IN   0.0        0        0  [irq/399-hisi_sa]
     2072       2 137  ffff202005bdbf00  IN   0.0        0        0  [irq/400-hisi_sa]
     2074       2 145  ffff202005bd8000  IN   0.0        0        0  [irq/401-hisi_sa]
     2075       2 157  ffff202005bde900  IN   0.0        0        0  [irq/402-hisi_sa]
     2076       2 169  ffff202005bdaa00  IN   0.0        0        0  [irq/403-hisi_sa]
     2077       2 181  ffff20200996aa00  IN   0.0        0        0  [irq/404-hisi_sa]
     2078       2   1  ffff20200996d400  IN   0.0        0        0  [irq/405-hisi_sa]
     2079       2  13  ffff202009969500  IN   0.0        0        0  [irq/406-hisi_sa]
     2080       2  69  ffff20200996bf00  IN   0.0        0        0  [scsi_eh_10]
     2081       2 120  ffff202009968000  ID   0.0        0        0  [kworker/R-scsi_]
     2082       2  70  ffff20200996e900  ID   0.0        0        0  [kworker/R-0000:]
     2083       2 147  ffff202009970000  ID   0.0        0        0  [kworker/R-scsi_]
     2084       2  71  ffff202009976900  ID   0.0        0        0  [kworker/R-0000:]
     2085       2  48  ffff202009972a00  ID   0.0        0        0  [kworker/R-0000:]
     2086       2   8  ffff002030362a00  ID   0.0        0        0  [kworker/u385:4]
     2087       2  24  ffff002030365400  IN   0.0        0        0  [irq/684-hisi_sa]
     2088       2  36  ffff002030361500  IN   0.0        0        0  [irq/685-hisi_sa]
     2089       2  55  ffff002030363f00  IN   0.0        0        0  [irq/686-hisi_sa]
     2090       2  63  ffff002030360000  IN   0.0        0        0  [irq/687-hisi_sa]
     2091       2  75  ffff002030366900  IN   0.0        0        0  [irq/688-hisi_sa]
     2092       2  87  ffff202009975400  IN   0.0        0        0  [irq/689-hisi_sa]
     2093       2  99  ffff202009971500  IN   0.0        0        0  [irq/690-hisi_sa]
     2094       2 111  ffff202009973f00  IN   0.0        0        0  [irq/691-hisi_sa]
     2095       2 123  ffff202005c63f00  IN   0.0        0        0  [irq/692-hisi_sa]
     2096       2 133  ffff202005c60000  IN   0.0        0        0  [irq/693-hisi_sa]
     2097       2 147  ffff202005c66900  IN   0.0        0        0  [irq/694-hisi_sa]
     2098       2 159  ffff202005c62a00  IN   0.0        0        0  [irq/695-hisi_sa]
     2099       2 171  ffff202005c65400  IN   0.0        0        0  [irq/696-hisi_sa]
     2100       2 183  ffff202005c61500  IN   0.0        0        0  [irq/697-hisi_sa]
     2101       2   3  ffff20200c19d400  IN   0.0        0        0  [irq/698-hisi_sa]
     2102       2  15  ffff20200c199500  IN   0.0        0        0  [irq/699-hisi_sa]
     2103       2  69  ffff20200c19bf00  IN   0.0        0        0  [scsi_eh_11]
     2104       2  70  ffff20200c198000  ID   0.0        0        0  [kworker/R-scsi_]
     2105       2  71  ffff20200c19e900  ID   0.0        0        0  [kworker/R-0000:]
     2106       2  51  ffff20200c19aa00  ID   0.0        0        0  [kworker/R-scsi_]
     2107       2  52  ffff20200983aa00  ID   0.0        0        0  [kworker/R-0000:]
     2108       2  53  ffff20200983d400  ID   0.0        0        0  [kworker/R-0000:]
     2109       2  25  ffff202009839500  IN   0.0        0        0  [irq/716-hisi_sa]
     2110       2  37  ffff20200983bf00  IN   0.0        0        0  [irq/717-hisi_sa]
     2111       2  48  ffff202009838000  IN   0.0        0        0  [irq/718-hisi_sa]
     2112       2  65  ffff20200983e900  IN   0.0        0        0  [irq/719-hisi_sa]
     2113       2  77  ffff2020097e6900  IN   0.0        0        0  [irq/720-hisi_sa]
     2114       2  89  ffff2020097e2a00  IN   0.0        0        0  [irq/721-hisi_sa]
     2115       2 101  ffff2020097e5400  IN   0.0        0        0  [irq/722-hisi_sa]
     2116       2 113  ffff2020097e1500  IN   0.0        0        0  [irq/723-hisi_sa]
     2117       2 125  ffff2020097e3f00  IN   0.0        0        0  [irq/724-hisi_sa]
     2118       2 135  ffff2020097e0000  IN   0.0        0        0  [irq/725-hisi_sa]
     2119       2 149  ffff20200c2e1500  IN   0.0        0        0  [irq/726-hisi_sa]
     2120       2 161  ffff20200c2e3f00  IN   0.0        0        0  [irq/727-hisi_sa]
     2121       2 173  ffff20200c2e0000  IN   0.0        0        0  [irq/728-hisi_sa]
     2122       2 185  ffff20200c2e6900  IN   0.0        0        0  [irq/729-hisi_sa]
     2123       2   5  ffff20200c2e2a00  IN   0.0        0        0  [irq/730-hisi_sa]
     2124       2  17  ffff20200c2e5400  IN   0.0        0        0  [irq/731-hisi_sa]
     2125       2  69  ffff20200c5f6900  IN   0.0        0        0  [scsi_eh_12]
     2126       2  70  ffff20200c5f2a00  ID   0.0        0        0  [kworker/R-scsi_]
     2127       2  71  ffff20200c5f5400  ID   0.0        0        0  [kworker/R-0000:]
     2128       2  51  ffff20200c5f1500  ID   0.0        0        0  [kworker/R-scsi_]
     2129       2  52  ffff20200c5f3f00  ID   0.0        0        0  [kworker/R-0000:]
     2130       2  53  ffff20200c5f0000  ID   0.0        0        0  [kworker/R-0000:]
     2131       2  26  ffff20200c5f9500  IN   0.0        0        0  [irq/748-hisi_sa]
     2132       2  38  ffff20200c5fbf00  IN   0.0        0        0  [irq/749-hisi_sa]
     2133       2  49  ffff20200c5f8000  IN   0.0        0        0  [irq/750-hisi_sa]
     2134       2  60  ffff20200c5fe900  IN   0.0        0        0  [irq/751-hisi_sa]
     2135       2  83  ffff20200c5faa00  IN   0.0        0        0  [irq/752-hisi_sa]
     2136       2  84  ffff20200c5fd400  IN   0.0        0        0  [irq/753-hisi_sa]
     2137       2 103  ffff20200c60bf00  IN   0.0        0        0  [irq/754-hisi_sa]
     2138       2 108  ffff20200c608000  IN   0.0        0        0  [irq/755-hisi_sa]
     2139       2 127  ffff20200c60e900  IN   0.0        0        0  [irq/756-hisi_sa]
     2140       2 132  ffff20200c60aa00  IN   0.0        0        0  [irq/757-hisi_sa]
     2141       2 151  ffff20200c60d400  IN   0.0        0        0  [irq/758-hisi_sa]
     2142       2 156  ffff20200c609500  IN   0.0        0        0  [irq/759-hisi_sa]
     2143       2 175  ffff202005af2a00  IN   0.0        0        0  [irq/760-hisi_sa]
     2144       2 180  ffff202005af5400  IN   0.0        0        0  [irq/761-hisi_sa]
     2145       2   7  ffff202005af1500  IN   0.0        0        0  [irq/762-hisi_sa]
     2146       2  12  ffff202005af3f00  IN   0.0        0        0  [irq/763-hisi_sa]
     2147       2  69  ffff202005af0000  IN   0.0        0        0  [scsi_eh_13]
     2148       2  70  ffff202005af6900  ID   0.0        0        0  [kworker/R-scsi_]
     2149       2  71  ffff202008fc5400  ID   0.0        0        0  [kworker/R-0000:]
     2150       2  49  ffff202008fc1500  ID   0.0        0        0  [kworker/R-scsi_]
     2151       2  50  ffff202008fc3f00  ID   0.0        0        0  [kworker/R-0000:]
     2152       2  51  ffff202008fc0000  ID   0.0        0        0  [kworker/R-0000:]
     2153       2  73  ffff2040089d6900  ID   0.0        0        0  [kworker/u388:1]
     2154       2  27  ffff2040089d2a00  IN   0.0        0        0  [irq/780-hisi_sa]
     2155       2  39  ffff20200cc60000  IN   0.0        0        0  [irq/781-hisi_sa]
     2156       2  50  ffff20200cc66900  IN   0.0        0        0  [irq/782-hisi_sa]
     2157       2  61  ffff20200cc62a00  IN   0.0        0        0  [irq/783-hisi_sa]
     2158       2  72  ffff20200cc65400  IN   0.0        0        0  [irq/784-hisi_sa]
     2159       2  85  ffff20200cc61500  IN   0.0        0        0  [irq/785-hisi_sa]
     2160       2 107  ffff20200cc63f00  IN   0.0        0        0  [irq/786-hisi_sa]
     2161       2 109  ffff20200cc69500  IN   0.0        0        0  [irq/787-hisi_sa]
     2162       2 129  ffff20200cc6bf00  IN   0.0        0        0  [irq/788-hisi_sa]
     2163       2 133  ffff20200cc68000  IN   0.0        0        0  [irq/789-hisi_sa]
     2164       2 153  ffff20200cc6e900  IN   0.0        0        0  [irq/790-hisi_sa]
     2165       2 157  ffff20200cc6aa00  IN   0.0        0        0  [irq/791-hisi_sa]
     2166       2 177  ffff20200cc6d400  IN   0.0        0        0  [irq/792-hisi_sa]
     2167       2 181  ffff20200cc7aa00  IN   0.0        0        0  [irq/793-hisi_sa]
     2168       2   9  ffff20200cc7d400  IN   0.0        0        0  [irq/794-hisi_sa]
     2169       2  13  ffff20200cc79500  IN   0.0        0        0  [irq/795-hisi_sa]
     2170       2  64  ffff20200cc7bf00  IN   0.0        0        0  [scsi_eh_14]
     2171       2  65  ffff20200cc78000  ID   0.0        0        0  [kworker/R-scsi_]
     2172       2  66  ffff20200cc7e900  ID   0.0        0        0  [kworker/R-0000:]
     2173       2  67  ffff20200cc86900  ID   0.0        0        0  [kworker/R-scsi_]
     2174       2  68  ffff20200cc82a00  ID   0.0        0        0  [kworker/R-0000:]
     2175       2  69  ffff20200cc85400  ID   0.0        0        0  [kworker/R-0000:]
     2176       2  27  ffff20200cc81500  IN   0.0        0        0  [irq/812-hisi_sa]
     2177       2  39  ffff20200cc83f00  IN   0.0        0        0  [irq/813-hisi_sa]
     2178       2  51  ffff20200cc80000  IN   0.0        0        0  [irq/814-hisi_sa]
     2179       2  62  ffff202008656900  IN   0.0        0        0  [irq/815-hisi_sa]
     2180       2  73  ffff202008652a00  IN   0.0        0        0  [irq/816-hisi_sa]
     2181       2  86  ffff202008655400  IN   0.0        0        0  [irq/817-hisi_sa]
     2182       2  96  ffff202008651500  IN   0.0        0        0  [irq/818-hisi_sa]
     2183       2 110  ffff202008653f00  IN   0.0        0        0  [irq/819-hisi_sa]
     2184       2 120  ffff202008650000  IN   0.0        0        0  [irq/820-hisi_sa]
     2185       2 134  ffff202009546900  IN   0.0        0        0  [irq/821-hisi_sa]
     2186       2 144  ffff202009542a00  IN   0.0        0        0  [irq/822-hisi_sa]
     2187       2 158  ffff202009545400  IN   0.0        0        0  [irq/823-hisi_sa]
     2188       2 168  ffff202009541500  IN   0.0        0        0  [irq/824-hisi_sa]
     2189       2 182  ffff202009543f00  IN   0.0        0        0  [irq/825-hisi_sa]
     2190       2  11  ffff202009540000  IN   0.0        0        0  [irq/826-hisi_sa]
     2191       2  14  ffff2020078bbf00  IN   0.0        0        0  [irq/827-hisi_sa]
     2192       2  64  ffff2020078b8000  IN   0.0        0        0  [scsi_eh_15]
     2193       2  65  ffff2020078be900  ID   0.0        0        0  [kworker/R-scsi_]
     2194       2  66  ffff2020078baa00  ID   0.0        0        0  [kworker/R-0000:]
     2195       2  67  ffff2020078bd400  ID   0.0        0        0  [kworker/R-scsi_]
     2196       2  68  ffff2020078b9500  ID   0.0        0        0  [kworker/R-0000:]
     2197       2  69  ffff20200b820000  ID   0.0        0        0  [kworker/R-0000:]
     2198       2  29  ffff20200b826900  IN   0.0        0        0  [irq/844-hisi_sa]
     2199       2  40  ffff20200b822a00  IN   0.0        0        0  [irq/845-hisi_sa]
     2200       2  51  ffff20200b825400  IN   0.0        0        0  [irq/846-hisi_sa]
     2201       2  63  ffff20200b821500  IN   0.0        0        0  [irq/847-hisi_sa]
     2202       2  74  ffff202008fc6900  IN   0.0        0        0  [irq/848-hisi_sa]
     2203       2  87  ffff202008fc2a00  IN   0.0        0        0  [irq/849-hisi_sa]
     2204       2  97  ffff202005ade900  IN   0.0        0        0  [irq/850-hisi_sa]
     2205       2 111  ffff202005adaa00  IN   0.0        0        0  [irq/851-hisi_sa]
     2206       2 121  ffff202005add400  IN   0.0        0        0  [irq/852-hisi_sa]
     2207       2 135  ffff202005ad9500  IN   0.0        0        0  [irq/853-hisi_sa]
     2208       2 145  ffff202005adbf00  IN   0.0        0        0  [irq/854-hisi_sa]
     2209       2 159  ffff202005ad8000  IN   0.0        0        0  [irq/855-hisi_sa]
     2210       2 169  ffff202005ae5400  IN   0.0        0        0  [irq/856-hisi_sa]
     2211       2 183  ffff202005ae1500  IN   0.0        0        0  [irq/857-hisi_sa]
     2212       2   0  ffff202005ae3f00  IN   0.0        0        0  [irq/858-hisi_sa]
     2213       2  15  ffff202005ae0000  IN   0.0        0        0  [irq/859-hisi_sa]
     2214       2  69  ffff202005ae6900  IN   0.0        0        0  [scsi_eh_16]
     2215       2  70  ffff202005ae2a00  ID   0.0        0        0  [kworker/R-scsi_]
     2216       2  71  ffff20200999e900  ID   0.0        0        0  [kworker/R-0000:]
     2217       2  48  ffff20200999aa00  ID   0.0        0        0  [kworker/R-scsi_]
     2218       2  49  ffff20200999d400  ID   0.0        0        0  [kworker/R-0000:]
     2219       2  50  ffff202009999500  ID   0.0        0        0  [kworker/R-0000:]
     2220       2  31  ffff20200999bf00  IN   0.0        0        0  [irq/876-hisi_sa]
     2221       2  41  ffff202009998000  IN   0.0        0        0  [irq/877-hisi_sa]
     2222       2  52  ffff20200962d400  IN   0.0        0        0  [irq/878-hisi_sa]
     2223       2  64  ffff202009629500  IN   0.0        0        0  [irq/879-hisi_sa]
     2224       2  75  ffff20200962bf00  IN   0.0        0        0  [irq/880-hisi_sa]
     2225       2  88  ffff202009628000  IN   0.0        0        0  [irq/881-hisi_sa]
     2226       2  98  ffff20200962e900  IN   0.0        0        0  [irq/882-hisi_sa]
     2227       2 112  ffff20200962aa00  IN   0.0        0        0  [irq/883-hisi_sa]
     2228       2 122  ffff202005b6bf00  IN   0.0        0        0  [irq/884-hisi_sa]
     2229       2 136  ffff202005b68000  IN   0.0        0        0  [irq/885-hisi_sa]
     2230       2 146  ffff202005b6e900  IN   0.0        0        0  [irq/886-hisi_sa]
     2231       2 160  ffff202005b6aa00  IN   0.0        0        0  [irq/887-hisi_sa]
     2232       2 179  ffff202005b6d400  IN   0.0        0        0  [irq/888-hisi_sa]
     2233       2 184  ffff202005b69500  IN   0.0        0        0  [irq/889-hisi_sa]
     2234       2   1  ffff2020084e8000  IN   0.0        0        0  [irq/890-hisi_sa]
     2235       2  16  ffff2020084ee900  IN   0.0        0        0  [irq/891-hisi_sa]
     2236       2   3  ffff00203467e900  ID   0.0        0        0  [kworker/3:1H]
     2237       2 133  ffff40400a919500  ID   0.0        0        0  [kworker/133:1H]
     2238       2 177  ffff6040088a0000  ID   0.0        0        0  [kworker/177:1H]
     2239       2 120  ffff40400a91bf00  ID   0.0        0        0  [kworker/120:2]
     2240       2 179  ffff6040088a6900  ID   0.0        0        0  [kworker/u392:2]
     2243       2  69  ffff2020084eaa00  ID   0.0        0        0  [kworker/69:1H]
     2269       2  71  ffff2020084e9500  ID   0.0        0        0  [kworker/R-kdmfl]
     2272       2  68  ffff2020050daa00  ID   0.0        0        0  [kworker/68:1H]
     2277       2  70  ffff2020050dbf00  ID   0.0        0        0  [kworker/70:1H]
     2278       2  51  ffff2020050d8000  ID   0.0        0        0  [kworker/R-kdmfl]
     2281       2  74  ffff204005bfaa00  ID   0.0        0        0  [kworker/74:1H]
     2287       2  76  ffff204005bfd400  ID   0.0        0        0  [kworker/76:1H]
     2294       2  76  ffff204005bf9500  ID   0.0        0        0  [kworker/76:2]
     2295       2  77  ffff204005bfbf00  ID   0.0        0        0  [kworker/77:1H]
     2296       2  80  ffff204005bf8000  ID   0.0        0        0  [kworker/80:1H]
     2297       2  81  ffff204005bfe900  ID   0.0        0        0  [kworker/81:1H]
     2299       2  82  ffff2040068c6900  ID   0.0        0        0  [kworker/82:1H]
     2301       2  83  ffff2040068c2a00  ID   0.0        0        0  [kworker/83:1H]
     2309       2  77  ffff2040068c3f00  ID   0.0        0        0  [kworker/77:2]
     2310       2  78  ffff2040068c0000  ID   0.0        0        0  [kworker/78:1H]
     2312       2  78  ffff2040068c1500  ID   0.0        0        0  [kworker/u388:2]
     2313       2 179  ffff2040068c5400  IN   0.0        0        0  [jbd2/dm-0-8]
     2314       2  70  ffff2020050d9500  ID   0.0        0        0  [kworker/R-ext4-]
     2321       2  86  ffff204005b91500  ID   0.0        0        0  [kworker/86:1H]
     2325       2  87  ffff204005b93f00  ID   0.0        0        0  [kworker/87:1H]
     2330       2  92  ffff204005b90000  ID   0.0        0        0  [kworker/92:1H]
     2347       2  78  ffff204005b96900  ID   0.0        0        0  [kworker/78:2]
     2348       2  80  ffff204005b92a00  ID   0.0        0        0  [kworker/80:2]
     2357       2  84  ffff204005b95400  ID   0.0        0        0  [kworker/84:1H]
     2359       2  88  ffff20400c1d2a00  ID   0.0        0        0  [kworker/88:1H]
     2360       2  75  ffff204005631500  ID   0.0        0        0  [kworker/75:1H]
     2361       2  90  ffff204005633f00  ID   0.0        0        0  [kworker/90:1H]
     2362       2  91  ffff204005630000  ID   0.0        0        0  [kworker/91:1H]
     2363       2 135  ffff40400a918000  ID   0.0        0        0  [kworker/135:1H]
     2365       2 134  ffff40400a91e900  ID   0.0        0        0  [kworker/134:1H]
     2366       2 132  ffff40400a91aa00  ID   0.0        0        0  [kworker/132:1H]
     2367       2 179  ffff6040088a2a00  ID   0.0        0        0  [kworker/179:1H]
     2368       2  29  ffff00400c63bf00  ID   0.0        0        0  [kworker/29:1H]
     2370       2  93  ffff204005636900  ID   0.0        0        0  [kworker/93:1H]
     2371       2 131  ffff404007f50000  ID   0.0        0        0  [kworker/131:1H]
     2372       2  89  ffff204005632a00  ID   0.0        0        0  [kworker/89:1H]
     2373       2 129  ffff404007f56900  ID   0.0        0        0  [kworker/129:1H]
     2374       2  85  ffff204005635400  ID   0.0        0        0  [kworker/85:1H]
     2375       2 162  ffff602007489500  ID   0.0        0        0  [kworker/162:1H]
     2376       2  90  ffff20400c20e900  ID   0.0        0        0  [kworker/90:2]
     2391       2  28  ffff00400c7b0000  ID   0.0        0        0  [kworker/28:2]
     2393       2  29  ffff00400c7b6900  ID   0.0        0        0  [kworker/29:2]
     2412       2  32  ffff00400c7b5400  ID   0.0        0        0  [kworker/32:1H]
     2421       2  31  ffff00400c7b1500  ID   0.0        0        0  [kworker/31:2]
     2423       2  24  ffff00400c7b3f00  ID   0.0        0        0  [kworker/24:1H]
     2426       2  25  ffff00400c5ebf00  ID   0.0        0        0  [kworker/25:2]
     2440       1 179  ffff004005a88000  IN   0.0    49452    17448  systemd-journal
     2461       2  41  ffff00400c5ee900  ID   0.0        0        0  [kworker/41:2]
     2469       2  31  ffff00400c5eaa00  ID   0.0        0        0  [kworker/31:3]
     2470       2  13  ffff00203268bf00  ID   0.0        0        0  [kworker/13:2]
     2477       2  21  ffff00203268aa00  ID   0.0        0        0  [kworker/21:2]
     2485       2  20  ffff002032692a00  ID   0.0        0        0  [kworker/20:3]
     2508       1 101  ffff00400f0e1500  IN   0.0    37828    15632  systemd-udevd
     2511       2  22  ffff00203269bf00  ID   0.0        0        0  [kworker/22:2]
     2618       2 164  ffff60200748bf00  ID   0.0        0        0  [kworker/164:1H]
     2627       2 143  ffff404007f52a00  ID   0.0        0        0  [kworker/143:1H]
     2630       2 190  ffff6040088a5400  ID   0.0        0        0  [kworker/190:1H]
     2924       2  37  ffff00400640aa00  ID   0.0        0        0  [kworker/37:3]
     2925       2 158  ffff602007488000  ID   0.0        0        0  [kworker/158:1H]
     2926       2 159  ffff602008aad400  ID   0.0        0        0  [kworker/159:1H]
     2927       2  71  ffff20200b823f00  ID   0.0        0        0  [kworker/71:1H]
     2928       2 157  ffff602008aa9500  ID   0.0        0        0  [kworker/157:1H]
     2931       2 169  ffff6040088a1500  ID   0.0        0        0  [kworker/169:1H]
     2932       2  79  ffff20400c1d5400  ID   0.0        0        0  [kworker/79:1H]
     3339       2 183  ffff60400a396900  ID   0.0        0        0  [kworker/183:1H]
     3382       2 123  ffff40400bfe1500  ID   0.0        0        0  [kworker/123:1H]
     3406       2 182  ffff60400b946900  ID   0.0        0        0  [kworker/182:1H]
     3567       2 163  ffff60200b976900  ID   0.0        0        0  [kworker/163:1H]
     3672       2 165  ffff60200b973f00  ID   0.0        0        0  [kworker/165:1H]
     3698       2 166  ffff60200b979500  ID   0.0        0        0  [kworker/166:1H]
     3704       2 167  ffff60200d0cbf00  ID   0.0        0        0  [kworker/167:1H]
     3822       2 189  ffff60200d0c8000  ID   0.0        0        0  [kworker/R-ipmi-]
     3842       2 170  ffff60400b9be900  ID   0.0        0        0  [kworker/170:1H]
     3857       2 188  ffff60400b9baa00  ID   0.0        0        0  [kworker/188:1H]
     3864       2 184  ffff60400b9bd400  ID   0.0        0        0  [kworker/184:1H]
     3865       2 187  ffff60400b9b9500  ID   0.0        0        0  [kworker/187:1H]
     3889       2 189  ffff60400b9bbf00  ID   0.0        0        0  [kworker/189:1H]
     3932       2 137  ffff4040064daa00  ID   0.0        0        0  [kworker/137:1H]
     3937       2 139  ffff4040064dd400  ID   0.0        0        0  [kworker/139:1H]
     4028       2 141  ffff4040064d8000  ID   0.0        0        0  [kworker/141:1H]
     4029       2 140  ffff40400bfe6900  ID   0.0        0        0  [kworker/140:1H]
     4069       2 138  ffff40400bfe3f00  ID   0.0        0        0  [kworker/138:1H]
     4118       2 186  ffff60400cca9500  ID   0.0        0        0  [kworker/186:1H]
     4119       2 160  ffff60200d0ce900  ID   0.0        0        0  [kworker/160:1H]
     4140       2 142  ffff40400bfe2a00  ID   0.0        0        0  [kworker/142:1H]
     4202       2 161  ffff60200d0caa00  ID   0.0        0        0  [kworker/161:1H]
     4321       2 162  ffff60200d0cd400  ID   0.0        0        0  [kworker/R-ib-co]
     4346       2 150  ffff60200b97aa00  ID   0.0        0        0  [kworker/R-ib-co]
     4364       2 187  ffff60200b97e900  ID   0.0        0        0  [kworker/R-ib_mc]
     4370       2  66  ffff20201cf5e900  ID   0.0        0        0  [kworker/R-ib_nl]
     4625       2 185  ffff60400b9b8000  ID   0.0        0        0  [kworker/185:1H]
     7902       2 141  ffff40400827aa00  ID   0.0        0        0  [kworker/141:2]
     9507       2 129  ffff40400aa83f00  ID   0.0        0        0  [kworker/R-hns_r]
     9508       2 109  ffff40400aa80000  ID   0.0        0        0  [kworker/R-ib_ma]
     9509       2  96  ffff40400aa86900  ID   0.0        0        0  [kworker/R-hns_r]
     9511       2 107  ffff40400aa82a00  ID   0.0        0        0  [kworker/R-ib_ma]
     9520       2 134  ffff40400aa81500  ID   0.0        0        0  [kworker/R-kdmfl]
     9529       2  50  ffff2020194aaa00  ID   0.0        0        0  [kworker/50:2]
     9530       1 120  ffff40201fe8aa00  IN   0.0     5384     2612  rdma-ndd
     9531       2 143  ffff404006211500  ID   0.0        0        0  [kworker/143:2]
     9533       2 133  ffff404006210000  ID   0.0        0        0  [kworker/R-iscsi]
     9535       2 117  ffff402019a8bf00  ID   0.0        0        0  [kworker/117:2]
     9537       2 132  ffff402019a8aa00  ID   0.0        0        0  [kworker/R-iw_cm]
     9538       2 134  ffff402019a8d400  ID   0.0        0        0  [kworker/R-rdma_]
     9545       2 169  ffff6040065b5400  ID   0.0        0        0  [kworker/169:2]
     9548       2 118  ffff402019a8e900  ID   0.0        0        0  [kworker/118:2]
     9549       2 129  ffff402019a89500  ID   0.0        0        0  [kworker/R-targe]
     9550       2 130  ffff402019a88000  ID   0.0        0        0  [kworker/R-targe]
     9551       2 131  ffff402005312a00  ID   0.0        0        0  [kworker/R-xcopy]
     9556       2 170  ffff6040065b0000  ID   0.0        0        0  [kworker/170:2]
     9557       2 132  ffff6040065b2a00  ID   0.0        0        0  [kworker/R-rpcio]
     9558       2 133  ffff6040065b3f00  ID   0.0        0        0  [kworker/R-xprti]
     9559       2 170  ffff6040065b6900  ID   0.0        0        0  [kworker/170:3]
     9564       2 129  ffff6040065b1500  IN   0.0        0        0  [jbd2/sda2-8]
     9565       2 130  ffff604005da5400  ID   0.0        0        0  [kworker/R-ext4-]
     9571       2 109  ffff402005311500  ID   0.0        0        0  [kworker/109:2]
     9580       2 134  ffff404006216900  ID   0.0        0        0  [kworker/134:2]
     9583       2  20  ffff404006215400  IN   0.0        0        0  [jbd2/dm-2-8]
     9584       2 133  ffff404006212a00  ID   0.0        0        0  [kworker/R-ext4-]
     9589       2 110  ffff402017100000  ID   0.0        0        0  [kworker/110:2]
     9592       2 116  ffff402017105400  ID   0.0        0        0  [kworker/116:2]
     9593       2 114  ffff402017106900  ID   0.0        0        0  [kworker/114:2]
     9596       2 111  ffff402017102a00  ID   0.0        0        0  [kworker/111:2]
     9600       2 112  ffff402017103f00  ID   0.0        0        0  [kworker/112:2]
     9601       1 110  ffff402017203f00  IN   0.0    12772     4996  rpcbind
     9602       1  12  ffff40201d50e900  IN   0.0    19376     2516  auditd
     9603       1  98  ffff402008218000  IN   0.0    19376     2516  auditd
     9624       1   0  ffff4040055caa00  IN   0.0     8988     4600  dbus-daemon
     9628       1  19  ffff40400bcee900  IN   0.0     2464     1724  lsmd
     9632       1 106  ffff40400bce8000  IN   0.0   467540    11384  rngd
     9634       1 140  ffff40400bceaa00  IN   0.0    10400     4972  smartd
     9636       1 141  ffff20200acbaa00  IN   0.0    18376     9496  systemd-logind
     9638       2 102  ffff40200b32aa00  ID   0.0        0        0  [kworker/102:2]
     9639       2 103  ffff40200b32d400  ID   0.0        0        0  [kworker/103:2]
     9657       1 180  ffff00204fd10000  IN   0.0    81676     4112  irqbalance
     9666       1  10  ffff00204f48e900  IN   0.0    81676     4112  gmain
     9681       2 100  ffff40200b328000  ID   0.0        0        0  [kworker/100:2]
     9683       1 120  ffff40400bdd6900  IN   0.0    11208     3652  restorecond
     9694       1 179  ffff004005730000  IN   0.0    85684     3588  chronyd
     9695       1   0  ffff40400bded400  IN   0.0   467540    11384  rngd
     9696       1   1  ffff40400bdeaa00  IN   0.0   467540    11384  rngd
     9698       1   2  ffff40400bde8000  IN   0.0   467540    11384  rngd
     9699       1   3  ffff40400bde9500  IN   0.0   467540    11384  rngd
     9701       1 104  ffff4040064de900  IN   0.0   148728    43728  firewalld
>    9703       1 179  ffff40400bcbd400  WA   0.0   350768    21928  NetworkManager
     9704       2 136  ffff40400bcf9500  ID   0.0        0        0  [kworker/136:2]
     9712       1 143  ffff40400bc52a00  IN   0.0   350768    21928  gmain
     9713       1 138  ffff40400bc56900  IN   0.0   350768    21928  pool-spawner
     9714       1 139  ffff40400bc55400  IN   0.0   350768    21928  gdbus
     9722       2 108  ffff402017200000  ID   0.0        0        0  [kworker/108:2]
     9725       1 137  ffff40400bcbaa00  IN   0.0    16288     7960  sshd
     9727       1  44  ffff00400f0e0000  IN   0.0   280588    31988  tuned
     9738       1 103  ffff40201d503f00  IN   0.0     3912     2076  atd
     9747       1 115  ffff40201d500000  IN   0.0    23416     8524  crond
     9767       1 134  ffff00400f0e3f00  IN   0.0    21328     3740  agetty
     9768       1 106  ffff00400f0e5400  IN   0.0    20948     5696  agetty
     9769       2 104  ffff402017201500  ID   0.0        0        0  [kworker/104:2]
     9772       2 104  ffff402017206900  ID   0.0        0        0  [kworker/104:3]
     9773       2 104  ffff402017205400  ID   0.0        0        0  [kworker/104:4]
     9776       2  98  ffff402012008000  ID   0.0        0        0  [kworker/98:2]
     9812       1 108  ffff4020312d6900  IN   0.0   310076     8964  polkitd
     9813       2 129  ffff40400bc9d400  ID   0.0        0        0  [kworker/u390:2]
     9878       1 113  ffff40201dfd0000  IN   0.0   310076     8964  gmain
     9880       1 116  ffff40201dfd3f00  IN   0.0   310076     8964  pool-spawner
     9882       1 117  ffff40201dfd6900  IN   0.0   310076     8964  gdbus
     9984       1 112  ffff402014a99500  IN   0.0   148728    43728  gmain
    10012       1  33  ffff402011f2d400  IN   0.0   280588    31988  tuned
    10013       1  98  ffff604009140000  IN   0.0   280588    31988  tuned
    10014       1 136  ffff40200b322a00  IN   0.0   280588    31988  tuned
    10015       1 107  ffff40201fdf5400  IN   0.0   467540    11384  pool-spawner
    10016       1 108  ffff40201fdf2a00  IN   0.0   467540    11384  gmain
    10024    9703  96  ffff00400f0e2a00  IN   0.0     8936     4836  dhclient
    10025       2 179  ffff40400bc98000  ID   0.0        0        0  [kworker/u384:2]
    10031       2 122  ffff40400bc9e900  ID   0.0        0        0  [kworker/u390:3]
    10033       2 126  ffff40400bc9aa00  ID   0.0        0        0  [kworker/126:2]
    10035       2 107  ffff4020204f8000  ID   0.0        0        0  [kworker/107:2]
    10069       1 130  ffff40400698e900  IN   0.0   172760     7808  rsyslogd
    10135       1 179  ffff40400a698000  IN   0.0   172760     7808  in:imjournal
    10137       1 179  ffff40400bdd5400  IN   0.0   172760     7808  rs:main Q:Reg
    10190       1 180  ffff20200bacbf00  IN   0.0    14864     7456  pmcd
    14699   10190 101  ffff404005d0bf00  IN   0.0    14272     5300  pmdaroot
    14774   14699 179  ffff404006545400  IN   0.0    19352    11104  pmdaproc
    14798   14699 179  ffff404006543f00  IN   0.0    13296     5172  pmdaxfs
    14806   14699 179  ffff404006546900  IN   0.0    38560    30436  pmdalinux
    14825   14699 105  ffff404006542a00  IN   0.0    49896    22160  python3
    14977   14699 179  ffff404006541500  IN   0.0    13352     5188  pmdakvm
    15009   14699 107  ffff404006540000  IN   0.0    15008     5868  pmdadm
    15020   14699 180  ffff40400aa85400  IN   0.0   210800    38188  python3
    16676       1 179  ffff00203467bf00  IN   0.0    14508     6792  pmie
    16738       1 114  ffff4020153a3f00  IN   0.0    13032     4572  pmpause
    16897       1 179  ffff40201fdcbf00  IN   0.0    21308    13132  pmlogger
    20266       2 142  ffff40400aed0000  ID   0.0        0        0  [kworker/142:2]
    20267       2 142  ffff40400aed5400  ID   0.0        0        0  [kworker/142:3]
    31413       2 135  ffff40400aed3f00  ID   0.0        0        0  [kworker/135:2]
    31574       2 118  ffff402011f48000  ID   0.0        0        0  [kworker/118:3]
    41003       1 120  ffff40200b9c8000  IN   0.0    13032     4572  pmpause
    55059    9725 138  ffff40400be86900  IN   0.0    20672     9084  sshd
    55063   55059 179  ffff4040078f0000  IN   0.0    20976     6376  sshd
    55064   55063 141  ffff404012d01500  IN   0.0    25204    13944  bash
    55143   55064 142  ffff40400fca1500  IN   0.0    33504    13520  su
    55144   55143 179  ffff40401311d400  IN   0.0    25704    14428  bash
    55637       1 141  ffff4040112b1500  IN   0.0    22472     3200  arm0102_stage1.
    75194       2  25  ffff004005c0e900  ID   0.0        0        0  [kworker/u386:1]
    78104   55637  49  ffff4020146fbf00  IN   0.0    26536    11844  opendcdiag
    79167       2 179  ffff6040073f1500  ID   0.0        0        0  [kworker/179:2]
    80628       2  49  ffff202009a5bf00  ID   0.0        0        0  [kworker/49:0]
    80629   78104  18  ffff202009a5d400  IN   0.0  1803560     5104  control
    80630   78104  46  ffff202009a5e900  IN   0.0  1803560     5064  control
    80631   78104  63  ffff202009a59500  IN   0.0  1803908     5380  control
    80632   78104  94  ffff4040091f9500  IN   0.0  1803908     5380  control
    80633   78104 119  ffff4040091faa00  IN   0.0  1804204     5676  control
    80634   78104 135  ffff4040091fe900  IN   0.0  1804204     5676  control
    80635   78104 166  ffff4040091fbf00  IN   0.0  1804500     5972  control
    80636   78104 184  ffff4040091fd400  IN   0.0  1730764     5928  control
>   80640   78104   0  ffff00202c93bf00  RU   0.0  1803560     5104  arm0102_kreg_ma
>   80641   78104  24  ffff00400ac2e900  RU   0.0  1803560     5064  arm0102_kreg_ma
>   80642   78104   1  ffff00202c93e900  RU   0.0  1803560     5104  arm0102_kreg_ma
>   80643   78104  25  ffff00400ac2bf00  RU   0.0  1803560     5064  arm0102_kreg_ma
>   80644   78104   2  ffff00202c939500  RU   0.0  1803560     5104  arm0102_kreg_ma
>   80646   78104  26  ffff00400ac2aa00  RU   0.0  1803560     5064  arm0102_kreg_ma
>   80647   78104   3  ffff00202c938000  RU   0.0  1803560     5104  arm0102_kreg_ma
>   80648   78104  48  ffff202012c86900  RU   0.0  1803908     5380  arm0102_kreg_ma
>   80649   78104  27  ffff00400ac28000  RU   0.0  1803560     5064  arm0102_kreg_ma
>   80650   78104  49  ffff202012c82a00  RU   0.0  1803908     5380  arm0102_kreg_ma
>   80651   78104   4  ffff00202b8ee900  RU   0.0  1803560     5104  arm0102_kreg_ma
>   80652   78104  50  ffff202012c81500  RU   0.0  1803908     5380  arm0102_kreg_ma
>   80653   78104   5  ffff00202b8eaa00  RU   0.0  1803560     5104  arm0102_kreg_ma
>   80654   78104  28  ffff004006a9e900  RU   0.0  1803560     5064  arm0102_kreg_ma
>   80655   78104  51  ffff202012c85400  RU   0.0  1803908     5380  arm0102_kreg_ma
>   80656   78104  29  ffff004006a9aa00  RU   0.0  1803560     5064  arm0102_kreg_ma
>   80657   78104  52  ffff202012c80000  RU   0.0  1803908     5380  arm0102_kreg_ma
>   80658   78104   6  ffff00202b8ed400  RU   0.0  1803560     5104  arm0102_kreg_ma
>   80659   78104  30  ffff004005c0d400  RU   0.0  1803560     5064  arm0102_kreg_ma
>   80660   78104  53  ffff202006b08000  RU   0.0  1803908     5380  arm0102_kreg_ma
>   80661   78104   7  ffff00202b8e9500  RU   0.0  1803560     5104  arm0102_kreg_ma
>   80662   78104  31  ffff004005c09500  RU   0.0  1803560     5064  arm0102_kreg_ma
>   80663   78104   8  ffff00202b8ebf00  RU   0.0  1803560     5104  arm0102_kreg_ma
>   80664   78104  54  ffff402006069500  RU   0.0  1803908     5380  arm0102_kreg_ma
>   80665   78104  32  ffff004005c0aa00  RU   0.0  1803560     5064  arm0102_kreg_ma
>   80666   78104   9  ffff00202b8e8000  RU   0.0  1803560     5104  arm0102_kreg_ma
>   80667   78104  72  ffff20400a9b3f00  RU   0.0  1803908     5380  arm0102_kreg_ma
>   80668   78104  55  ffff40200606d400  RU   0.0  1803908     5380  arm0102_kreg_ma
>   80669   78104  10  ffff0020345c2a00  RU   0.0  1803560     5104  arm0102_kreg_ma
>   80670   78104  33  ffff004005c08000  RU   0.0  1803560     5064  arm0102_kreg_ma
>   80671   78104  73  ffff20400a9b2a00  RU   0.0  1803908     5380  arm0102_kreg_ma
>   80672   78104  56  ffff40200606bf00  RU   0.0  1803908     5380  arm0102_kreg_ma
>   80673   78104  11  ffff0020345c5400  RU   0.0  1803560     5104  arm0102_kreg_ma
>   80674   78104  34  ffff004005c0bf00  RU   0.0  1803560     5064  arm0102_kreg_ma
>   80675   78104  74  ffff20400a9b1500  RU   0.0  1803908     5380  arm0102_kreg_ma
>   80677   78104  57  ffff402006068000  RU   0.0  1803908     5380  arm0102_kreg_ma
>   80678   78104  12  ffff0020345c3f00  RU   0.0  1803560     5104  arm0102_kreg_ma
>   80679   78104  35  ffff00401c16aa00  RU   0.0  1803560     5064  arm0102_kreg_ma
>   80680   78104  58  ffff40200606aa00  RU   0.0  1803908     5380  arm0102_kreg_ma
>   80681   78104  75  ffff20400a9b0000  RU   0.0  1803908     5380  arm0102_kreg_ma
>   80682   78104  59  ffff40200606e900  RU   0.0  1803908     5380  arm0102_kreg_ma
>   80684   78104  13  ffff00202bcebf00  RU   0.0  1803560     5104  arm0102_kreg_ma
>   80685   78104  76  ffff20400a9b5400  RU   0.0  1803908     5380  arm0102_kreg_ma
>   80686   78104  36  ffff004011540000  RU   0.0  1803560     5064  arm0102_kreg_ma
>   80687   78104  60  ffff40201fe88000  RU   0.0  1803908     5380  arm0102_kreg_ma
>   80688   78104  77  ffff20400a9b6900  RU   0.0  1803908     5380  arm0102_kreg_ma
>   80689   78104  37  ffff004011543f00  RU   0.0  1803560     5064  arm0102_kreg_ma
>   80690   78104  61  ffff40201fe8bf00  RU   0.0  1803908     5380  arm0102_kreg_ma
>   80691   78104  78  ffff20400c1d1500  RU   0.0  1803908     5380  arm0102_kreg_ma
>   80692   78104  38  ffff004011546900  RU   0.0  1803560     5064  arm0102_kreg_ma
>   80693   78104  14  ffff00202bceaa00  RU   0.0  1803560     5104  arm0102_kreg_ma
>   80694   78104  62  ffff20201afdaa00  RU   0.0  1803908     5380  arm0102_kreg_ma
>   80695   78104  39  ffff004011545400  RU   0.0  1803560     5064  arm0102_kreg_ma
>   80696   78104  79  ffff20400c1d3f00  RU   0.0  1803908     5380  arm0102_kreg_ma
>   80697   78104  15  ffff00202bce8000  RU   0.0  1803560     5104  arm0102_kreg_ma
>   80698   78104  63  ffff20201afde900  RU   0.0  1803908     5380  arm0102_kreg_ma
>   80699   78104  16  ffff00202bcee900  RU   0.0  1803560     5104  arm0102_kreg_ma
>   80700   78104  40  ffff00401ed7bf00  RU   0.0  1803560     5064  arm0102_kreg_ma
>   80701   78104  80  ffff20400c1d0000  RU   0.0  1803908     5380  arm0102_kreg_ma
>   80702   78104  96  ffff40201f81bf00  RU   0.0  1804204     5676  arm0102_kreg_ma
>   80703   78104  64  ffff20201afdbf00  RU   0.0  1803908     5380  arm0102_kreg_ma
>   80704   78104  41  ffff00401ed79500  RU   0.0  1803560     5064  arm0102_kreg_ma
>   80705   78104  81  ffff20400c1d6900  RU   0.0  1803908     5380  arm0102_kreg_ma
>   80706   78104  17  ffff00202f24aa00  RU   0.0  1803560     5104  arm0102_kreg_ma
>   80707   78104  97  ffff40201f819500  RU   0.0  1804204     5676  arm0102_kreg_ma
>   80708   78104  65  ffff20201afd8000  RU   0.0  1803908     5380  arm0102_kreg_ma
>   80709   78104  42  ffff00401ed78000  RU   0.0  1803560     5064  arm0102_kreg_ma
>   80710   78104  82  ffff20400aa91500  RU   0.0  1803908     5380  arm0102_kreg_ma
>   80711   78104  98  ffff40201f81d400  RU   0.0  1804204     5676  arm0102_kreg_ma
>   80712   78104  66  ffff20201afdd400  RU   0.0  1803908     5380  arm0102_kreg_ma
>   80713   78104  18  ffff00202f24d400  RU   0.0  1803560     5104  arm0102_kreg_ma
>   80714   78104  83  ffff20400aa93f00  RU   0.0  1803908     5380  arm0102_kreg_ma
>   80715   78104  43  ffff00401ed7d400  RU   0.0  1803560     5064  arm0102_kreg_ma
>   80716   78104  67  ffff20201afd9500  RU   0.0  1803908     5380  arm0102_kreg_ma
>   80717   78104 120  ffff4040055e0000  RU   0.0  1804204     5676  arm0102_kreg_ma
>   80718   78104  99  ffff40201f818000  RU   0.0  1804204     5676  arm0102_kreg_ma
>   80719   78104  19  ffff00202f248000  RU   0.0  1803560     5104  arm0102_kreg_ma
>   80720   78104  84  ffff20400aa92a00  RU   0.0  1803908     5380  arm0102_kreg_ma
>   80721   78104  44  ffff00401ed7aa00  RU   0.0  1803560     5064  arm0102_kreg_ma
>   80722   78104 121  ffff4040055e6900  RU   0.0  1804204     5676  arm0102_kreg_ma
>   80723   78104  68  ffff202009bd9500  RU   0.0  1803908     5380  arm0102_kreg_ma
>   80725   78104  20  ffff00202e853f00  RU   0.0  1803560     5104  arm0102_kreg_ma
>   80726   78104 100  ffff402017ca6900  RU   0.0  1804204     5676  arm0102_kreg_ma
>   80727   78104  85  ffff20400aa90000  RU   0.0  1803908     5380  arm0102_kreg_ma
>   80728   78104  45  ffff00401ed7e900  RU   0.0  1803560     5064  arm0102_kreg_ma
>   80729   78104 122  ffff4040055e2a00  RU   0.0  1804204     5676  arm0102_kreg_ma
>   80730   78104  69  ffff202009bd8000  RU   0.0  1803908     5380  arm0102_kreg_ma
>   80731   78104  21  ffff00202e850000  RU   0.0  1803560     5104  arm0102_kreg_ma
>   80732   78104 101  ffff402017ca2a00  RU   0.0  1804204     5676  arm0102_kreg_ma
>   80733   78104 123  ffff4040055e5400  RU   0.0  1804204     5676  arm0102_kreg_ma
>   80734   78104  86  ffff20400a889500  RU   0.0  1803908     5380  arm0102_kreg_ma
>   80735   78104  70  ffff202009bdaa00  RU   0.0  1803908     5380  arm0102_kreg_ma
>   80736   78104  22  ffff00202e851500  RU   0.0  1803560     5104  arm0102_kreg_ma
>   80737   78104  46  ffff00401c15aa00  RU   0.0  1803560     5064  arm0102_kreg_ma
>   80738   78104 124  ffff4040055e1500  RU   0.0  1804204     5676  arm0102_kreg_ma
>   80739   78104  71  ffff202009bdd400  RU   0.0  1803908     5380  arm0102_kreg_ma
>   80740   78104  87  ffff20400a88d400  RU   0.0  1803908     5380  arm0102_kreg_ma
>   80741   78104 125  ffff4040055e3f00  RU   0.0  1804204     5676  arm0102_kreg_ma
>   80742   78104  23  ffff00202e852a00  RU   0.0  1803560     5104  arm0102_kreg_ma
>   80743   78104 102  ffff402008246900  RU   0.0  1804204     5676  arm0102_kreg_ma
>   80744   78104  88  ffff20400a888000  RU   0.0  1803908     5380  arm0102_kreg_ma
>   80745   78104 126  ffff40400902d400  RU   0.0  1804204     5676  arm0102_kreg_ma
>   80746   78104  89  ffff20400a88aa00  RU   0.0  1803908     5380  arm0102_kreg_ma
>   80747   78104 103  ffff402008240000  RU   0.0  1804204     5676  arm0102_kreg_ma
>   80748   78104 127  ffff00204fd08000  RU   0.0  1804204     5676  arm0102_kreg_ma
>   80749   78104  90  ffff20400a88e900  RU   0.0  1803908     5380  arm0102_kreg_ma
>   80750   78104 104  ffff402008241500  RU   0.0  1804204     5676  arm0102_kreg_ma
>   80751   78104  91  ffff20400a88bf00  RU   0.0  1803908     5380  arm0102_kreg_ma
>   80752   78104 128  ffff00204fd0e900  RU   0.0  1804204     5676  arm0102_kreg_ma
>   80753   78104 144  ffff6020120aaa00  RU   0.0  1804500     5972  arm0102_kreg_ma
>   80754   78104 105  ffff402008242a00  RU   0.0  1804204     5676  arm0102_kreg_ma
>   80755   78104 129  ffff00204fd0bf00  RU   0.0  1804204     5676  arm0102_kreg_ma
>   80756   78104  92  ffff20400d902a00  RU   0.0  1803908     5380  arm0102_kreg_ma
>   80757   78104 106  ffff402008243f00  RU   0.0  1804204     5676  arm0102_kreg_ma
>   80758   78104 145  ffff6020120a8000  RU   0.0  1804500     5972  arm0102_kreg_ma
>   80759   78104 130  ffff00204fd0aa00  RU   0.0  1804204     5676  arm0102_kreg_ma
>   80760   78104  93  ffff20400d906900  RU   0.0  1803908     5380  arm0102_kreg_ma
>   80761   78104 107  ffff402008245400  RU   0.0  1804204     5676  arm0102_kreg_ma
>   80762   78104 146  ffff6020120ae900  RU   0.0  1804500     5972  arm0102_kreg_ma
>   80763   78104 131  ffff00204fd0d400  RU   0.0  1804204     5676  arm0102_kreg_ma
>   80764   78104  94  ffff20400d905400  RU   0.0  1803908     5380  arm0102_kreg_ma
>   80765   78104 108  ffff4020153a1500  RU   0.0  1804204     5676  arm0102_kreg_ma
>   80766   78104 147  ffff6020120a9500  RU   0.0  1804500     5972  arm0102_kreg_ma
>   80767   78104 132  ffff404012442a00  RU   0.0  1804204     5676  arm0102_kreg_ma
>   80768   78104  95  ffff20400d900000  RU   0.0  1803908     5380  arm0102_kreg_ma
>   80769   78104 109  ffff4020153a0000  RU   0.0  1804204     5676  arm0102_kreg_ma
>   80770   78104 148  ffff602017c0aa00  RU   0.0  1804500     5972  arm0102_kreg_ma
>   80771   78104 133  ffff404012443f00  RU   0.0  1804204     5676  arm0102_kreg_ma
>   80772   78104 110  ffff4020153a2a00  RU   0.0  1804204     5676  arm0102_kreg_ma
>   80774   78104 149  ffff602017c09500  RU   0.0  1804500     5972  arm0102_kreg_ma
>   80775   78104 111  ffff4020153a6900  RU   0.0  1804204     5676  arm0102_kreg_ma
>   80776   78104 134  ffff404012445400  RU   0.0  1804204     5676  arm0102_kreg_ma
>   80777   78104 150  ffff602017c08000  RU   0.0  1804500     5972  arm0102_kreg_ma
>   80778   78104 112  ffff4020312d0000  RU   0.0  1804204     5676  arm0102_kreg_ma
>   80779   78104 135  ffff404012446900  RU   0.0  1804204     5676  arm0102_kreg_ma
>   80780   78104 151  ffff602017c0e900  RU   0.0  1804500     5972  arm0102_kreg_ma
>   80781   78104 136  ffff404012441500  RU   0.0  1804204     5676  arm0102_kreg_ma
>   80782   78104 152  ffff602017c0d400  RU   0.0  1804500     5972  arm0102_kreg_ma
>   80783   78104 137  ffff404012440000  RU   0.0  1804204     5676  arm0102_kreg_ma
>   80784   78104 153  ffff602017c0bf00  RU   0.0  1804500     5972  arm0102_kreg_ma
>   80785   78104 138  ffff40400bced400  RU   0.0  1804204     5676  arm0102_kreg_ma
>   80786   78104 113  ffff4020312d2a00  RU   0.0  1804204     5676  arm0102_kreg_ma
>   80787   78104 139  ffff40400bce9500  RU   0.0  1804204     5676  arm0102_kreg_ma
>   80788   78104 154  ffff6020062f6900  RU   0.0  1804500     5972  arm0102_kreg_ma
>   80789   78104 114  ffff4020312d3f00  RU   0.0  1804204     5676  arm0102_kreg_ma
>   80790   78104 140  ffff40400bcebf00  RU   0.0  1804204     5676  arm0102_kreg_ma
>   80791   78104 115  ffff4020312d5400  RU   0.0  1804204     5676  arm0102_kreg_ma
>   80792   78104 141  ffff4040055dbf00  RU   0.0  1804204     5676  arm0102_kreg_ma
>   80793   78104 155  ffff6020062f0000  RU   0.0  1804500     5972  arm0102_kreg_ma
>   80794   78104 116  ffff4020312d1500  RU   0.0  1804204     5676  arm0102_kreg_ma
>   80795   78104 142  ffff404004e7d400  RU   0.0  1804204     5676  arm0102_kreg_ma
>   80796   78104 156  ffff6020062f1500  RU   0.0  1804500     5972  arm0102_kreg_ma
>   80797   78104 168  ffff604012e09500  RU   0.0  1730764     5928  arm0102_kreg_ma
>   80798   78104 143  ffff404004e7bf00  RU   0.0  1804204     5676  arm0102_kreg_ma
>   80799   78104 157  ffff6020062f3f00  RU   0.0  1804500     5972  arm0102_kreg_ma
>   80800   78104 117  ffff40200b33aa00  RU   0.0  1804204     5676  arm0102_kreg_ma
>   80801   78104 169  ffff604012e0aa00  RU   0.0  1730764     5928  arm0102_kreg_ma
>   80802   78104 118  ffff40200b339500  RU   0.0  1804204     5676  arm0102_kreg_ma
>   80803   78104 158  ffff602012013f00  RU   0.0  1804500     5972  arm0102_kreg_ma
>   80804   78104 170  ffff604012e0e900  RU   0.0  1730764     5928  arm0102_kreg_ma
>   80805   78104 119  ffff40200b338000  RU   0.0  1804204     5676  arm0102_kreg_ma
>   80806   78104 171  ffff604012e0d400  RU   0.0  1730764     5928  arm0102_kreg_ma
>   80807   78104 159  ffff602012015400  RU   0.0  1804500     5972  arm0102_kreg_ma
>   80808   78104 172  ffff604012e08000  RU   0.0  1730764     5928  arm0102_kreg_ma
>   80809   78104 160  ffff602012011500  RU   0.0  1804500     5972  arm0102_kreg_ma
>   80810   78104 173  ffff604012e0bf00  RU   0.0  1730764     5928  arm0102_kreg_ma
>   80811   78104 161  ffff602012016900  RU   0.0  1804500     5972  arm0102_kreg_ma
>   80812   78104 174  ffff604011a8aa00  RU   0.0  1730764     5928  arm0102_kreg_ma
>   80813   78104 162  ffff602012012a00  RU   0.0  1804500     5972  arm0102_kreg_ma
>   80814   78104 175  ffff604011a88000  RU   0.0  1730764     5928  arm0102_kreg_ma
>   80815   78104 163  ffff602012010000  RU   0.0  1804500     5972  arm0102_kreg_ma
>   80816   78104 176  ffff6040140b8000  RU   0.0  1730764     5928  arm0102_kreg_ma
>   80817   78104 164  ffff2020082f2a00  RU   0.0  1804500     5972  arm0102_kreg_ma
>   80818   78104 177  ffff6040140b9500  RU   0.0  1730764     5928  arm0102_kreg_ma
>   80819   78104 165  ffff2020082f6900  RU   0.0  1804500     5972  arm0102_kreg_ma
>   80820   78104 178  ffff6040140baa00  RU   0.0  1730764     5928  arm0102_kreg_ma
>   80821   78104 166  ffff2020082f3f00  RU   0.0  1804500     5972  arm0102_kreg_ma
>   80822   78104 180  ffff6040140be900  RU   0.0  1730764     5928  arm0102_kreg_ma
>   80823   78104 167  ffff2020082f5400  RU   0.0  1804500     5972  arm0102_kreg_ma
>   80824   78104 181  ffff6040140bbf00  RU   0.0  1730764     5928  arm0102_kreg_ma
>   80825   78104 182  ffff604008175400  RU   0.0  1730764     5928  arm0102_kreg_ma
>   80826   78104 183  ffff604008170000  RU   0.0  1730764     5928  arm0102_kreg_ma
>   80827   78104 184  ffff604008176900  RU   0.0  1730764     5928  arm0102_kreg_ma
>   80828   78104 185  ffff604008171500  RU   0.0  1730764     5928  arm0102_kreg_ma
>   80829   78104 186  ffff604008172a00  RU   0.0  1730764     5928  arm0102_kreg_ma
>   80830   78104 187  ffff604008173f00  RU   0.0  1730764     5928  arm0102_kreg_ma
>   80831   78104 188  ffff60400a310000  RU   0.0  1730764     5928  arm0102_kreg_ma
>   80832   78104 189  ffff60400a313f00  RU   0.0  1730764     5928  arm0102_kreg_ma
>   80833   78104 190  ffff60400a311500  RU   0.0  1730764     5928  arm0102_kreg_ma
>   80834   78104 191  ffff60400a315400  RU   0.0  1730764     5928  arm0102_kreg_ma
>   80835   78104  47  ffff00401c786900  RU   0.0  1803560     5064  arm0102_kreg_ma
crash> quit
